record_id,city,state,zone_type,date,year,month,day_of_week,season,population,aqi,pm2_5,pm10,no2,so2,co,o3,nh3,temperature_c,humidity_pct,wind_speed_kmh,rainfall_mm,num_vehicles,num_industries,green_cover_pct,monitoring_stations,hospital_admissions,respiratory_cases,cardiovascular_cases,aqi_category,health_risk_score,data_source,data_quality_flag
1,Meerut,Uttar Pradesh,Industrial,2022-04-25,2022,4,Monday,Summer,1309023,190.9,70.06,151.71,92.88,79.1,1.94,74.85,2.46,29.0,64.6,19.0,3.6,380245,1724,5.3,8,85,49,23,,,Satellite,Manual Entry
2,Bangalore,Karnataka,IT Hub,2022-08-09,2022,8,Tuesday,Monsoon,8443675,102.1,59.93,64.77,15.15,9.19,9.59,98.48,40.55,26.7,35.4,17.8,2.5,2312274,14726,33.2,4,284,187,67,,,Satellite,Verified
3,Ranchi,Jharkhand,Industrial,2022-08-27,2022,8,Saturday,Monsoon,1073440,124.5,54.27,103.76,20.92,23.73,7.66,111.24,34.49,22.2,85.6,15.7,0,277574,971,18.0,4,44,26,8,,,CPCB,Manual Entry
4,Nagpur,Maharashtra,Commercial,2022-10-02,2022,10,Sunday,Post-Monsoon,2405665,145.5,46.53,125.87,86.87,70.61,4.3,84.9,44.35,25.2,51.3,18.3,6.1,653441,3898,44.9,7,143,82,29,,,CPCB,Verified
4,Nagpur,Maharashtra,Commercial,2022-10-02,2022,10,Sunday,Post-Monsoon,2405665,145.5,46.53,125.87,86.87,70.61,4.3,84.9,44.35,25.2,51.3,18.3,6.1,653441,3898,44.9,7,143,82,29,,,CPCB,Verified
5,Ludhiana,Punjab,Industrial,2022-07-02,2022,7,Saturday,Monsoon,1618879,950.3,69.67,83.57,59.09,51.09,5.9,45.86,19.32,,100,23.9,0,456233,1995,37.3,10,77,39,22,,,CPCB,Verified
6,Amritsar,Punjab,Tourist,2023-05-13,2023,5,Saturday,Summer,1132761,210.4,96.73,115.76,90.83,83.62,3.18,88.6,30.72,7.8,100,8.9,1.2,341189,1244,23.1,10,106,54,30,,,Satellite,Verified
7,Coimbatore,Tamil Nadu,Industrial,2023-07-22,2023,7,Saturday,Monsoon,1061447,34.4,12.7,20.24,13.36,39.25,2.86,137.7,43.12,33.3,66.4,-2.4,0,214935,2020,37.3,9,19,10,5,,,Satellite,Auto
8,Patna,Bihar,Administrative,2023-04-24,2023,4,Monday,Summer,1684222,156.2,77.5,118.51,18.33,65.58,13.32,34.2,10.39,26.0,49.3,11.3,2.8,553540,1032,31.1,20,100,65,16,,,CPCB,Unverified
9,Hyderabad,Telangana,IT Hub,2023-02-21,2023,2,Tuesday,Winter,6809970,260.4,116.07,152.48,75.76,13.16,8.39,148.09,13.99,29.9,38.5,1.3,5.7,2378190,9082,43.7,21,566,252,110,,,CPCB,Manual Entry
10,Delhi,Delhi,Urban,2022-02-21,2022,2,Monday,Winter,16787941,103.4,57.47,58.21,161.96,15.41,4.47,97.35,34.09,23.2,60.9,15.0,3.3,4718557,23991,42.4,9,1265,727,288,,,Satellite,Unverified
11,Jaipur,Rajasthan,Tourist,2023-02-10,2023,2,Friday,Winter,3046163,145.2,49.25,110.07,84.41,104.55,19.7,21.21,31.44,24.6,56.5,5.1,0,616901,3117,22.5,20,167,79,32,,,CPCB,Manual Entry
12,Srinagar,Jammu & Kashmir,Tourist,2023-11-11,2023,11,Saturday,Winter,1180570,307.7,116.72,263.34,128.33,23.32,6.42,47.38,17.8,37.9,45.0,1.1,0,394767,680,18.3,7,118,76,18,,,Satellite,Unverified
13,Amritsar,Punjab,Tourist,2023-03-29,2023,3,Wednesday,Summer,1132761,141.4,65.84,94.91,12.17,11.71,14.64,137.51,27.73,33.4,37.2,13.9,2.7,263258,2093,13.4,10,43,28,12,,,Satellite,Auto
14,Agra,Uttar Pradesh,Tourist,2022-06-08,2022,6,Wednesday,Monsoon,1585704,124.6,43.45,102.15,22.11,26.94,2.33,140.18,39.34,25.4,34.7,16.7,3.9,328341,2460,13.0,17,46,18,10,,,State PCB,Unverified
15,Mumbai,Maharashtra,Industrial,2023-11-07,2023,11,Tuesday,Winter,12478447,124.1,44.42,78.34,147.11,108.52,6.37,103.39,20.58,37.8,57.1,14.8,0.3,4304666,9581,22.4,13,1336,640,222,,,CPCB,Auto
16,Jodhpur,Rajasthan,Tourist,2023-08-14,2023,8,Monday,Monsoon,1137815,102.1,43.97,72.26,74.04,42.39,10.6,115.81,10.65,30.2,15.7,18.1,23.4,333124,781,18.0,25,68,37,17,,,State PCB,Unverified
17,Patna,Bihar,Administrative,2023-11-12,2023,11,Sunday,Winter,1684222,130.6,76.04,100.71,153.03,71.63,6.81,91.23,1.02,26.1,80.6,4.3,0,436294,1959,36.8,8,138,74,39,,,Satellite,Manual Entry
18,Chennai,Tamil Nadu,Coastal,2022-08-29,2022,8,Monday,Monsoon,7088000,83.8,30.14,42.71,27.7,30.48,9.62,29.47,21.31,23.0,51.0,9.1,0,1569831,10519,9.3,16,150,93,39,,,Ground Sensor,Verified
19,Vadodara,Gujarat,Industrial,2022-09-13,2022,9,Tuesday,Monsoon,1670806,52.0,29.93,28.54,18.5,29.89,6.15,92.66,16.55,28.3,38.4,17.0,0,421955,3108,23.0,10,40,17,11,,,Satellite,Auto
20,Meerut,Uttar Pradesh,Industrial,2022-09-02,2022,9,Friday,Monsoon,1309023,94.9,36.62,57.79,33.88,34.13,1.88,50.06,35.0,31.2,58.0,9.9,0,328148,1060,32.8,21,41,27,9,,,CPCB,Manual Entry
21,Lucknow,Uttar Pradesh,Administrative,2023-02-04,2023,2,Saturday,Winter,2815601,234.8,130.57,206.97,78.53,85.49,11.79,98.42,11.81,29.6,81.0,17.3,1.7,831880,3115,29.9,3,230,124,38,,,CPCB,Verified
22,Meerut,Uttar Pradesh,Industrial,2023-03-15,2023,3,Wednesday,Summer,1309023,187.3,59.02,122.06,36.61,32.46,12.69,69.29,37.85,34.7,67.5,8.0,1.7,355663,2617,31.1,3,52,30,13,,,State PCB,Verified
23,Agra,Uttar Pradesh,Tourist,2022-06-06,2022,6,Monday,Monsoon,1585704,101.5,37.72,69.99,16.94,57.06,5.43,53.31,19.08,11.8,28.2,9.9,0,329573,1532,41.3,15,54,36,12,,,State PCB,Verified
24,Coimbatore,Tamil Nadu,Industrial,2023-12-09,2023,12,Saturday,Winter,1061447,209.9,106.85,130.24,119.38,91.58,16.86,93.57,3.01,22.8,31.2,10.2,6.2,193343,1199,40.7,17,107,56,21,,,Ground Sensor,Unverified
25,Amritsar,Punjab,Tourist,2023-06-19,2023,6,Monday,Monsoon,1132761,122.5,72.24,74.49,74.18,34.02,5.63,76.62,36.82,26.2,98.8,13.2,0,373672,980,6.1,13,67,39,13,,,State PCB,Manual Entry
26,Faridabad,Haryana,Industrial,2022-09-22,2022,9,Thursday,Monsoon,1394000,51.8,26.44,31.63,8.34,57.08,1.31,113.61,24.94,41.9,61.6,2.8,0,438829,891,28.3,18,31,18,6,,,Satellite,Auto
27,Amritsar,Punjab,Tourist,2023-07-18,2023,7,Tuesday,Monsoon,1132761,59.5,23.74,46.45,29.85,17.89,1.69,45.04,6.86,14.8,52.4,13.7,14.6,297138,1797,9.0,9,32,17,6,,,Satellite,Unverified
28,Lucknow,Uttar Pradesh,Administrative,2022-01-15,2022,1,Saturday,Winter,2815601,171.6,53.81,89.52,58.99,106.13,13.65,117.86,6.03,24.0,76.3,12.4,0,968945,2474,24.7,21,209,90,33,,,CPCB,Unverified
29,Bangalore,Karnataka,IT Hub,2023-07-31,2023,7,Monday,Monsoon,8443675,102.5,59.95,54.75,27.98,35.14,4.9,97.5,31.3,29.3,40.7,16.2,0,2364645,9653,9.0,9,360,150,105,,,Satellite,Verified
30,Hyderabad,Telangana,IT Hub,2022-09-03,2022,9,Saturday,Monsoon,6809970,105.0,31.59,71.43,56.49,20.13,2.89,111.9,35.45,30.8,30.8,14.6,28.5,1949421,10158,30.9,11,289,152,66,,,CPCB,Verified
31,Hyderabad,Telangana,IT Hub,2022-11-11,2022,11,Friday,Winter,6809970,119.6,57.24,99.25,155.86,53.11,10.21,59.53,20.72,26.6,84.7,4.5,3.1,2255474,10908,32.0,21,602,245,110,,,CPCB,Manual Entry
32,Coimbatore,Tamil Nadu,Industrial,2022-02-11,2022,2,Friday,Winter,1061447,185.9,84.73,125.86,56.84,111.68,9.55,125.85,48.48,23.1,39.9,13.2,0.2,220080,1186,35.4,4,81,48,17,,,Satellite,Manual Entry
33,Surat,Gujarat,Industrial,2022-04-29,2022,4,Friday,Summer,4467797,,,111.59,73.27,87.02,11.04,90.54,21.25,30.9,77.5,12.3,0,1381435,3598,32.9,6,380,257,81,,,State PCB,Unverified
34,Lucknow,Uttar Pradesh,Administrative,2023-07-19,2023,7,Wednesday,Monsoon,2815601,139.6,51.28,116.77,16.86,57.02,7.42,40.02,46.7,28.7,51.9,21.1,0,732837,3336,34.9,7,90,41,21,,,Satellite,Auto
35,Surat,Gujarat,Industrial,2023-06-04,2023,6,Sunday,Monsoon,4467797,897.1,46.18,60.86,67.4,50.86,6.68,105.79,43.4,19.3,67.6,7.0,27.1,1090704,8485,20.3,16,269,186,49,,,Ground Sensor,Auto
36,Varanasi,Uttar Pradesh,Tourist,2023-10-30,2023,10,Monday,Post-Monsoon,1198491,232.6,72.37,163.05,89.9,84.27,15.81,77.24,26.77,26.9,29.1,14.6,0,247178,1443,31.0,13,112,56,28,,,Ground Sensor,Manual Entry
37,Meerut,Uttar Pradesh,Industrial,2023-05-15,2023,5,Monday,Summer,1309023,190.3,106.89,97.88,19.28,57.57,15.24,149.67,37.59,24.7,63.7,3.9,0,334357,2017,16.7,14,98,40,26,,,State PCB,Auto
38,Coimbatore,Tamil Nadu,Industrial,2023-11-30,2023,11,Thursday,Winter,1061447,194.4,62.93,164.92,109.44,32.29,19.23,38.61,23.6,23.3,59.6,16.6,8.2,353680,1609,28.5,23,60,31,12,,,Satellite,Auto
39,Ranchi,Jharkhand,Industrial,2022-11-06,2022,11,Sunday,Winter,1073440,190.2,68.43,124.37,88.41,31.91,12.31,94.73,49.64,21.8,100,9.4,0,296492,1640,24.9,12,75,31,18,,,State PCB,Manual Entry
40,Ahmedabad,Gujarat,Industrial,2023-10-14,2023,10,Saturday,Post-Monsoon,5570585,174.4,91.86,140.75,101.87,18.31,2.29,101.57,2.93,33.7,61.3,10.5,0,1864122,5515,40.1,14,398,183,106,,,Satellite,Unverified
41,Jaipur,Rajasthan,Tourist,2023-05-09,2023,5,Tuesday,Summer,3046163,167.1,98.63,103.28,116.32,71.85,8.02,29.79,37.95,29.8,89.7,9.2,0,986276,4069,9.9,14,228,118,43,,,Satellite,Auto
42,Ghaziabad,Uttar Pradesh,Industrial,2023-10-16,2023,10,Monday,Post-Monsoon,1636068,185.4,68.63,94.56,128.72,56.53,16.53,48.78,4.1,26.6,79.6,0.2,0,333368,3140,40.5,7,120,65,19,,,Satellite,Auto
43,Coimbatore,Tamil Nadu,Industrial,2022-06-08,2022,6,Wednesday,Monsoon,1061447,137.5,77.78,104.78,76.28,38.38,10.59,56.37,34.82,29.8,81.2,12.5,19.2,368064,1115,16.0,6,81,48,12,,,Ground Sensor,Verified
44,Varanasi,Uttar Pradesh,Tourist,2022-08-06,2022,8,Saturday,Monsoon,1198491,62.5,19.15,50.92,27.59,10.83,6.51,28.92,38.49,19.6,63.7,16.0,14.1,245791,2218,10.2,11,17,11,2,,,CPCB,Verified
45,Bangalore,Karnataka,IT Hub,2022-01-16,2022,1,Sunday,Winter,8443675,131.8,53.71,107.47,104.68,8.66,6.09,36.48,21.63,30.2,64.7,6.6,2.2,2372024,9946,41.4,24,420,245,108,,,Ground Sensor,Verified
46,Delhi,Delhi,Urban,2023-05-06,2023,5,Saturday,Summer,16787941,179.6,59.7,140.98,64.67,79.69,5.69,39.28,7.18,21.1,41.2,6.4,0.1,4726755,15820,9.6,23,1046,553,281,,,State PCB,Auto
47,Indore,Madhya Pradesh,Commercial,2022-08-22,2022,8,Monday,Monsoon,1994397,58.2,24.7,48.4,40.4,44.79,3.77,60.63,13.49,39.7,51.2,9.4,6.1,387934,2289,7.4,20,72,36,12,,,CPCB,Auto
48,Kanpur,Uttar Pradesh,Industrial,2023-11-13,2023,11,Monday,Winter,2920496,257.3,147.87,133.94,58.29,39.81,2.8,85.96,8.58,25.0,21.5,13.3,0,582728,2680,35.7,22,225,118,52,,,CPCB,Manual Entry
49,Mumbai,Maharashtra,Industrial,2022-07-04,2022,7,Monday,Monsoon,12478447,140.0,53.48,112.71,83.53,23.5,2.35,38.62,33.21,39.9,73.9,14.6,3.8,3371452,13280,18.0,21,655,292,128,,,CPCB,Unverified
50,Hyderabad,Telangana,IT Hub,2023-09-25,2023,9,Monday,Monsoon,6809970,113.7,49.22,76.13,57.58,27.05,2.72,86.61,17.91,29.0,83.1,17.8,0,1582850,5657,42.8,7,372,154,67,,,Satellite,Manual Entry
51,Kolkata,West Bengal,Urban,2022-01-08,2022,1,Saturday,Winter,4496694,130.0,58.38,87.37,33.89,62.92,5.37,92.63,33.73,23.1,76.0,11.7,0,1160858,2773,30.6,12,198,104,41,,,CPCB,Manual Entry
52,Hyderabad,Telangana,IT Hub,2023-09-25,2023,9,Monday,Monsoon,6809970,36.4,14.86,24.54,16.23,28.26,4.73,30.22,43.66,31.0,59.6,7.8,6.1,1958875,8825,43.3,23,100,63,20,,,State PCB,Verified
53,Bangalore,Karnataka,IT Hub,2022-09-20,2022,9,Tuesday,Monsoon,8443675,81.3,29.21,60.26,70.22,40.62,2.3,120.47,25.21,28.4,26.2,0.9,15.7,2330146,12268,11.0,5,383,252,93,,,Satellite,Manual Entry
54,Coimbatore,Tamil Nadu,Industrial,2022-02-27,2022,2,Sunday,Winter,1061447,163.9,71.89,84.43,70.79,37.14,13.79,147.06,5.42,30.5,43.6,8.7,0,324395,596,29.2,19,76,43,13,,,CPCB,Auto
55,Kolkata,West Bengal,Urban,2022-12-18,2022,12,Sunday,Winter,4496694,89.5,53.24,47.78,113.5,11.11,15.06,148.83,26.68,22.1,47.9,17.2,0,1401435,6827,18.2,20,213,125,42,,,Satellite,Manual Entry
56,Amritsar,Punjab,Tourist,2023-11-04,2023,11,Saturday,Winter,1132761,284.0,98.02,151.27,116.2,103.26,7.0,105.29,33.44,25.6,81.7,-2.3,5.4,327814,1124,44.9,19,92,56,26,,,Satellite,Verified
57,Kanpur,Uttar Pradesh,Industrial,2022-11-13,2022,11,Sunday,Winter,2920496,232.0,82.15,135.88,159.94,58.06,5.3,37.88,4.78,30.1,52.3,13.5,0,964423,1625,20.1,8,261,164,44,,,State PCB,Auto
58,Delhi,Delhi,Urban,2023-02-25,2023,2,Saturday,Winter,16787941,101.2,59.8,75.32,129.87,89.3,5.45,51.09,48.31,37.6,69.3,0.7,3.1,4649777,19489,21.7,8,1605,1016,361,,,State PCB,Manual Entry
59,Delhi,Delhi,Urban,2023-10-19,2023,10,Thursday,Post-Monsoon,16787941,249.3,110.74,161.68,135.33,70.03,9.58,36.21,5.11,32.7,78.5,0.7,0.4,3283575,31322,21.6,15,2006,1334,580,,,State PCB,Auto
60,Chennai,Tamil Nadu,Coastal,2023-01-19,2023,1,Thursday,Winter,7088000,192.7,63.55,151.48,65.63,22.34,1.48,139.26,24.15,34.9,76.5,3.2,0,2367362,3746,29.4,16,319,141,92,,,Satellite,Unverified
61,Lucknow,Uttar Pradesh,Administrative,2022-05-05,2022,5,Thursday,Summer,2815601,159.1,50.02,106.29,107.06,43.21,2.32,137.67,30.24,,62.5,12.2,3.2,712264,4004,8.4,14,157,82,39,,,CPCB,Auto
62,Ranchi,Jharkhand,Industrial,2023-04-27,2023,4,Thursday,Summer,1073440,200.6,82.65,160.28,54.21,11.07,4.4,105.42,6.08,30.1,30.7,7.0,3.5,254998,1571,24.1,8,67,40,19,,,CPCB,Auto
63,Delhi,Delhi,Urban,2022-10-28,2022,10,Friday,Post-Monsoon,16787941,201.7,72.72,164.7,128.92,34.4,6.0,71.77,40.95,25.8,60.9,9.0,0,5482329,9597,22.5,15,1413,681,381,,,Ground Sensor,Manual Entry
64,Hyderabad,Telangana,IT Hub,2023-05-24,2023,5,Wednesday,Summer,6809970,122.4,65.99,74.25,21.0,40.52,7.42,149.36,9.84,20.8,57.5,14.7,0,1742029,10735,34.1,14,245,130,53,,,Ground Sensor,Manual Entry
65,Meerut,Uttar Pradesh,Industrial,2022-02-28,2022,2,Monday,Winter,1309023,238.9,77.05,180.37,69.95,91.12,14.49,143.86,8.0,17.1,38.2,14.2,1.3,408870,1373,32.2,14,90,51,21,,,CPCB,Unverified
65,Meerut,Uttar Pradesh,Industrial,2022-02-28,2022,2,Monday,Winter,1309023,238.9,77.05,180.37,69.95,91.12,14.49,143.86,8.0,17.1,38.2,14.2,1.3,408870,1373,32.2,14,90,51,21,,,CPCB,Unverified
66,Faridabad,Haryana,Industrial,2023-11-30,2023,11,Thursday,Winter,1394000,180.6,106.58,161.53,116.85,81.5,11.86,57.75,15.7,34.9,86.3,10.9,0,336586,1165,24.8,14,169,107,31,,,Satellite,Auto
67,Faridabad,Haryana,Industrial,2023-07-19,2023,7,Wednesday,Monsoon,1394000,156.2,49.95,103.0,66.65,30.67,4.84,73.23,29.17,40.1,72.3,15.7,20.0,373523,965,35.7,7,78,44,18,,,CPCB,Verified
68,Visakhapatnam,Andhra Pradesh,Coastal,2022-06-06,2022,6,Monday,Monsoon,1728128,118.3,46.27,66.79,84.62,16.43,10.68,87.46,14.92,32.7,66.3,16.6,1.7,494683,2456,28.2,8,69,40,16,,,Satellite,Verified
69,Ghaziabad,Uttar Pradesh,Industrial,2022-01-30,2022,1,Sunday,Winter,1636068,345.7,183.66,209.43,46.46,67.07,13.25,23.94,44.56,37.5,32.5,9.6,0.0,519041,1814,21.6,17,169,102,29,,,State PCB,Manual Entry
70,Ranchi,Jharkhand,Industrial,2022-11-23,2022,11,Wednesday,Winter,1073440,236.6,123.12,199.8,164.21,20.73,8.22,93.01,16.64,21.8,63.3,12.0,2.8,246178,1155,11.4,13,122,57,34,,,Satellite,Unverified
71,Ludhiana,Punjab,Industrial,2022-06-13,2022,6,Monday,Monsoon,1618879,47.9,21.54,29.86,9.41,56.92,5.87,145.67,11.54,28.1,56.1,13.5,0,471456,1952,40.3,14,39,25,8,,,Satellite,Verified
72,Nagpur,Maharashtra,Commercial,2022-02-22,2022,2,Tuesday,Winter,2405665,187.1,88.14,108.12,99.2,14.72,10.94,119.37,14.71,40.1,57.9,24.0,8.4,594111,4071,13.0,19,158,107,41,,,CPCB,Verified
72,Nagpur,Maharashtra,Commercial,2022-02-22,2022,2,Tuesday,Winter,2405665,187.1,88.14,108.12,99.2,14.72,10.94,119.37,14.71,40.1,57.9,24.0,8.4,594111,4071,13.0,19,158,107,41,,,CPCB,Verified
73,Coimbatore,Tamil Nadu,Industrial,2022-11-12,2022,11,Saturday,Winter,1061447,131.1,70.67,103.59,119.96,9.8,10.33,145.72,39.36,29.7,34.1,10.6,0,221828,1532,32.2,4,78,50,13,,,CPCB,Unverified
74,Mumbai,Maharashtra,Industrial,2023-03-28,2023,3,Tuesday,Summer,12478447,129.5,65.67,86.0,104.77,81.44,14.47,115.66,4.05,32.2,68.8,15.1,0,3360834,12111,19.2,24,818,551,164,,,Satellite,Auto
75,Pune,Maharashtra,Industrial,2022-09-10,2022,9,Saturday,Monsoon,3124458,151.6,58.19,93.93,85.17,59.0,8.76,111.64,34.82,18.9,61.6,1.0,0,945720,2911,20.8,14,205,115,58,,,State PCB,Manual Entry
76,Delhi,Delhi,Urban,2022-10-22,2022,10,Saturday,Post-Monsoon,16787941,181.7,104.9,138.55,110.65,25.26,15.01,55.25,28.54,27.1,58.7,14.9,0.8,3166711,31188,18.2,18,1229,577,202,,,State PCB,Verified
77,Vadodara,Gujarat,Industrial,2022-06-11,2022,6,Saturday,Monsoon,1670806,67.0,28.3,58.6,79.97,30.61,2.54,145.31,16.74,17.4,25.3,18.6,15.4,452748,2647,40.3,8,87,58,15,,,CPCB,Auto
78,Faridabad,Haryana,Industrial,2023-05-23,2023,5,Tuesday,Summer,1394000,182.2,102.33,112.19,15.53,30.12,10.16,140.7,17.42,40.3,32.5,14.4,0,282722,1751,34.2,23,67,43,13,,,State PCB,Verified
79,Amritsar,Punjab,Tourist,2022-12-12,2022,12,Monday,Winter,1132761,157.4,84.57,114.46,130.62,25.43,18.08,136.62,41.52,24.6,59.2,10.1,0,230974,1116,35.2,13,81,38,15,,,CPCB,Manual Entry
80,Meerut,Uttar Pradesh,Industrial,2023-01-04,2023,1,Wednesday,Winter,1309023,172.3,57.8,107.29,76.43,59.76,18.87,111.46,16.24,25.3,93.0,21.0,0,284387,916,21.6,20,66,41,15,,,State PCB,Unverified
81,Varanasi,Uttar Pradesh,Tourist,2023-09-03,2023,9,Sunday,Monsoon,1198491,152.2,85.53,81.08,44.36,43.34,1.22,93.34,4.03,18.9,53.0,8.9,1.2,282580,1534,8.6,19,57,26,13,,,CPCB,Auto
82,Bangalore,Karnataka,IT Hub,2023-06-10,2023,6,Saturday,Monsoon,8443675,51.7,24.17,39.75,32.92,4.97,3.14,20.39,11.68,33.2,78.8,14.8,0,1606353,15547,12.2,7,224,121,43,,,Ground Sensor,Manual Entry
83,Jodhpur,Rajasthan,Tourist,2023-01-27,2023,1,Friday,Winter,1137815,90.5,39.34,78.46,72.13,15.43,20.27,133.69,7.52,30.6,52.3,18.0,0.8,229439,2239,23.5,20,56,35,16,,,Ground Sensor,Unverified
84,Ahmedabad,Gujarat,Industrial,2023-04-17,2023,4,Monday,Summer,5570585,115.4,67.07,91.17,24.65,72.28,7.24,119.59,44.3,33.3,73.5,12.4,1.8,1568807,8661,14.4,9,223,138,46,,,CPCB,Unverified
85,Visakhapatnam,Andhra Pradesh,Coastal,2022-10-24,2022,10,Monday,Post-Monsoon,1728128,166.2,61.54,144.04,88.05,57.97,14.04,126.39,12.61,44.6,19.1,5.9,0.4,391898,2307,32.2,20,118,73,20,,,Satellite,Auto
86,Faridabad,Haryana,Industrial,2023-06-22,2023,6,Thursday,Monsoon,1394000,79.6,27.44,51.78,69.74,30.39,9.61,59.1,35.67,35.5,75.2,-2.1,0,382985,977,41.9,14,48,22,11,,,State PCB,Verified
87,Jaipur,Rajasthan,Tourist,2023-01-22,2023,1,Sunday,Winter,3046163,104.9,52.67,77.75,148.54,26.76,16.16,114.16,28.38,12.0,65.2,4.5,9.7,556249,5805,24.2,10,276,120,82,,,State PCB,Auto
88,Srinagar,Jammu & Kashmir,Tourist,2022-09-03,2022,9,Saturday,Monsoon,1180570,30.0,12.42,21.39,37.14,18.46,5.95,84.65,5.83,23.6,82.4,11.2,22.8,286901,1323,15.4,21,25,11,4,,,Ground Sensor,Manual Entry
88,Srinagar,Jammu & Kashmir,Tourist,2022-09-03,2022,9,Saturday,Monsoon,1180570,30.0,12.42,21.39,37.14,18.46,5.95,84.65,5.83,23.6,82.4,11.2,22.8,286901,1323,15.4,21,25,11,4,,,Ground Sensor,Manual Entry
89,Delhi,Delhi,Urban,2023-06-21,2023,6,Wednesday,Monsoon,16787941,,,134.73,70.56,26.95,9.54,50.09,35.65,31.3,83.7,12.4,0,4924714,23919,27.1,3,1181,645,178,,,Satellite,Manual Entry
90,Mumbai,Maharashtra,Industrial,2023-05-30,2023,5,Tuesday,Summer,12478447,203.0,110.42,156.23,108.55,80.56,2.26,32.52,8.3,31.5,82.8,13.9,0,3088071,13221,14.0,24,1162,661,346,,,CPCB,Verified
91,Chennai,Tamil Nadu,Coastal,2023-02-20,2023,2,Monday,Winter,7088000,111.1,35.2,55.97,40.39,59.49,9.51,121.97,28.73,35.0,65.6,9.9,0,1530589,12773,8.0,11,335,181,52,,,CPCB,Unverified
92,Srinagar,Jammu & Kashmir,Tourist,2022-11-19,2022,11,Saturday,Winter,1180570,774.4,54.24,103.75,36.21,93.17,17.36,140.75,15.66,,49.9,17.3,0,320991,1270,8.1,14,70,44,17,,,CPCB,Manual Entry
93,Agra,Uttar Pradesh,Tourist,2023-09-21,2023,9,Thursday,Monsoon,1585704,137.3,73.06,70.28,30.05,59.58,5.71,66.26,47.12,25.7,32.5,15.8,1.6,452186,2691,33.5,23,91,38,15,,,Ground Sensor,Manual Entry
94,Kanpur,Uttar Pradesh,Industrial,2022-04-20,2022,4,Wednesday,Summer,2920496,121.3,39.73,106.42,64.81,68.31,2.18,31.35,22.12,19.0,51.6,14.1,2.0,800850,4075,21.6,5,170,112,25,,,State PCB,Unverified
95,Varanasi,Uttar Pradesh,Tourist,2023-01-25,2023,1,Wednesday,Winter,1198491,211.5,80.49,118.11,39.75,35.98,6.78,121.75,18.7,33.5,90.0,8.7,0,309014,842,20.2,13,49,25,13,,,Ground Sensor,Unverified
96,Lucknow,Uttar Pradesh,Administrative,2022-11-25,2022,11,Friday,Winter,2815601,184.8,88.89,143.81,87.77,25.65,8.78,61.49,37.01,13.9,21.1,13.1,0,640974,4726,44.9,8,185,125,33,,,CPCB,Auto
97,Rajkot,Gujarat,Industrial,2022-08-03,2022,8,Wednesday,Monsoon,1286995,,33.41,54.45,73.14,26.76,5.8,102.33,12.86,30.5,42.8,4.0,6.4,448413,1568,32.7,20,52,28,14,,,Satellite,Verified
98,Kolkata,West Bengal,Urban,2022-09-12,2022,9,Monday,Monsoon,4496694,81.8,40.68,52.52,60.88,6.24,11.07,108.07,20.58,28.4,10,11.2,5.9,1007194,5692,22.8,15,170,97,40,,,State PCB,Manual Entry
99,Mumbai,Maharashtra,Industrial,2023-05-10,2023,5,Wednesday,Summer,12478447,192.7,113.4,105.29,124.82,17.19,5.52,79.19,11.14,33.1,37.4,12.7,0,2922634,11859,30.9,24,1296,563,359,,,State PCB,Unverified
100,Vadodara,Gujarat,Industrial,2022-06-13,2022,6,Monday,Monsoon,1670806,121.6,48.57,81.57,45.62,48.62,7.22,44.23,33.21,17.6,80.0,16.9,0,422753,846,36.8,21,64,30,16,,,State PCB,Manual Entry
101,Surat,Gujarat,Industrial,2022-07-21,2022,7,Thursday,Monsoon,4467797,66.5,37.14,47.26,60.23,37.33,7.02,96.31,18.05,29.6,75.7,5.1,14.2,1030120,6351,17.2,8,152,66,25,,,State PCB,Auto
102,Patna,Bihar,Administrative,2023-09-03,2023,9,Sunday,Monsoon,1684222,38.1,12.99,24.87,22.82,39.5,7.92,103.88,50.0,19.3,52.2,15.3,15.1,432289,977,37.6,20,32,12,5,,,Ground Sensor,Auto
103,Varanasi,Uttar Pradesh,Tourist,2023-05-19,2023,5,Friday,Summer,1198491,43.1,19.24,22.97,14.73,68.29,5.21,55.73,27.34,35.7,70.9,17.8,0.7,327731,802,19.7,4,26,16,7,,,Ground Sensor,Unverified
104,Patna,Bihar,Administrative,2022-04-15,2022,4,Friday,Summer,1684222,40.0,20.84,30.47,40.95,77.67,1.06,54.17,43.25,41.7,80.8,20.1,5.9,363251,2705,22.1,22,69,45,16,,,State PCB,Unverified
105,Faridabad,Haryana,Industrial,2022-03-02,2022,3,Wednesday,Summer,1394000,75.5,36.18,42.85,129.46,29.64,9.69,143.81,26.21,23.8,89.8,5.5,5.4,348460,820,10.3,7,77,45,19,,,State PCB,Auto
106,Bhopal,Madhya Pradesh,Administrative,2022-05-26,2022,5,Thursday,Summer,1795648,218.8,103.55,132.93,61.12,42.79,10.66,134.42,5.56,21.6,58.4,17.3,0,613291,1779,34.2,17,98,61,25,,,Satellite,Verified
107,Faridabad,Haryana,Industrial,2023-07-02,2023,7,Sunday,Monsoon,1394000,10.8,5.92,7.55,34.14,19.7,6.33,36.98,42.77,40.6,70.1,0.3,5.4,399312,2446,23.3,16,18,12,3,,,State PCB,Manual Entry
108,Hyderabad,Telangana,IT Hub,2022-10-08,2022,10,Saturday,Post-Monsoon,6809970,135.8,44.55,87.49,22.88,65.81,11.89,26.73,31.65,26.0,26.8,9.6,1.8,1335988,5585,22.8,3,216,124,49,,,CPCB,Auto
109,Rajkot,Gujarat,Industrial,2022-05-16,2022,5,Monday,Summer,1286995,99.8,32.61,82.07,23.49,35.82,5.32,69.75,40.86,28.8,80.2,5.9,0.3,354901,1821,34.9,16,30,15,5,,,Ground Sensor,Unverified
110,Chennai,Tamil Nadu,Coastal,2022-04-13,2022,4,Wednesday,Summer,7088000,122.6,41.92,67.32,99.33,34.5,7.4,122.84,13.14,24.3,48.1,4.3,0,1619158,13551,13.2,22,308,201,86,,,Ground Sensor,Manual Entry
111,Meerut,Uttar Pradesh,Industrial,2022-02-25,2022,2,Friday,Winter,1309023,210.8,78.39,137.96,51.13,74.0,2.14,135.53,1.59,,48.8,16.0,0,329280,1727,7.9,21,71,38,21,,,Satellite,Unverified
112,Delhi,Delhi,Urban,2022-03-03,2022,3,Thursday,Summer,16787941,218.5,127.71,144.0,45.67,64.29,12.79,75.06,20.71,21.7,40.8,13.4,2.4,3247352,31584,28.5,23,1677,748,333,,,CPCB,Manual Entry
113,Rajkot,Gujarat,Industrial,2023-03-24,2023,3,Friday,Summer,1286995,128.3,40.72,68.57,63.57,42.9,10.26,60.21,37.34,12.6,59.4,9.0,0,267503,2483,11.7,7,60,38,15,,,Satellite,Verified
114,Ludhiana,Punjab,Industrial,2022-01-31,2022,1,Monday,Winter,1618879,944.3,26.61,44.62,94.67,34.61,20.49,101.58,25.31,25.3,59.5,14.3,0,334691,2687,34.6,3,92,55,15,,,State PCB,Verified
115,Bhopal,Madhya Pradesh,Administrative,2023-01-08,2023,1,Sunday,Winter,1795648,149.4,86.57,125.97,99.14,102.96,15.74,74.52,16.77,,32.4,16.8,0.8,437020,2250,44.3,15,190,86,51,,,Ground Sensor,Manual Entry
116,Ludhiana,Punjab,Industrial,2022-11-15,2022,11,Tuesday,Winter,1618879,212.7,84.71,153.43,15.23,28.07,12.15,59.51,31.51,17.6,66.0,1.7,1.3,345180,2996,21.4,10,84,39,12,,,CPCB,Manual Entry
117,Mumbai,Maharashtra,Industrial,2023-11-05,2023,11,Sunday,Winter,12478447,92.2,36.15,53.65,165.4,51.08,20.21,146.43,7.98,37.2,58.9,13.8,1.9,3122352,23002,25.2,23,954,595,226,,,CPCB,Verified
118,Patna,Bihar,Administrative,2023-11-10,2023,11,Friday,Winter,1684222,329.8,194.34,196.14,54.19,40.08,16.96,111.09,37.03,25.4,74.5,15.6,2.2,526469,2319,21.3,20,150,67,32,,,State PCB,Auto
119,Lucknow,Uttar Pradesh,Administrative,2023-04-20,2023,4,Thursday,Summer,2815601,140.1,48.66,108.51,110.99,62.99,1.19,128.67,17.06,32.0,72.7,14.5,0,830943,2506,23.1,20,238,97,50,,,Ground Sensor,Verified
120,Faridabad,Haryana,Industrial,2022-05-24,2022,5,Tuesday,Summer,1394000,200.2,67.35,105.02,105.5,23.84,3.71,72.08,34.63,31.1,56.8,0.5,0,268690,2782,8.7,13,79,46,21,,,Ground Sensor,Verified
121,Hyderabad,Telangana,IT Hub,2023-08-11,2023,8,Friday,Monsoon,6809970,37.0,16.62,24.18,42.7,23.66,10.25,55.75,22.85,33.2,76.4,18.7,0,1803358,12422,21.8,23,171,72,35,,,State PCB,Verified
122,Nagpur,Maharashtra,Commercial,2023-01-03,2023,1,Tuesday,Winter,2405665,107.5,47.7,87.32,66.98,66.39,7.23,55.16,2.28,26.4,57.2,13.8,0,763729,2904,11.4,10,123,70,22,,,Satellite,Verified
123,Ludhiana,Punjab,Industrial,2022-08-13,2022,8,Saturday,Monsoon,1618879,10,4.17,8.74,89.3,13.52,2.95,61.34,37.17,17.6,43.1,18.2,1.0,447621,1154,43.8,20,64,41,17,,,Ground Sensor,Verified
124,Chennai,Tamil Nadu,Coastal,2022-02-27,2022,2,Sunday,Winter,7088000,113.4,41.92,66.6,95.07,7.07,19.33,46.19,7.39,24.3,16.1,15.0,0,1302244,9780,39.4,5,416,263,115,,,Ground Sensor,Verified
125,Surat,Gujarat,Industrial,2022-11-06,2022,11,Sunday,Winter,4467797,89.4,46.48,60.34,112.45,58.16,7.14,111.93,28.54,47.6,81.2,6.7,0,1422802,4769,5.1,25,333,162,58,,,Ground Sensor,Verified
126,Hyderabad,Telangana,IT Hub,2023-09-09,2023,9,Saturday,Monsoon,6809970,145.3,57.46,119.66,57.94,39.73,1.51,84.5,17.23,34.5,68.7,8.4,24.3,2340746,11798,5.5,9,373,230,74,,,CPCB,Manual Entry
127,Jaipur,Rajasthan,Tourist,2022-04-21,2022,4,Thursday,Summer,3046163,139.5,60.18,93.16,31.13,39.66,14.61,65.66,19.39,25.5,76.8,2.7,0,665126,3585,15.4,6,,61,23,,,State PCB,Auto
128,Hyderabad,Telangana,IT Hub,2022-03-18,2022,3,Friday,Summer,6809970,95.0,44.08,81.61,22.27,54.51,10.34,82.76,2.52,32.5,55.8,14.7,0,1343020,5504,34.2,11,214,130,55,,,Satellite,Unverified
129,Kolkata,West Bengal,Urban,2022-02-20,2022,2,Sunday,Winter,4496694,105.9,47.39,55.28,14.59,16.2,17.43,101.26,24.54,34.3,71.2,14.3,0,1171420,3027,15.6,23,142,76,40,,,State PCB,Manual Entry
130,Jodhpur,Rajasthan,Tourist,2023-01-26,2023,1,Thursday,Winter,1137815,20.5,8.43,13.92,54.55,55.83,5.29,54.91,4.02,28.2,30.3,16.7,2.9,309538,2225,37.7,16,38,21,10,,,Ground Sensor,Unverified
131,Bhopal,Madhya Pradesh,Administrative,2022-11-03,2022,11,Thursday,Winter,1795648,328.2,168.79,230.02,152.67,91.05,14.45,100.64,6.89,36.2,60.6,8.3,11.7,570007,1237,44.9,23,238,165,51,,,Satellite,Manual Entry
132,Srinagar,Jammu & Kashmir,Tourist,2022-03-10,2022,3,Thursday,Summer,1180570,127.1,41.46,91.85,77.8,76.17,8.84,139.23,1.61,24.7,34.7,12.6,0,242535,1593,9.2,6,71,48,11,,,Satellite,Auto
133,Jaipur,Rajasthan,Tourist,2023-01-28,2023,1,Saturday,Winter,3046163,125.5,55.46,71.4,76.06,71.92,14.52,72.22,20.39,19.4,82.2,5.7,5.3,687395,3224,38.7,25,175,111,34,,,State PCB,Unverified
134,Lucknow,Uttar Pradesh,Administrative,2023-03-30,2023,3,Thursday,Summer,2815601,163.9,87.25,103.01,99.18,55.41,1.97,77.42,45.76,20.3,72.7,6.2,0.6,533711,4750,36.2,19,177,108,37,,,CPCB,Unverified
135,Pune,Maharashtra,Industrial,2022-07-25,2022,7,Monday,Monsoon,3124458,113.7,49.7,98.64,65.63,19.16,9.33,85.67,32.14,22.8,63.5,-4.9,0,656727,5641,40.8,25,148,74,25,,,CPCB,Unverified
136,Ranchi,Jharkhand,Industrial,2023-08-09,2023,8,Wednesday,Monsoon,1073440,137.3,73.3,80.41,25.76,16.41,2.62,104.71,26.15,41.8,20.7,9.2,0,217364,815,42.7,25,51,23,12,,,Satellite,Auto
137,Jodhpur,Rajasthan,Tourist,2023-01-21,2023,1,Saturday,Winter,1137815,232.9,85.1,144.57,94.18,72.48,12.57,20.96,49.97,20.9,97.4,9.6,0,259484,1737,18.0,11,90,45,17,,,Satellite,Unverified
138,Bangalore,Karnataka,IT Hub,2023-06-14,2023,6,Wednesday,Monsoon,8443675,76.6,40.6,65.91,73.95,48.88,6.9,105.87,34.36,25.9,31.3,16.6,4.8,2120681,9139,12.6,25,332,203,78,,,Ground Sensor,Manual Entry
139,Visakhapatnam,Andhra Pradesh,Coastal,2022-11-04,2022,11,Friday,Winter,1728128,265.3,149.33,151.86,29.03,20.43,5.95,125.08,38.38,15.3,72.3,20.3,0.1,415438,2793,15.4,12,119,75,23,,,CPCB,Auto
140,Delhi,Delhi,Urban,2023-10-12,2023,10,Thursday,Post-Monsoon,16787941,180.5,85.76,158.44,21.4,86.05,9.31,132.77,19.7,27.2,66.4,14.0,0,3593465,18698,17.7,25,1054,708,230,,,CPCB,Auto
141,Surat,Gujarat,Industrial,2023-10-09,2023,10,Monday,Post-Monsoon,4467797,213.0,67.62,145.04,39.64,75.62,10.63,40.6,39.48,27.4,62.0,8.9,0,1130059,5433,43.0,13,193,108,50,,,State PCB,Verified
142,Varanasi,Uttar Pradesh,Tourist,2022-01-05,2022,1,Wednesday,Winter,1198491,215.0,104.92,128.9,120.8,43.16,3.32,69.86,29.84,35.4,92.3,10.5,4.2,364019,1671,18.7,18,100,66,29,,,State PCB,Unverified
143,Srinagar,Jammu & Kashmir,Tourist,2023-02-18,2023,2,Saturday,Winter,1180570,236.5,140.82,138.22,17.37,59.99,3.2,112.44,39.81,28.7,39.8,18.1,1.7,331701,675,9.6,17,74,48,11,,,Satellite,Auto
143,Srinagar,Jammu & Kashmir,Tourist,2023-02-18,2023,2,Saturday,Winter,1180570,236.5,140.82,138.22,17.37,59.99,3.2,112.44,39.81,28.7,39.8,18.1,1.7,331701,675,9.6,17,74,48,11,,,Satellite,Auto
144,Kanpur,Uttar Pradesh,Industrial,2023-12-22,2023,12,Friday,Winter,2920496,143.6,66.69,124.09,119.98,57.47,5.46,21.66,5.36,30.5,80.1,17.0,0,912711,1789,23.3,12,251,168,61,,,CPCB,Verified
145,Ghaziabad,Uttar Pradesh,Industrial,2022-06-28,2022,6,Tuesday,Monsoon,1636068,101.2,56.92,85.13,37.22,41.82,5.01,35.07,42.71,28.9,58.2,17.6,21.5,385903,3013,19.9,13,88,42,22,,,Ground Sensor,Auto
146,Indore,Madhya Pradesh,Commercial,2022-10-06,2022,10,Thursday,Post-Monsoon,1994397,207.8,92.15,138.95,128.97,21.01,2.91,114.43,49.1,17.5,65.2,9.7,4.9,551890,2308,39.5,7,175,110,42,,,Ground Sensor,Verified
147,Jodhpur,Rajasthan,Tourist,2023-02-26,2023,2,Sunday,Winter,1137815,135.2,58.44,71.03,114.87,8.3,18.33,88.23,37.44,27.1,45.9,23.7,0,305215,1743,24.3,24,75,39,19,,,Ground Sensor,Unverified
148,Ghaziabad,Uttar Pradesh,Industrial,2023-07-26,2023,7,Wednesday,Monsoon,1636068,141.8,43.02,123.86,49.21,30.15,5.77,41.5,37.82,21.1,52.3,16.9,1.9,447602,1747,27.9,5,75,31,16,,,Ground Sensor,Manual Entry
149,Kolkata,West Bengal,Urban,2023-05-25,2023,5,Thursday,Summer,4496694,213.8,111.95,108.43,59.82,8.46,9.31,127.37,39.8,39.1,53.5,17.9,0,1309802,5325,38.8,13,281,181,76,,,Ground Sensor,Manual Entry
150,Rajkot,Gujarat,Industrial,2023-04-09,2023,4,Sunday,Summer,1286995,220.0,80.64,140.04,111.42,85.07,5.21,87.86,35.4,36.9,71.5,13.0,5.0,389528,849,20.7,17,117,53,33,,,State PCB,Manual Entry
151,Kolkata,West Bengal,Urban,2023-03-01,2023,3,Wednesday,Summer,4496694,217.2,68.2,163.64,92.33,15.67,14.77,79.46,29.88,7.4,58.6,21.8,1.2,1232312,5167,41.4,25,285,193,76,,,State PCB,Verified
152,Nagpur,Maharashtra,Commercial,2023-11-05,2023,11,Sunday,Winter,2405665,53.4,24.08,34.89,164.84,103.17,16.18,55.57,48.22,18.2,81.6,10.8,3.8,719299,3903,33.5,20,182,111,50,,,State PCB,Unverified
153,Agra,Uttar Pradesh,Tourist,2022-10-25,2022,10,Tuesday,Post-Monsoon,1585704,206.6,104.55,179.44,29.51,69.94,17.57,43.12,27.58,19.8,36.1,12.5,0,442533,3035,26.4,16,118,71,33,,,CPCB,Verified
154,Nagpur,Maharashtra,Commercial,2022-05-29,2022,5,Sunday,Summer,2405665,162.5,61.77,132.32,130.01,61.88,2.89,28.06,39.43,28.9,67.1,19.2,0,684985,3640,20.6,19,197,92,48,,,Satellite,Verified
155,Srinagar,Jammu & Kashmir,Tourist,2023-01-26,2023,1,Thursday,Winter,1180570,247.6,103.06,218.53,164.28,39.83,11.91,21.69,13.32,17.9,36.1,19.7,0,395435,1838,29.1,9,130,81,30,,,State PCB,Verified
156,Hyderabad,Telangana,IT Hub,2022-06-27,2022,6,Monday,Monsoon,6809970,95.6,29.83,58.44,29.3,12.8,9.58,20.73,23.85,24.0,65.3,11.3,23.2,2121457,9793,27.0,5,193,94,51,,,Satellite,Unverified
157,Hyderabad,Telangana,IT Hub,2023-06-18,2023,6,Sunday,Monsoon,6809970,73.4,23.52,51.53,41.81,33.96,1.37,48.76,11.45,24.3,76.5,14.0,29.6,1839950,13585,31.8,17,237,164,35,,,State PCB,Verified
158,Varanasi,Uttar Pradesh,Tourist,2022-11-25,2022,11,Friday,Winter,1198491,81.1,27.08,48.86,125.49,9.59,11.19,120.16,26.2,,36.9,11.6,0,280990,747,26.3,23,51,35,13,,,State PCB,Auto
159,Ghaziabad,Uttar Pradesh,Industrial,2022-04-17,2022,4,Sunday,Summer,1636068,227.1,82.15,188.86,117.32,66.66,7.49,126.18,4.53,27.3,56.0,11.7,0,314864,1254,41.4,16,123,51,33,,,Ground Sensor,Auto
160,Surat,Gujarat,Industrial,2022-01-18,2022,1,Tuesday,Winter,4467797,152.3,45.96,120.03,23.74,85.32,1.62,130.27,18.53,30.6,43.5,11.9,0,1018023,8444,11.3,10,188,121,29,,,Ground Sensor,Manual Entry
161,Meerut,Uttar Pradesh,Industrial,2022-05-28,2022,5,Saturday,Summer,1309023,67.0,26.08,57.25,127.81,77.04,10.88,144.46,1.55,31.1,52.2,19.6,2.4,323320,1729,34.0,9,70,32,18,,,State PCB,Unverified
162,Hyderabad,Telangana,IT Hub,2022-08-15,2022,8,Monday,Monsoon,6809970,74.1,24.79,56.96,54.3,6.81,8.54,148.71,27.89,23.9,55.2,10.2,0,1454343,9335,14.4,12,239,121,59,,,State PCB,Manual Entry
163,Bhopal,Madhya Pradesh,Administrative,2023-04-07,2023,4,Friday,Summer,1795648,102.5,40.84,78.28,94.91,18.07,9.59,125.0,47.97,31.4,75.1,14.1,0,518839,1643,24.2,17,85,51,16,,,Satellite,Auto
164,Vadodara,Gujarat,Industrial,2022-04-22,2022,4,Friday,Summer,1670806,180.2,99.55,151.96,27.94,49.94,4.75,135.22,4.75,37.8,63.5,12.5,0,466023,1850,26.7,20,106,71,24,,,State PCB,Manual Entry
165,Nagpur,Maharashtra,Commercial,2022-08-17,2022,8,Wednesday,Monsoon,2405665,97.0,55.06,71.4,78.22,11.28,5.82,31.77,18.83,33.9,61.0,28.6,0,712816,3935,27.6,7,99,44,23,,,Ground Sensor,Manual Entry
166,Delhi,Delhi,Urban,2022-08-13,2022,8,Saturday,Monsoon,16787941,99.7,37.8,59.16,62.66,32.88,8.98,70.45,45.98,22.2,64.2,10.8,0.8,5785712,24348,27.8,15,636,395,150,,,Satellite,Verified
167,Visakhapatnam,Andhra Pradesh,Coastal,2022-09-15,2022,9,Thursday,Monsoon,1728128,82.0,33.87,70.78,50.1,23.6,9.81,83.29,24.62,20.5,45.6,14.3,11.9,333710,2532,33.7,6,52,23,10,,,Ground Sensor,Manual Entry
168,Amritsar,Punjab,Tourist,2022-04-27,2022,4,Wednesday,Summer,1132761,74.4,27.02,42.0,111.84,7.35,1.24,94.55,8.9,29.1,56.1,10.8,0,253629,872,5.7,24,66,38,15,,,CPCB,Unverified
169,Indore,Madhya Pradesh,Commercial,2023-09-14,2023,9,Thursday,Monsoon,1994397,91.4,54.62,77.38,21.57,50.46,6.91,123.3,41.2,32.9,86.7,11.1,29.0,475173,2353,9.3,9,83,38,17,,,Ground Sensor,Unverified
170,Agra,Uttar Pradesh,Tourist,2022-04-09,2022,4,Saturday,Summer,1585704,200.4,96.17,170.54,75.3,67.57,2.04,105.72,45.2,43.5,59.0,11.9,6.6,401745,1793,42.5,18,146,88,31,,,Ground Sensor,Manual Entry
171,Coimbatore,Tamil Nadu,Industrial,2023-12-15,2023,12,Friday,Winter,1061447,137.8,65.14,92.33,53.2,87.42,19.17,30.9,30.32,22.1,55.8,21.9,1.2,192344,1362,37.2,16,66,33,11,,,State PCB,Auto
172,Meerut,Uttar Pradesh,Industrial,2023-08-23,2023,8,Wednesday,Monsoon,1309023,95.6,40.85,61.81,30.23,42.03,8.59,73.72,39.41,43.7,40.9,12.6,0,303864,1330,31.4,10,51,31,14,,,State PCB,Verified
173,Pune,Maharashtra,Industrial,2023-06-05,2023,6,Monday,Monsoon,3124458,86.8,36.48,55.17,52.92,42.96,8.06,40.9,48.26,31.5,60.3,20.4,32.1,793656,1862,20.4,15,111,47,17,,,Satellite,Verified
174,Ludhiana,Punjab,Industrial,2022-06-29,2022,6,Wednesday,Monsoon,1618879,69.3,24.98,52.85,73.82,19.84,0.74,97.94,26.27,21.4,61.4,15.6,15.8,291477,1191,20.8,21,75,47,15,,,CPCB,Verified
175,Srinagar,Jammu & Kashmir,Tourist,2022-04-03,2022,4,Sunday,Summer,1180570,153.1,71.15,120.98,78.65,53.59,6.09,126.02,12.09,36.6,54.9,11.5,1.2,247631,1486,9.7,19,79,43,15,,,Satellite,Auto
176,Nagpur,Maharashtra,Commercial,2023-07-31,2023,7,Monday,Monsoon,2405665,66.9,26.87,54.17,63.73,54.18,9.75,82.66,13.63,28.6,33.9,-2.3,9.3,760256,2691,15.5,12,95,53,24,,,Satellite,Verified
177,Vadodara,Gujarat,Industrial,2022-07-02,2022,7,Saturday,Monsoon,1670806,160.5,71.1,102.95,81.28,18.89,10.67,108.8,45.59,22.7,60.1,10.9,0,359477,1343,9.3,5,87,50,15,,,Ground Sensor,Verified
178,Ludhiana,Punjab,Industrial,2023-07-09,2023,7,Sunday,Monsoon,1618879,174.8,71.9,109.45,81.59,53.31,6.62,55.72,9.96,23.9,62.1,4.9,0,326692,2086,18.9,24,104,70,16,,,Ground Sensor,Verified
179,Rajkot,Gujarat,Industrial,2023-06-15,2023,6,Thursday,Monsoon,1286995,138.6,60.72,107.52,8.48,15.6,6.69,62.31,31.03,27.4,85.2,12.5,21.9,365795,1349,19.9,15,40,18,10,,,State PCB,Unverified
180,Coimbatore,Tamil Nadu,Industrial,2023-12-04,2023,12,Monday,Winter,1061447,639.5,71.15,110.99,80.56,46.99,3.66,144.69,8.33,31.6,64.3,8.5,0,344329,1353,27.5,21,76,48,14,,,State PCB,Verified
181,Pune,Maharashtra,Industrial,2022-09-18,2022,9,Sunday,Monsoon,3124458,97.8,43.34,73.57,44.61,22.57,4.3,92.85,46.66,27.9,64.0,20.7,25.8,1073969,2494,36.2,14,119,70,20,,,Ground Sensor,Auto
182,Jodhpur,Rajasthan,Tourist,2022-03-22,2022,3,Tuesday,Summer,1137815,106.5,52.15,59.44,31.28,72.14,5.93,102.07,29.01,32.5,64.5,10.1,2.5,266099,1066,22.8,14,47,27,8,,,Ground Sensor,Auto
183,Hyderabad,Telangana,IT Hub,2022-07-08,2022,7,Friday,Monsoon,6809970,122.8,68.29,67.52,26.86,17.91,8.46,117.47,11.32,25.1,65.4,18.3,0,1288108,11280,29.7,5,281,196,46,,,Ground Sensor,Manual Entry
184,Ahmedabad,Gujarat,Industrial,2022-09-11,2022,9,Sunday,Monsoon,5570585,94.0,31.77,66.82,21.58,5.73,4.26,138.99,43.35,19.4,20.4,14.5,22.4,1130659,10710,35.0,21,121,69,26,,,Satellite,Manual Entry
185,Bhopal,Madhya Pradesh,Administrative,2023-07-07,2023,7,Friday,Monsoon,1795648,76.8,28.27,41.15,32.9,26.94,2.07,21.37,26.64,28.2,49.2,10.3,23.1,533165,2222,36.9,22,56,27,14,,,CPCB,Manual Entry
186,Pune,Maharashtra,Industrial,2023-02-26,2023,2,Sunday,Winter,3124458,242.9,91.09,190.94,113.48,93.98,5.18,30.3,31.64,22.2,24.3,10.9,0,706805,4601,7.7,7,297,142,52,,,Ground Sensor,Auto
187,Jaipur,Rajasthan,Tourist,2023-12-19,2023,12,Tuesday,Winter,3046163,104.6,50.94,60.18,16.99,12.21,11.56,44.17,6.01,26.5,91.5,11.4,0,626340,3778,44.9,17,82,40,22,,,CPCB,Manual Entry
188,Chennai,Tamil Nadu,Coastal,2022-05-30,2022,5,Monday,Summer,7088000,241.2,77.52,165.95,34.26,74.93,13.59,127.67,6.98,32.8,61.7,7.5,1.6,2164641,3900,44.3,18,410,258,93,,,Satellite,Manual Entry
189,Hyderabad,Telangana,IT Hub,2023-10-07,2023,10,Saturday,Post-Monsoon,6809970,85.2,44.19,68.01,84.54,16.99,8.97,58.85,18.66,39.2,69.5,16.3,0.5,1728421,3558,14.7,4,378,217,79,,,Ground Sensor,Unverified
190,Kanpur,Uttar Pradesh,Industrial,2022-04-02,2022,4,Saturday,Summer,2920496,143.6,72.62,91.22,128.33,68.16,1.51,66.22,8.54,37.4,50.7,11.4,0,802901,4284,5.9,15,230,153,59,,,State PCB,Manual Entry
191,Jodhpur,Rajasthan,Tourist,2022-02-10,2022,2,Thursday,Winter,1137815,187.1,83.38,126.31,59.39,80.19,4.55,44.26,18.04,27.3,44.0,18.5,0,312066,686,19.7,3,67,32,12,,,Ground Sensor,Unverified
192,Jodhpur,Rajasthan,Tourist,2022-01-20,2022,1,Thursday,Winter,1137815,128.5,62.46,80.74,23.75,108.55,17.33,44.68,34.48,22.8,61.1,8.5,0.2,267095,733,12.1,4,69,28,20,,,Ground Sensor,Unverified
193,Kolkata,West Bengal,Urban,2022-02-02,2022,2,Wednesday,Winter,4496694,259.4,122.24,216.45,115.32,62.21,14.94,53.27,18.95,25.6,55.3,15.7,0,1185053,8249,27.3,16,362,231,57,,,CPCB,Manual Entry
194,Visakhapatnam,Andhra Pradesh,Coastal,2022-02-11,2022,2,Friday,Winter,1728128,167.6,54.2,98.28,94.0,17.63,5.39,70.09,10.46,12.9,45.6,5.5,5.8,475034,2798,33.1,16,109,62,27,,,State PCB,Unverified
195,Vadodara,Gujarat,Industrial,2023-02-16,2023,2,Thursday,Winter,1670806,150.1,67.76,114.54,96.22,69.99,19.65,137.32,27.95,43.4,59.2,4.8,4.0,535403,1646,27.0,11,107,60,22,,,Ground Sensor,Auto
196,Nagpur,Maharashtra,Commercial,2022-01-01,2022,1,Saturday,Winter,2405665,149.4,71.53,105.64,166.99,38.69,6.8,48.85,42.93,5.4,96.8,13.5,0,659447,3210,19.2,7,262,116,40,,,State PCB,Unverified
197,Jaipur,Rajasthan,Tourist,2022-11-04,2022,11,Friday,Winter,3046163,124.5,40.78,82.16,155.35,84.1,15.39,123.08,9.47,33.6,32.8,0.4,0,856548,2895,7.2,13,283,162,45,,,Ground Sensor,Auto
198,Srinagar,Jammu & Kashmir,Tourist,2022-05-04,2022,5,Wednesday,Summer,1180570,172.7,85.61,127.92,12.38,69.64,6.65,59.62,3.02,23.8,49.0,11.2,0,222641,1885,25.2,10,61,32,14,,,Ground Sensor,Unverified
199,Bangalore,Karnataka,IT Hub,2022-12-11,2022,12,Sunday,Winter,8443675,181.2,58.84,132.0,21.59,48.92,2.43,85.24,38.92,30.9,67.9,5.5,0,2456115,6705,7.9,16,372,230,69,,,CPCB,Verified
200,Varanasi,Uttar Pradesh,Tourist,2023-02-28,2023,2,Tuesday,Winter,1198491,118.8,47.08,87.63,17.73,39.01,20.75,100.11,49.52,31.4,49.5,13.2,8.1,256412,1271,7.2,22,45,29,7,,,Satellite,Verified
201,Surat,Gujarat,Industrial,2023-12-12,2023,12,Tuesday,Winter,4467797,221.6,119.93,137.82,86.56,41.85,15.72,47.54,27.77,28.0,34.8,1.4,0,1332127,6712,15.2,4,363,243,83,,,Satellite,Verified
202,Indore,Madhya Pradesh,Commercial,2023-11-02,2023,11,Thursday,Winter,1994397,208.9,104.06,159.85,154.58,44.82,2.89,58.02,44.29,27.0,17.7,23.0,0,665447,2447,43.7,20,212,90,38,,,CPCB,Verified
203,Ahmedabad,Gujarat,Industrial,2023-06-27,2023,6,Tuesday,Monsoon,5570585,94.0,36.81,65.44,68.91,4.78,7.82,66.2,15.81,50.2,58.6,11.7,10.3,1246727,6020,43.0,10,263,183,76,,,Ground Sensor,Unverified
203,Ahmedabad,Gujarat,Industrial,2023-06-27,2023,6,Tuesday,Monsoon,5570585,94.0,36.81,65.44,68.91,4.78,7.82,66.2,15.81,50.2,58.6,11.7,10.3,1246727,6020,43.0,10,263,183,76,,,Ground Sensor,Unverified
204,Ludhiana,Punjab,Industrial,2022-05-29,2022,5,Sunday,Summer,1618879,77.7,38.62,56.42,30.12,11.09,9.05,113.53,10.02,30.4,50.5,17.2,1.6,559148,3143,30.5,11,41,25,11,,,State PCB,Verified
205,Bangalore,Karnataka,IT Hub,2022-07-09,2022,7,Saturday,Monsoon,8443675,216.4,104.95,160.59,58.02,37.3,2.89,23.39,4.89,31.8,62.0,8.8,14.6,2452268,6551,14.1,16,560,303,97,,,CPCB,Manual Entry
206,Patna,Bihar,Administrative,2022-08-16,2022,8,Tuesday,Monsoon,1684222,59.3,31.0,53.1,70.02,7.47,10.46,148.13,43.49,20.9,61.1,7.6,8.0,419080,947,29.5,21,68,34,13,,,CPCB,Verified
207,Indore,Madhya Pradesh,Commercial,2023-04-13,2023,4,Thursday,Summer,1994397,151.3,90.58,107.03,58.87,66.15,9.45,87.1,31.9,25.9,75.8,13.5,0,639594,2377,25.7,7,135,78,21,,,Ground Sensor,Verified
208,Amritsar,Punjab,Tourist,2023-05-28,2023,5,Sunday,Summer,1132761,173.8,58.05,141.05,124.48,62.93,2.71,73.76,23.09,32.6,84.1,-2.2,0,291455,991,33.7,6,94,63,25,,,Satellite,Verified
209,Visakhapatnam,Andhra Pradesh,Coastal,2023-12-26,2023,12,Tuesday,Winter,1728128,80.3,36.42,70.66,72.32,46.96,16.3,138.59,28.71,37.4,53.9,9.1,2.7,520249,1951,30.1,6,75,47,16,,,State PCB,Verified
210,Agra,Uttar Pradesh,Tourist,2022-09-17,2022,9,Saturday,Monsoon,1585704,78.5,23.83,54.87,48.64,49.17,6.99,84.15,11.63,23.3,41.5,4.4,12.3,287198,2891,13.3,8,50,29,13,,,Satellite,Verified
211,Bangalore,Karnataka,IT Hub,2022-02-03,2022,2,Thursday,Winter,8443675,108.8,42.38,94.46,21.55,50.78,4.32,107.37,30.94,14.8,50.3,4.5,1.6,2173464,11554,19.7,15,358,153,69,,,Ground Sensor,Verified
212,Lucknow,Uttar Pradesh,Administrative,2023-04-28,2023,4,Friday,Summer,2815601,106.2,36.15,82.62,44.2,48.98,8.92,110.46,30.99,38.0,80.5,0.2,0,738314,4316,29.4,13,133,92,25,,,Satellite,Unverified
213,Agra,Uttar Pradesh,Tourist,2023-07-31,2023,7,Monday,Monsoon,1585704,30.8,13.86,25.39,80.4,16.84,3.53,45.16,6.79,28.3,25.2,14.3,4.2,451295,1779,13.5,23,43,21,11,,,Satellite,Manual Entry
214,Faridabad,Haryana,Industrial,2022-03-11,2022,3,Friday,Summer,1394000,101.9,39.97,71.59,50.19,6.01,11.49,64.38,36.5,26.5,56.8,14.4,4.2,331004,2103,24.3,23,56,35,13,,,Satellite,Auto
215,Faridabad,Haryana,Industrial,2023-02-28,2023,2,Tuesday,Winter,1394000,205.5,93.77,149.19,118.44,65.29,1.08,95.06,17.25,26.8,90.8,6.6,3.1,450158,1406,29.2,8,118,66,20,,,Satellite,Manual Entry
216,Rajkot,Gujarat,Industrial,2022-02-02,2022,2,Wednesday,Winter,1286995,199.7,76.17,106.78,149.07,46.02,17.54,59.34,26.73,31.5,77.3,15.9,1.6,251919,1620,18.6,18,130,87,22,,,Satellite,Manual Entry
217,Bangalore,Karnataka,IT Hub,2022-04-11,2022,4,Monday,Summer,8443675,205.5,103.36,113.65,98.67,43.4,11.93,87.9,1.2,11.0,87.8,8.2,0,2190026,4806,28.1,12,712,425,140,,,State PCB,Manual Entry
218,Pune,Maharashtra,Industrial,2022-07-17,2022,7,Sunday,Monsoon,3124458,87.7,33.84,62.5,71.25,41.5,3.34,40.47,6.61,37.9,53.4,18.0,16.3,854202,2832,11.9,12,171,109,40,,,Satellite,Auto
219,Delhi,Delhi,Urban,2022-05-14,2022,5,Saturday,Summer,16787941,271.6,85.59,177.48,21.42,37.83,11.79,135.87,31.84,31.1,52.0,5.9,0,3587331,27491,35.6,21,975,412,281,,,Ground Sensor,Verified
220,Indore,Madhya Pradesh,Commercial,2022-11-14,2022,11,Monday,Winter,1994397,236.5,119.52,185.45,85.67,31.33,5.24,131.94,31.23,34.8,49.6,9.2,0,626424,3636,19.1,17,163,66,36,,,Satellite,Manual Entry
221,Agra,Uttar Pradesh,Tourist,2023-08-12,2023,8,Saturday,Monsoon,1585704,110.9,60.46,90.79,34.38,40.28,8.99,89.26,20.64,30.7,36.2,16.3,0,388891,1603,22.4,13,81,46,21,,,State PCB,Unverified
222,Varanasi,Uttar Pradesh,Tourist,2023-11-17,2023,11,Friday,Winter,1198491,120.3,38.9,104.95,102.42,58.1,12.72,80.18,28.2,30.2,48.8,14.2,0.6,237884,2062,31.4,5,82,42,18,,,State PCB,Verified
223,Ludhiana,Punjab,Industrial,2022-05-31,2022,5,Tuesday,Summer,1618879,107.7,41.73,80.37,65.11,22.47,14.54,58.97,39.92,,40.8,0.1,6.9,543247,3214,38.9,12,71,41,16,,,CPCB,Verified
224,Rajkot,Gujarat,Industrial,2023-07-28,2023,7,Friday,Monsoon,1286995,72.1,39.37,46.4,78.55,52.44,2.93,111.29,20.32,24.7,77.9,6.5,17.8,376604,1560,38.6,7,57,29,16,,,State PCB,Unverified
225,Mumbai,Maharashtra,Industrial,2022-03-15,2022,3,Tuesday,Summer,12478447,122.9,69.49,93.79,128.97,16.7,2.74,124.77,43.15,24.4,84.2,6.3,6.1,3210043,14177,22.0,3,1054,543,193,,,State PCB,Manual Entry
226,Patna,Bihar,Administrative,2023-07-14,2023,7,Friday,Monsoon,1684222,73.1,34.55,37.51,10.62,30.93,4.38,95.43,48.13,39.3,75.6,0.3,0.1,518064,1548,14.8,23,41,22,9,,,CPCB,Manual Entry
226,Patna,Bihar,Administrative,2023-07-14,2023,7,Friday,Monsoon,1684222,73.1,34.55,37.51,10.62,30.93,4.38,95.43,48.13,39.3,75.6,0.3,0.1,518064,1548,14.8,23,41,22,9,,,CPCB,Manual Entry
227,Faridabad,Haryana,Industrial,2023-10-02,2023,10,Monday,Post-Monsoon,1394000,72.2,22.25,50.1,28.74,12.92,14.24,52.77,31.17,27.0,75.2,11.6,0,466602,2242,36.3,10,31,15,5,,,CPCB,Manual Entry
228,Chennai,Tamil Nadu,Coastal,2022-05-29,2022,5,Sunday,Summer,7088000,50.3,27.72,40.29,60.97,37.11,11.09,114.38,9.2,19.6,26.1,6.6,4.0,2263342,4102,42.9,20,269,146,59,,,Ground Sensor,Auto
229,Jaipur,Rajasthan,Tourist,2022-05-29,2022,5,Sunday,Summer,3046163,158.9,72.94,107.06,45.94,71.28,6.64,61.04,26.98,31.5,57.5,6.5,0.3,985496,4312,37.1,11,196,94,37,,,Ground Sensor,Auto
230,Ludhiana,Punjab,Industrial,2023-11-23,2023,11,Thursday,Winter,1618879,181.3,86.4,104.78,65.96,79.48,4.35,91.19,33.97,15.0,61.5,11.2,2.5,414125,1342,8.7,22,107,48,16,,,State PCB,Verified
231,Rajkot,Gujarat,Industrial,2022-05-03,2022,5,Tuesday,Summer,1286995,159.3,51.93,118.2,56.49,68.52,10.88,124.42,10.05,31.9,68.2,9.6,6.7,248224,1518,31.7,13,85,53,21,,,CPCB,Manual Entry
232,Ludhiana,Punjab,Industrial,2022-03-05,2022,3,Saturday,Summer,1618879,102.7,32.66,90.59,43.02,41.85,8.39,140.72,30.9,32.8,70.1,18.3,5.2,351500,2371,7.9,21,69,42,11,,,Ground Sensor,Verified
233,Jodhpur,Rajasthan,Tourist,2023-05-25,2023,5,Thursday,Summer,1137815,224.4,77.32,169.64,123.88,60.33,4.8,111.01,45.33,19.4,49.1,18.5,0,289152,2009,5.1,25,108,68,24,,,Ground Sensor,Verified
234,Coimbatore,Tamil Nadu,Industrial,2023-07-03,2023,7,Monday,Monsoon,1061447,133.2,67.21,87.95,59.66,57.68,1.36,89.5,48.09,25.0,79.4,15.2,7.2,222930,593,40.9,23,59,26,15,,,Ground Sensor,Verified
235,Jodhpur,Rajasthan,Tourist,2023-10-10,2023,10,Tuesday,Post-Monsoon,1137815,61.2,26.39,35.22,16.71,8.28,17.94,51.0,20.05,31.0,32.3,3.5,1.0,361827,2218,33.8,15,15,7,3,,,Ground Sensor,Unverified
236,Amritsar,Punjab,Tourist,2023-08-17,2023,8,Thursday,Monsoon,1132761,99.2,51.65,69.0,9.07,54.78,7.1,51.55,32.79,31.1,88.2,12.8,28.0,222632,1604,9.6,22,47,19,12,,,State PCB,Verified
237,Faridabad,Haryana,Industrial,2022-07-27,2022,7,Wednesday,Monsoon,1394000,54.4,23.27,44.84,88.53,41.91,3.9,146.86,29.22,37.9,88.9,14.7,0,391469,1398,32.9,20,53,23,11,,,State PCB,Verified
238,Bangalore,Karnataka,IT Hub,2022-04-13,2022,4,Wednesday,Summer,8443675,164.8,68.05,92.81,117.43,12.16,0.67,140.4,35.63,17.1,46.4,9.3,0,2203141,5828,14.6,8,477,229,103,,,CPCB,Unverified
239,Rajkot,Gujarat,Industrial,2023-05-27,2023,5,Saturday,Summer,1286995,42.4,20.52,22.71,111.0,30.35,7.23,92.5,10.4,49.9,55.4,3.2,0,447556,1623,7.1,6,63,37,11,,,Ground Sensor,Auto
240,Hyderabad,Telangana,IT Hub,2022-06-13,2022,6,Monday,Monsoon,6809970,91.6,45.21,56.25,43.36,22.55,9.13,118.59,3.12,25.9,57.3,1.6,16.8,1787347,4590,18.0,9,302,186,72,,,Satellite,Unverified
241,Ludhiana,Punjab,Industrial,2022-04-23,2022,4,Saturday,Summer,1618879,237.9,94.63,128.26,100.27,77.27,6.54,48.69,24.08,11.3,64.1,20.4,8.2,416615,1750,44.0,9,117,72,28,,,CPCB,Verified
242,Jaipur,Rajasthan,Tourist,2022-05-20,2022,5,Friday,Summer,3046163,194.9,82.91,156.71,37.6,29.85,3.05,123.29,47.69,33.8,81.8,7.6,0,761505,3907,23.5,3,189,87,41,,,State PCB,Unverified
243,Surat,Gujarat,Industrial,2023-03-21,2023,3,Tuesday,Summer,4467797,128.8,61.02,110.33,82.6,17.79,9.7,20.66,49.03,36.7,65.6,12.2,0,1207603,5445,14.6,20,282,182,61,,,Ground Sensor,Unverified
244,Bangalore,Karnataka,IT Hub,2023-01-03,2023,1,Tuesday,Winter,8443675,150.4,49.23,104.09,60.94,80.85,18.12,117.15,2.2,39.1,27.0,14.9,3.9,2653644,8913,7.8,25,471,277,131,,,CPCB,Manual Entry
245,Patna,Bihar,Administrative,2022-10-04,2022,10,Tuesday,Post-Monsoon,1684222,108.2,55.11,80.59,87.93,24.64,12.51,100.66,17.45,,50.1,16.8,0,317923,1809,30.9,25,92,37,18,,,State PCB,Unverified
246,Surat,Gujarat,Industrial,2022-09-02,2022,9,Friday,Monsoon,4467797,39.6,20.66,31.75,79.37,43.28,8.57,118.92,16.7,25.1,79.0,7.8,0.6,1087365,5265,26.3,20,191,123,42,,,Ground Sensor,Manual Entry
247,Faridabad,Haryana,Industrial,2023-11-21,2023,11,Tuesday,Winter,1394000,194.0,113.22,159.76,158.89,13.89,18.81,79.52,4.93,33.3,50.1,14.8,0.5,316312,2154,30.1,12,139,92,31,,,State PCB,Auto
248,Kanpur,Uttar Pradesh,Industrial,2023-03-07,2023,3,Tuesday,Summer,2920496,61.3,23.76,32.21,116.49,24.67,15.66,103.81,21.17,32.0,44.1,19.2,0,871671,5148,36.6,8,147,72,24,,,State PCB,Auto
249,Kanpur,Uttar Pradesh,Industrial,2022-10-23,2022,10,Sunday,Post-Monsoon,2920496,234.6,124.53,121.72,58.61,47.03,3.49,140.14,35.88,23.3,100,16.9,0,856524,2132,10.1,11,206,84,40,,,State PCB,Verified
250,Varanasi,Uttar Pradesh,Tourist,2022-11-21,2022,11,Monday,Winter,1198491,225.2,97.84,200.43,96.18,19.76,1.21,141.04,38.66,27.4,100,7.6,6.9,327001,1511,43.8,21,96,46,27,,,Ground Sensor,Manual Entry
251,Rajkot,Gujarat,Industrial,2022-04-26,2022,4,Tuesday,Summer,1286995,276.2,143.48,237.55,27.87,50.95,5.46,72.21,42.2,24.7,62.9,20.1,2.9,359307,1072,26.5,17,123,59,18,,,CPCB,Auto
252,Pune,Maharashtra,Industrial,2023-05-18,2023,5,Thursday,Summer,3124458,108.9,63.51,94.06,54.69,17.71,14.17,68.05,19.27,37.9,56.0,17.5,9.1,608931,4973,16.5,16,144,100,38,,,Ground Sensor,Unverified
253,Ghaziabad,Uttar Pradesh,Industrial,2023-08-25,2023,8,Friday,Monsoon,1636068,85.7,41.07,47.76,32.52,59.35,6.09,63.6,46.72,21.5,49.5,20.6,5.9,370513,1247,13.0,15,64,36,18,,,Ground Sensor,Verified
254,Ghaziabad,Uttar Pradesh,Industrial,2022-11-06,2022,11,Sunday,Winter,1636068,215.2,100.68,147.51,18.13,7.26,6.03,144.28,41.88,22.1,31.3,13.5,4.2,431301,2506,44.8,5,71,30,13,,,Satellite,Auto
255,Coimbatore,Tamil Nadu,Industrial,2023-03-23,2023,3,Thursday,Summer,1061447,716.4,58.15,77.94,68.6,62.78,2.46,86.63,29.19,30.7,50.1,16.9,2.3,349549,746,41.5,14,52,25,11,,,CPCB,Unverified
256,Ludhiana,Punjab,Industrial,2023-10-06,2023,10,Friday,Post-Monsoon,1618879,168.0,88.32,120.52,127.16,80.41,12.52,59.14,34.59,31.3,56.6,9.5,0,294947,2067,41.4,6,143,78,28,,,State PCB,Unverified
257,Faridabad,Haryana,Industrial,2023-07-27,2023,7,Thursday,Monsoon,1394000,60.5,29.27,50.35,50.87,33.68,6.37,118.32,6.58,24.9,62.0,17.7,0,364556,1348,28.9,13,46,29,13,,,Satellite,Verified
258,Amritsar,Punjab,Tourist,2022-05-02,2022,5,Monday,Summer,1132761,163.6,56.07,96.63,26.17,16.24,1.8,109.81,39.42,43.5,90.5,16.9,1.1,224659,1913,15.1,5,40,16,6,,,CPCB,Verified
259,Faridabad,Haryana,Industrial,2022-05-07,2022,5,Saturday,Summer,1394000,125.2,72.11,72.88,120.04,20.74,6.16,31.8,42.45,46.2,42.6,10.0,2.9,369560,2220,28.1,3,88,50,14,,,State PCB,Manual Entry
260,Hyderabad,Telangana,IT Hub,2023-07-05,2023,7,Wednesday,Monsoon,6809970,163.8,94.55,142.2,77.73,30.45,7.97,44.07,34.0,28.3,89.6,19.1,20.6,1821140,7568,25.8,18,540,266,118,,,Satellite,Verified
261,Chennai,Tamil Nadu,Coastal,2022-12-02,2022,12,Friday,Winter,7088000,172.5,77.31,112.81,84.37,84.3,14.65,129.34,12.07,8.6,91.9,1.4,4.4,2353983,12075,32.0,24,657,335,99,,,Ground Sensor,Verified
262,Kolkata,West Bengal,Urban,2022-05-27,2022,5,Friday,Summer,4496694,69.4,41.17,55.28,118.98,19.42,6.35,45.88,10.81,35.6,71.3,6.9,1.5,1190943,7407,37.0,15,298,172,78,,,Ground Sensor,Auto
263,Visakhapatnam,Andhra Pradesh,Coastal,2022-10-13,2022,10,Thursday,Post-Monsoon,1728128,225.0,77.45,153.42,28.13,50.04,4.62,142.51,2.46,26.8,22.4,10.6,1.0,363678,2431,35.4,24,82,40,19,,,Ground Sensor,Auto
264,Pune,Maharashtra,Industrial,2022-10-28,2022,10,Friday,Post-Monsoon,3124458,115.8,43.83,73.82,125.48,55.2,17.17,24.11,22.09,20.1,76.9,9.0,0,806552,1716,33.2,18,223,146,43,,,Satellite,Auto
265,Bhopal,Madhya Pradesh,Administrative,2022-04-23,2022,4,Saturday,Summer,1795648,197.0,92.73,137.17,78.01,50.0,8.04,93.09,8.66,33.9,65.4,7.1,0,529721,2962,10.1,14,119,49,28,,,CPCB,Manual Entry
266,Nagpur,Maharashtra,Commercial,2022-04-10,2022,4,Sunday,Summer,2405665,10,4.24,5.23,40.55,24.86,5.53,31.04,34.71,38.8,66.7,9.8,3.4,448305,3576,5.8,18,45,24,9,,,Satellite,Auto
267,Coimbatore,Tamil Nadu,Industrial,2023-02-04,2023,2,Saturday,Winter,1061447,997.5,105.47,143.31,89.21,79.54,4.88,84.58,40.76,25.6,49.5,7.1,11.1,227466,1542,13.6,11,115,48,31,,,Ground Sensor,Unverified
268,Agra,Uttar Pradesh,Tourist,2022-04-05,2022,4,Tuesday,Summer,1585704,127.0,60.64,77.38,79.54,49.31,7.36,65.15,4.76,17.7,70.6,5.6,0,369897,1778,26.9,3,85,47,21,,,State PCB,Auto
269,Pune,Maharashtra,Industrial,2023-11-08,2023,11,Wednesday,Winter,3124458,290.1,170.76,231.17,85.96,105.4,11.51,99.87,38.69,18.5,70.5,6.9,0,755889,2254,22.4,13,314,190,61,,,CPCB,Unverified
270,Ranchi,Jharkhand,Industrial,2023-02-27,2023,2,Monday,Winter,1073440,175.3,61.03,135.79,50.36,32.04,3.74,23.6,40.06,34.5,51.4,18.4,5.2,358487,861,16.1,20,46,18,12,,,CPCB,Auto
271,Faridabad,Haryana,Industrial,2022-01-21,2022,1,Friday,Winter,1394000,177.6,56.23,152.48,62.34,38.29,1.99,144.16,44.94,20.1,23.3,2.8,5.6,450634,1190,31.6,21,73,40,12,,,Satellite,Auto
272,Jodhpur,Rajasthan,Tourist,2022-04-03,2022,4,Sunday,Summer,1137815,145.3,78.76,91.8,81.7,37.67,12.49,50.67,21.72,32.1,67.7,14.9,5.2,253996,1574,17.7,16,75,38,21,,,State PCB,Manual Entry
273,Jodhpur,Rajasthan,Tourist,2022-05-29,2022,5,Sunday,Summer,1137815,130.8,53.47,102.82,110.39,7.24,15.97,98.76,42.23,18.0,19.5,8.1,0,251166,1512,37.5,6,60,41,12,,,State PCB,Auto
274,Nagpur,Maharashtra,Commercial,2022-01-09,2022,1,Sunday,Winter,2405665,246.9,146.51,148.69,27.9,93.38,5.48,47.35,44.62,23.7,84.4,7.7,6.0,599176,1325,23.8,16,254,164,73,,,Satellite,Auto
275,Jodhpur,Rajasthan,Tourist,2022-04-13,2022,4,Wednesday,Summer,1137815,72.1,39.45,56.18,72.27,34.53,10.15,125.75,37.15,26.2,61.4,20.1,2.8,326696,1918,17.5,5,43,22,10,,,State PCB,Unverified
276,Ranchi,Jharkhand,Industrial,2023-09-01,2023,9,Friday,Monsoon,1073440,68.8,27.22,47.54,68.15,18.41,7.85,127.48,40.18,14.9,66.6,17.9,17.7,365623,1960,30.9,23,34,23,9,,,CPCB,Auto
277,Pune,Maharashtra,Industrial,2022-09-26,2022,9,Monday,Monsoon,3124458,174.2,88.93,98.88,40.59,27.88,3.2,31.58,19.03,31.8,56.7,10.7,0,1051061,3688,12.6,11,189,82,48,,,Ground Sensor,Auto
278,Bangalore,Karnataka,IT Hub,2023-03-18,2023,3,Saturday,Summer,8443675,193.7,115.97,118.8,92.94,40.01,7.07,38.97,15.22,19.5,57.9,20.3,4.2,2502075,10024,32.7,24,559,245,110,,,Ground Sensor,Auto
279,Amritsar,Punjab,Tourist,2023-09-04,2023,9,Monday,Monsoon,1132761,671.6,28.53,40.74,12.35,22.47,2.93,138.07,49.84,47.4,40.5,3.9,0,212661,997,19.8,20,24,11,5,,,State PCB,Auto
280,Srinagar,Jammu & Kashmir,Tourist,2022-12-14,2022,12,Wednesday,Winter,1180570,211.5,83.58,150.61,35.84,19.27,1.6,36.62,43.71,25.0,76.9,3.4,3.9,388501,1675,40.7,13,66,31,12,,,Ground Sensor,Unverified
281,Vadodara,Gujarat,Industrial,2023-11-05,2023,11,Sunday,Winter,1670806,153.9,75.58,104.05,43.09,12.73,4.42,81.13,9.01,24.1,62.0,17.5,0,426153,3313,33.8,7,82,44,13,,,CPCB,Unverified
282,Ranchi,Jharkhand,Industrial,2022-10-18,2022,10,Tuesday,Post-Monsoon,1073440,172.9,78.26,105.32,129.6,58.71,10.75,146.31,26.77,32.4,41.3,9.3,7.1,316744,1965,20.8,21,71,42,17,,,CPCB,Manual Entry
283,Bangalore,Karnataka,IT Hub,2022-01-30,2022,1,Sunday,Winter,8443675,243.1,78.85,202.35,115.57,54.68,20.09,97.25,1.28,39.5,54.5,17.1,0,2569939,13522,6.9,23,832,474,151,,,CPCB,Verified
284,Vadodara,Gujarat,Industrial,2023-09-09,2023,9,Saturday,Monsoon,1670806,66.9,23.65,59.29,78.91,8.77,9.64,41.18,39.2,33.5,52.7,-3.5,0.7,440163,1918,10.3,24,70,34,17,,,State PCB,Auto
285,Indore,Madhya Pradesh,Commercial,2023-02-02,2023,2,Thursday,Winter,1994397,149.8,66.37,108.67,79.15,86.43,17.16,99.8,22.27,25.9,62.6,8.4,4.7,435016,3050,26.0,12,118,64,28,,,CPCB,Auto
286,Lucknow,Uttar Pradesh,Administrative,2022-06-02,2022,6,Thursday,Monsoon,2815601,159.8,62.35,95.81,42.79,35.73,6.37,139.25,26.16,26.8,39.4,11.6,0,895868,2909,34.6,17,138,87,21,,,State PCB,Auto
287,Delhi,Delhi,Urban,2022-03-27,2022,3,Sunday,Summer,16787941,164.3,69.79,128.42,48.99,65.24,12.63,78.49,40.58,18.3,97.6,13.5,0,3245066,33127,5.7,15,868,522,186,,,State PCB,Auto
288,Indore,Madhya Pradesh,Commercial,2023-12-10,2023,12,Sunday,Winter,1994397,88.7,46.42,70.11,60.63,92.38,13.22,109.79,48.19,34.6,43.6,2.3,2.8,423682,3438,24.2,7,126,57,19,,,Ground Sensor,Unverified
288,Indore,Madhya Pradesh,Commercial,2023-12-10,2023,12,Sunday,Winter,1994397,88.7,46.42,70.11,60.63,92.38,13.22,109.79,48.19,34.6,43.6,2.3,2.8,423682,3438,24.2,7,126,57,19,,,Ground Sensor,Unverified
289,Ranchi,Jharkhand,Industrial,2023-05-23,2023,5,Tuesday,Summer,1073440,136.4,63.6,84.06,69.99,45.6,9.98,99.49,34.25,17.3,69.4,5.7,0,270228,1045,23.9,18,49,32,10,,,Satellite,Auto
290,Rajkot,Gujarat,Industrial,2023-03-23,2023,3,Thursday,Summer,1286995,70.7,21.65,43.49,34.26,33.87,4.25,48.56,45.54,22.2,83.0,16.8,0,260355,1209,31.9,14,38,26,10,,,State PCB,Unverified
291,Lucknow,Uttar Pradesh,Administrative,2023-12-09,2023,12,Saturday,Winter,2815601,181.5,61.47,105.21,107.29,17.59,9.14,149.19,15.88,16.1,61.6,13.8,9.2,677708,2077,7.5,16,206,137,31,,,State PCB,Verified
292,Vadodara,Gujarat,Industrial,2022-08-18,2022,8,Thursday,Monsoon,1670806,107.2,47.79,96.18,72.25,47.03,8.75,92.41,44.92,37.8,27.6,9.8,0.7,315066,3206,44.0,22,100,68,26,,,CPCB,Verified
293,Visakhapatnam,Andhra Pradesh,Coastal,2022-04-18,2022,4,Monday,Summer,1728128,158.1,57.17,101.92,99.13,63.92,12.7,84.79,43.65,31.5,70.8,16.7,1.9,370374,3377,23.9,12,133,53,36,,,CPCB,Manual Entry
294,Kanpur,Uttar Pradesh,Industrial,2023-03-01,2023,3,Wednesday,Summer,2920496,114.9,46.9,88.0,29.34,67.66,7.28,49.66,40.29,21.0,70.6,0.7,3.0,920199,3045,37.2,5,,43,14,,,Satellite,Auto
295,Ludhiana,Punjab,Industrial,2022-06-18,2022,6,Saturday,Monsoon,1618879,59.8,18.59,51.92,19.95,36.07,11.01,147.41,40.15,31.2,98.1,0.7,0,484262,2930,38.1,19,38,18,7,,,State PCB,Auto
296,Indore,Madhya Pradesh,Commercial,2023-10-22,2023,10,Sunday,Post-Monsoon,1994397,222.8,80.54,159.89,116.06,64.68,12.74,135.4,39.3,23.6,67.5,11.5,2.0,472400,3166,16.4,5,186,81,55,,,Satellite,Manual Entry
297,Ludhiana,Punjab,Industrial,2023-10-13,2023,10,Friday,Post-Monsoon,1618879,164.4,88.61,121.17,43.86,75.67,13.24,148.3,6.41,29.6,78.0,14.1,0,304534,2390,23.1,10,88,43,22,,,State PCB,Manual Entry
298,Lucknow,Uttar Pradesh,Administrative,2022-10-19,2022,10,Wednesday,Post-Monsoon,2815601,111.8,55.91,92.34,87.61,18.6,7.17,115.88,6.16,22.8,58.7,13.2,0,576956,3205,10.2,9,148,63,31,,,Satellite,Auto
299,Coimbatore,Tamil Nadu,Industrial,2023-07-27,2023,7,Thursday,Monsoon,1061447,56.5,21.4,39.49,42.43,28.5,10.5,83.64,48.69,27.0,65.0,9.0,21.5,214407,1652,23.9,8,35,15,6,,,Satellite,Verified
300,Agra,Uttar Pradesh,Tourist,2023-02-23,2023,2,Thursday,Winter,1585704,268.9,89.59,174.23,58.6,61.89,3.09,59.64,19.35,27.5,64.6,18.5,6.5,399119,3021,34.6,3,99,48,17,,,Satellite,Verified
301,Ranchi,Jharkhand,Industrial,2022-02-15,2022,2,Tuesday,Winter,1073440,94.7,44.49,81.46,134.33,56.9,15.32,98.74,38.34,33.2,37.8,11.8,0,351314,1060,14.3,15,89,53,18,,,CPCB,Auto
302,Amritsar,Punjab,Tourist,2022-10-12,2022,10,Wednesday,Post-Monsoon,1132761,178.3,88.04,150.91,105.35,57.48,14.45,111.96,28.49,35.3,78.0,14.9,6.2,314981,656,40.9,6,96,43,21,,,State PCB,Verified
303,Jaipur,Rajasthan,Tourist,2022-07-30,2022,7,Saturday,Monsoon,3046163,99.4,56.3,67.37,74.07,37.89,4.74,25.85,43.24,40.5,81.2,12.9,0,712665,2698,10.8,11,136,58,23,,,State PCB,Manual Entry
304,Patna,Bihar,Administrative,2023-11-26,2023,11,Sunday,Winter,1684222,259.7,91.1,193.7,64.09,9.85,1.89,70.69,16.68,22.0,69.2,4.0,6.3,337794,1353,35.1,15,114,65,25,,,Satellite,Verified
305,Surat,Gujarat,Industrial,2023-04-21,2023,4,Friday,Summer,4467797,122.0,37.65,91.89,121.56,7.04,9.39,96.2,5.97,27.0,62.4,3.3,4.7,1142938,7905,26.6,8,248,157,42,,,Ground Sensor,Auto
306,Delhi,Delhi,Urban,2022-01-02,2022,1,Sunday,Winter,16787941,252.8,137.48,223.61,109.59,75.57,4.1,27.82,46.17,27.1,75.0,2.3,0,5426107,13751,26.4,5,2109,1021,367,,,Ground Sensor,Verified
307,Ghaziabad,Uttar Pradesh,Industrial,2022-05-24,2022,5,Tuesday,Summer,1636068,108.3,61.05,63.31,72.08,71.67,14.65,142.9,32.12,-1.0,91.1,10.8,0.2,383949,1334,10.3,3,126,62,36,,,CPCB,Verified
307,Ghaziabad,Uttar Pradesh,Industrial,2022-05-24,2022,5,Tuesday,Summer,1636068,108.3,61.05,63.31,72.08,71.67,14.65,142.9,32.12,-1.0,91.1,10.8,0.2,383949,1334,10.3,3,126,62,36,,,CPCB,Verified
308,Kolkata,West Bengal,Urban,2023-04-19,2023,4,Wednesday,Summer,4496694,115.8,35.06,92.32,102.77,61.65,11.86,44.9,41.0,31.8,34.3,4.3,3.0,1548843,2496,5.3,23,269,164,64,,,Satellite,Auto
309,Hyderabad,Telangana,IT Hub,2023-07-20,2023,7,Thursday,Monsoon,6809970,211.1,75.59,167.92,62.95,37.67,2.28,96.46,37.55,41.0,93.4,19.6,0,2069637,6207,32.1,22,472,192,139,,,Ground Sensor,Verified
309,Hyderabad,Telangana,IT Hub,2023-07-20,2023,7,Thursday,Monsoon,6809970,211.1,75.59,167.92,62.95,37.67,2.28,96.46,37.55,41.0,93.4,19.6,0,2069637,6207,32.1,22,472,192,139,,,Ground Sensor,Verified
310,Ahmedabad,Gujarat,Industrial,2023-12-08,2023,12,Friday,Winter,5570585,158.5,67.71,83.97,52.5,24.27,7.01,101.38,5.74,13.6,64.6,5.0,0,1319289,4877,7.2,13,226,106,45,,,State PCB,Verified
311,Ludhiana,Punjab,Industrial,2023-09-07,2023,9,Thursday,Monsoon,1618879,46.3,22.56,33.84,14.56,7.16,0.74,60.73,42.54,18.7,69.6,13.2,19.2,374365,2330,16.8,15,19,11,4,,,Ground Sensor,Unverified
312,Ranchi,Jharkhand,Industrial,2023-09-06,2023,9,Wednesday,Monsoon,1073440,75.8,40.66,56.84,44.91,29.86,5.03,100.63,5.96,21.0,35.6,19.1,7.9,300486,710,38.6,21,30,18,7,,,Satellite,Manual Entry
313,Patna,Bihar,Administrative,2023-05-08,2023,5,Monday,Summer,1684222,132.6,49.45,108.56,18.32,31.21,7.5,144.77,37.96,19.4,44.4,23.6,1.4,391538,1708,32.1,4,52,20,12,,,CPCB,Auto
314,Kanpur,Uttar Pradesh,Industrial,2022-07-20,2022,7,Wednesday,Monsoon,2920496,74.5,44.18,56.34,24.1,7.6,2.43,81.84,34.9,16.0,66.2,16.6,0,692339,2772,41.4,18,74,31,20,,,CPCB,Unverified
315,Rajkot,Gujarat,Industrial,2022-08-24,2022,8,Wednesday,Monsoon,1286995,69.6,30.9,56.16,74.71,49.16,4.46,72.04,41.48,29.2,62.8,12.0,0,262815,1493,44.0,9,64,43,13,,,State PCB,Unverified
315,Rajkot,Gujarat,Industrial,2022-08-24,2022,8,Wednesday,Monsoon,1286995,69.6,30.9,56.16,74.71,49.16,4.46,72.04,41.48,29.2,62.8,12.0,0,262815,1493,44.0,9,64,43,13,,,State PCB,Unverified
316,Agra,Uttar Pradesh,Tourist,2023-03-21,2023,3,Tuesday,Summer,1585704,159.1,54.61,138.33,107.18,21.31,6.58,68.65,30.38,26.0,74.8,11.4,6.3,336402,2066,36.8,7,110,54,17,,,Ground Sensor,Unverified
317,Amritsar,Punjab,Tourist,2022-03-25,2022,3,Friday,Summer,1132761,167.0,89.39,136.3,85.4,19.31,6.74,134.71,37.81,21.2,77.2,16.1,6.7,305087,1387,30.5,21,94,50,22,,,State PCB,Unverified
318,Jodhpur,Rajasthan,Tourist,2022-07-27,2022,7,Wednesday,Monsoon,1137815,68.7,25.12,46.04,38.61,12.59,9.54,53.09,5.15,29.7,60.2,7.0,0,212764,1443,19.7,18,26,13,5,,,Ground Sensor,Verified
319,Hyderabad,Telangana,IT Hub,2023-03-29,2023,3,Wednesday,Summer,6809970,137.8,51.02,104.5,54.45,12.3,13.99,86.66,32.54,32.1,15.4,13.9,1.9,1270112,5451,37.6,24,239,119,46,,,State PCB,Unverified
320,Ranchi,Jharkhand,Industrial,2023-07-11,2023,7,Tuesday,Monsoon,1073440,102.1,39.8,84.64,72.11,26.46,4.79,95.39,33.11,27.5,36.4,13.3,5.6,265757,902,36.4,17,54,29,12,,,Ground Sensor,Manual Entry
321,Faridabad,Haryana,Industrial,2022-03-29,2022,3,Tuesday,Summer,1394000,108.7,42.81,62.51,104.19,63.08,3.89,78.5,28.36,20.6,78.6,22.0,7.9,253214,2391,32.4,15,103,51,21,,,Satellite,Manual Entry
322,Coimbatore,Tamil Nadu,Industrial,2022-01-24,2022,1,Monday,Winter,1061447,164.0,56.06,146.15,167.12,66.66,16.92,138.79,29.12,27.2,44.8,15.7,2.4,260790,1286,17.2,8,87,59,21,,,State PCB,Verified
323,Ghaziabad,Uttar Pradesh,Industrial,2023-12-07,2023,12,Thursday,Winter,1636068,173.1,83.29,88.43,44.65,102.69,8.53,46.77,15.26,19.3,56.6,11.4,1.4,385377,3050,21.7,5,109,75,18,,,State PCB,Unverified
324,Ranchi,Jharkhand,Industrial,2022-07-30,2022,7,Saturday,Monsoon,1073440,69.6,34.75,39.21,54.95,21.21,2.58,113.18,23.49,41.7,78.4,29.6,0,303594,934,23.5,4,35,19,7,,,Satellite,Auto
325,Kanpur,Uttar Pradesh,Industrial,2023-12-19,2023,12,Tuesday,Winter,2920496,230.0,127.17,187.93,74.23,93.46,17.95,73.96,9.8,21.7,45.7,5.4,4.9,872494,1878,11.3,23,308,127,87,,,CPCB,Unverified
326,Srinagar,Jammu & Kashmir,Tourist,2023-05-21,2023,5,Sunday,Summer,1180570,56.0,18.85,36.28,102.4,47.11,12.98,73.31,9.08,35.2,61.6,13.7,6.6,348097,1408,6.5,11,54,28,9,,,State PCB,Manual Entry
327,Varanasi,Uttar Pradesh,Tourist,2023-04-21,2023,4,Friday,Summer,1198491,157.4,70.12,83.01,77.36,25.49,15.7,38.23,41.2,30.7,49.7,14.7,1.2,275658,1560,32.1,7,67,28,17,,,State PCB,Unverified
327,Varanasi,Uttar Pradesh,Tourist,2023-04-21,2023,4,Friday,Summer,1198491,157.4,70.12,83.01,77.36,25.49,15.7,38.23,41.2,30.7,49.7,14.7,1.2,275658,1560,32.1,7,67,28,17,,,State PCB,Unverified
328,Surat,Gujarat,Industrial,2022-07-16,2022,7,Saturday,Monsoon,4467797,90.0,45.34,47.25,86.6,9.18,9.46,106.33,36.48,37.2,66.5,14.1,0,1280263,6420,14.3,6,260,134,55,,,State PCB,Verified
329,Nagpur,Maharashtra,Commercial,2023-11-01,2023,11,Wednesday,Winter,2405665,151.1,66.12,79.53,139.52,75.24,8.19,28.75,11.71,35.3,51.4,19.7,2.8,652298,4777,29.0,23,245,110,71,,,State PCB,Manual Entry
330,Hyderabad,Telangana,IT Hub,2023-10-13,2023,10,Friday,Post-Monsoon,6809970,152.8,80.74,118.4,141.1,65.97,1.77,22.29,45.69,18.9,67.5,11.6,0,2041540,3540,14.5,16,484,303,81,,,CPCB,Verified
331,Bangalore,Karnataka,IT Hub,2023-01-19,2023,1,Thursday,Winter,8443675,130.3,53.77,98.59,50.66,83.16,20.77,77.68,43.99,28.0,71.6,15.9,1.3,2656401,9476,34.3,13,543,339,100,,,CPCB,Unverified
332,Faridabad,Haryana,Industrial,2023-12-05,2023,12,Tuesday,Winter,1394000,160.7,81.78,94.65,148.4,61.75,4.43,101.87,4.17,8.2,62.6,29.7,5.0,473272,959,13.2,19,,62,29,,,Ground Sensor,Manual Entry
333,Hyderabad,Telangana,IT Hub,2022-07-22,2022,7,Friday,Monsoon,6809970,98.3,36.84,60.38,44.48,39.5,3.33,121.57,4.92,33.0,79.9,11.0,13.0,1810769,10912,5.8,15,289,186,77,,,CPCB,Manual Entry
333,Hyderabad,Telangana,IT Hub,2022-07-22,2022,7,Friday,Monsoon,6809970,98.3,36.84,60.38,44.48,39.5,3.33,121.57,4.92,33.0,79.9,11.0,13.0,1810769,10912,5.8,15,289,186,77,,,CPCB,Manual Entry
334,Kanpur,Uttar Pradesh,Industrial,2023-01-29,2023,1,Sunday,Winter,2920496,72.0,34.31,47.78,19.98,103.77,8.51,93.53,10.52,28.8,45.9,13.8,6.5,778701,3600,42.1,10,135,82,33,,,CPCB,Manual Entry
335,Meerut,Uttar Pradesh,Industrial,2023-12-25,2023,12,Monday,Winter,1309023,118.0,59.34,91.91,113.38,34.44,9.95,108.54,13.46,12.2,30.5,12.5,0.5,407191,1919,41.0,19,106,55,25,,,Ground Sensor,Unverified
336,Ghaziabad,Uttar Pradesh,Industrial,2023-03-14,2023,3,Tuesday,Summer,1636068,,,108.46,57.32,30.91,7.12,133.93,36.65,34.8,84.1,16.5,1.6,334185,2655,44.5,18,117,60,22,,,CPCB,Auto
337,Visakhapatnam,Andhra Pradesh,Coastal,2023-03-03,2023,3,Friday,Summer,1728128,88.2,43.77,69.95,31.65,36.41,11.78,45.74,9.92,36.3,53.0,13.5,0,328390,1337,21.4,23,69,32,19,,,CPCB,Unverified
338,Chennai,Tamil Nadu,Coastal,2022-10-28,2022,10,Friday,Post-Monsoon,7088000,185.2,59.14,94.82,42.99,49.67,13.83,21.24,14.04,30.1,88.4,9.5,1.3,1530168,11962,15.6,18,325,180,95,,,Satellite,Auto
339,Surat,Gujarat,Industrial,2023-01-15,2023,1,Sunday,Winter,4467797,160.2,80.81,102.06,62.54,32.16,8.03,71.8,30.93,44.1,53.7,12.2,0.7,1465401,4926,9.9,19,312,211,48,,,State PCB,Manual Entry
339,Surat,Gujarat,Industrial,2023-01-15,2023,1,Sunday,Winter,4467797,160.2,80.81,102.06,62.54,32.16,8.03,71.8,30.93,44.1,53.7,12.2,0.7,1465401,4926,9.9,19,312,211,48,,,State PCB,Manual Entry
340,Ranchi,Jharkhand,Industrial,2023-12-18,2023,12,Monday,Winter,1073440,66.6,38.04,52.82,59.25,27.48,3.61,87.61,29.02,33.9,41.4,19.4,6.1,248210,1620,22.9,6,44,29,7,,,State PCB,Unverified
341,Pune,Maharashtra,Industrial,2022-06-24,2022,6,Friday,Monsoon,3124458,98.7,32.27,66.55,66.55,12.76,10.48,137.34,38.55,16.3,62.9,16.6,0,627786,2198,32.7,10,118,72,19,,,CPCB,Manual Entry
342,Nagpur,Maharashtra,Commercial,2023-01-26,2023,1,Thursday,Winter,2405665,206.4,102.4,168.0,162.8,52.88,5.44,53.68,15.26,,71.7,8.8,0,818266,3269,34.5,12,208,102,43,,,State PCB,Auto
343,Patna,Bihar,Administrative,2022-11-24,2022,11,Thursday,Winter,1684222,200.3,116.24,110.3,116.22,69.03,2.86,21.19,42.77,13.8,45.2,22.1,0.2,497850,1214,38.1,4,150,93,41,,,Satellite,Verified
343,Patna,Bihar,Administrative,2022-11-24,2022,11,Thursday,Winter,1684222,200.3,116.24,110.3,116.22,69.03,2.86,21.19,42.77,13.8,45.2,22.1,0.2,497850,1214,38.1,4,150,93,41,,,Satellite,Verified
344,Varanasi,Uttar Pradesh,Tourist,2022-06-13,2022,6,Monday,Monsoon,1198491,149.4,59.94,115.21,89.2,46.37,4.63,88.62,14.87,27.4,55.6,8.3,14.3,242398,1951,33.4,17,78,50,21,,,State PCB,Auto
345,Rajkot,Gujarat,Industrial,2023-05-10,2023,5,Wednesday,Summer,1286995,95.5,36.98,53.26,37.39,67.24,12.28,21.19,36.57,17.3,46.2,15.4,0.8,439595,1468,44.0,8,61,41,10,,,CPCB,Manual Entry
346,Coimbatore,Tamil Nadu,Industrial,2023-03-21,2023,3,Tuesday,Summer,1061447,226.4,95.37,116.29,40.14,45.81,11.52,144.09,32.99,25.9,38.3,18.5,2.6,331398,1907,19.7,6,70,33,17,,,CPCB,Auto
347,Meerut,Uttar Pradesh,Industrial,2023-11-16,2023,11,Thursday,Winter,1309023,73.7,42.18,43.46,104.37,110.67,10.43,110.18,5.63,21.4,49.2,21.3,1.0,302020,900,26.5,15,88,54,24,,,CPCB,Auto
348,Vadodara,Gujarat,Industrial,2023-07-04,2023,7,Tuesday,Monsoon,1670806,108.1,34.5,90.23,51.97,49.81,7.46,117.96,11.17,18.4,54.6,9.5,20.0,302257,1956,31.1,5,62,25,14,,,CPCB,Verified
349,Kolkata,West Bengal,Urban,2023-06-03,2023,6,Saturday,Monsoon,4496694,49.0,19.1,43.46,21.66,58.71,7.53,52.28,3.26,44.3,45.5,10.0,22.9,916315,5556,29.2,19,111,74,33,,,CPCB,Verified
350,Ahmedabad,Gujarat,Industrial,2022-02-07,2022,2,Monday,Winter,5570585,206.7,113.62,182.47,106.73,29.68,7.99,36.7,31.49,34.2,73.7,14.1,0,1381561,3480,26.4,5,430,226,109,,,Satellite,Unverified
351,Rajkot,Gujarat,Industrial,2023-01-17,2023,1,Tuesday,Winter,1286995,294.7,138.22,223.68,92.76,24.22,17.38,61.13,39.6,13.1,95.6,12.1,4.2,347939,1963,41.4,11,113,56,18,,,State PCB,Manual Entry
352,Mumbai,Maharashtra,Industrial,2022-04-11,2022,4,Monday,Summer,12478447,28.8,11.93,15.63,123.0,20.0,12.17,59.85,41.25,42.7,35.5,12.5,0,3416126,17609,20.6,14,711,320,207,,,Ground Sensor,Auto
353,Coimbatore,Tamil Nadu,Industrial,2022-05-11,2022,5,Wednesday,Summer,1061447,27.7,10.45,21.43,97.3,59.75,2.83,93.78,14.1,38.0,46.0,4.9,6.1,313441,1196,23.7,12,49,26,9,,,Ground Sensor,Unverified
354,Lucknow,Uttar Pradesh,Administrative,2023-10-13,2023,10,Friday,Post-Monsoon,2815601,256.5,108.23,160.34,23.9,13.15,13.3,142.83,9.09,12.9,90.9,15.5,0,925319,5471,24.2,19,151,83,39,,,CPCB,Auto
355,Mumbai,Maharashtra,Industrial,2023-09-24,2023,9,Sunday,Monsoon,12478447,81.5,29.08,67.82,8.1,27.66,6.19,64.86,49.72,18.5,21.8,26.4,4.8,3697279,7032,35.5,10,250,112,72,,,Satellite,Unverified
356,Visakhapatnam,Andhra Pradesh,Coastal,2022-12-28,2022,12,Wednesday,Winter,1728128,259.1,107.22,168.27,31.44,102.97,5.77,90.09,38.55,25.5,72.4,15.4,0.3,527881,2338,30.7,4,114,56,33,,,Ground Sensor,Verified
357,Kanpur,Uttar Pradesh,Industrial,2022-01-07,2022,1,Friday,Winter,2920496,233.3,113.08,147.32,68.5,7.54,18.77,44.2,18.37,35.5,73.8,18.2,3.4,602004,2002,14.0,15,205,91,50,,,Satellite,Auto
358,Jodhpur,Rajasthan,Tourist,2022-07-06,2022,7,Wednesday,Monsoon,1137815,65.7,39.19,50.07,43.75,11.62,8.5,20.76,44.3,26.6,57.5,9.2,3.3,286250,1134,43.4,11,28,16,8,,,Ground Sensor,Auto
359,Faridabad,Haryana,Industrial,2023-11-30,2023,11,Thursday,Winter,1394000,222.3,114.31,140.02,131.72,99.59,10.89,140.06,42.31,25.0,66.2,13.0,1.5,287780,1742,18.7,22,173,81,43,,,Ground Sensor,Auto
360,Lucknow,Uttar Pradesh,Administrative,2022-10-16,2022,10,Sunday,Post-Monsoon,2815601,44.8,16.76,25.12,79.48,28.45,13.94,132.34,49.72,29.2,60.6,23.1,3.0,894493,4369,28.6,23,107,48,31,,,CPCB,Unverified
361,Nagpur,Maharashtra,Commercial,2022-02-09,2022,2,Wednesday,Winter,2405665,296.3,113.23,170.92,36.52,8.85,4.75,132.37,19.64,15.7,55.1,16.2,0.6,607268,1424,19.5,14,141,58,23,,,State PCB,Manual Entry
362,Jodhpur,Rajasthan,Tourist,2022-02-18,2022,2,Friday,Winter,1137815,183.0,91.18,115.07,57.94,36.42,13.01,76.02,13.36,28.2,42.0,12.3,5.5,336910,1883,34.7,21,60,30,16,,,Satellite,Unverified
363,Meerut,Uttar Pradesh,Industrial,2022-10-10,2022,10,Monday,Post-Monsoon,1309023,219.3,79.6,143.32,129.11,17.74,13.52,35.65,29.74,37.9,44.7,15.4,6.8,441579,801,44.6,9,104,52,26,,,State PCB,Verified
364,Bangalore,Karnataka,IT Hub,2022-07-16,2022,7,Saturday,Monsoon,8443675,40.9,23.18,32.83,77.3,35.27,4.15,67.58,31.86,,75.8,16.3,0,2887023,14238,16.6,21,294,141,86,,,State PCB,Auto
365,Bhopal,Madhya Pradesh,Administrative,2023-12-03,2023,12,Sunday,Winter,1795648,192.1,88.32,135.51,25.55,52.96,11.04,93.12,20.12,23.7,51.5,19.8,1.1,503965,921,33.8,11,121,67,27,,,State PCB,Manual Entry
366,Rajkot,Gujarat,Industrial,2022-10-02,2022,10,Sunday,Post-Monsoon,1286995,117.7,36.93,70.08,17.16,19.33,15.97,140.54,14.25,26.4,67.2,3.7,1.0,348622,646,8.3,25,29,16,5,,,Satellite,Unverified
367,Patna,Bihar,Administrative,2023-09-19,2023,9,Tuesday,Monsoon,1684222,174.3,67.72,155.86,59.14,4.34,4.24,114.96,14.7,27.9,63.5,5.4,0,572017,2315,15.3,23,89,53,25,,,State PCB,Auto
368,Ahmedabad,Gujarat,Industrial,2022-11-29,2022,11,Tuesday,Winter,5570585,170.0,92.21,136.22,37.97,31.33,15.44,67.92,45.21,38.5,70.5,14.1,4.2,1181555,6884,11.5,8,353,209,54,,,State PCB,Verified
369,Bangalore,Karnataka,IT Hub,2022-03-15,2022,3,Tuesday,Summer,8443675,253.6,108.51,172.95,89.06,38.71,12.1,37.85,37.77,31.7,60.7,9.8,2.3,1539314,14740,15.7,23,833,366,221,,,CPCB,Verified
370,Vadodara,Gujarat,Industrial,2022-12-13,2022,12,Tuesday,Winter,1670806,,,161.99,151.43,92.62,6.94,82.26,12.95,25.3,44.8,10.7,0.2,313392,2200,5.0,10,130,86,27,,,Ground Sensor,Auto
371,Bangalore,Karnataka,IT Hub,2022-12-28,2022,12,Wednesday,Winter,8443675,177.7,88.24,104.9,149.36,47.4,18.65,126.96,6.51,29.9,68.5,24.0,7.0,2032750,12019,40.8,22,649,439,186,,,Ground Sensor,Manual Entry
372,Agra,Uttar Pradesh,Tourist,2022-07-05,2022,7,Tuesday,Monsoon,1585704,87.4,43.72,54.24,74.95,23.35,1.51,139.11,33.42,23.9,93.3,7.5,3.6,286014,3012,20.6,18,61,36,12,,,CPCB,Auto
373,Amritsar,Punjab,Tourist,2022-10-13,2022,10,Thursday,Post-Monsoon,1132761,130.5,44.8,82.09,28.83,75.08,6.74,84.25,24.58,38.7,55.4,9.9,0,385688,2132,24.7,20,46,25,10,,,Ground Sensor,Verified
373,Amritsar,Punjab,Tourist,2022-10-13,2022,10,Thursday,Post-Monsoon,1132761,130.5,44.8,82.09,28.83,75.08,6.74,84.25,24.58,38.7,55.4,9.9,0,385688,2132,24.7,20,46,25,10,,,Ground Sensor,Verified
374,Srinagar,Jammu & Kashmir,Tourist,2023-03-08,2023,3,Wednesday,Summer,1180570,228.0,84.99,189.5,17.76,16.87,15.89,111.52,19.5,48.4,68.5,5.5,5.5,345513,720,19.6,5,61,40,9,,,CPCB,Auto
375,Bangalore,Karnataka,IT Hub,2022-07-06,2022,7,Wednesday,Monsoon,8443675,75.2,34.48,66.18,46.29,44.39,5.2,103.83,1.65,28.8,65.4,13.4,0,1769022,6252,23.2,25,308,162,90,,,Satellite,Unverified
376,Patna,Bihar,Administrative,2022-06-10,2022,6,Friday,Monsoon,1684222,53.7,20.48,28.81,38.65,57.25,8.46,72.05,3.74,16.4,83.3,20.1,1.9,325266,2591,20.2,4,54,32,11,,,Ground Sensor,Unverified
377,Jaipur,Rajasthan,Tourist,2022-04-22,2022,4,Friday,Summer,3046163,188.5,100.6,119.55,39.98,18.93,2.25,47.55,1.54,32.6,70.9,9.9,3.7,672766,1911,24.4,4,185,76,55,,,Satellite,Verified
378,Kanpur,Uttar Pradesh,Industrial,2022-10-17,2022,10,Monday,Post-Monsoon,2920496,301.0,176.85,210.69,53.51,41.16,6.79,36.84,34.06,19.7,97.2,4.9,0.9,910494,1564,6.5,8,332,180,93,,,Ground Sensor,Verified
379,Jodhpur,Rajasthan,Tourist,2023-10-03,2023,10,Tuesday,Post-Monsoon,1137815,243.5,137.68,200.43,98.36,75.19,3.4,145.28,26.3,35.0,56.1,3.4,4.3,356716,1147,40.6,24,111,72,23,,,State PCB,Verified
380,Bangalore,Karnataka,IT Hub,2023-08-04,2023,8,Friday,Monsoon,8443675,81.5,39.8,56.97,73.89,11.77,9.84,91.13,48.48,28.7,51.6,16.3,12.3,2860628,6266,12.2,17,320,162,52,,,Ground Sensor,Manual Entry
380,Bangalore,Karnataka,IT Hub,2023-08-04,2023,8,Friday,Monsoon,8443675,81.5,39.8,56.97,73.89,11.77,9.84,91.13,48.48,28.7,51.6,16.3,12.3,2860628,6266,12.2,17,320,162,52,,,Ground Sensor,Manual Entry
381,Delhi,Delhi,Urban,2022-09-08,2022,9,Thursday,Monsoon,16787941,13.4,6.81,9.67,20.25,9.67,4.46,94.12,42.84,30.7,100,9.3,0,4358872,21869,9.3,15,217,93,38,,,State PCB,Auto
382,Surat,Gujarat,Industrial,2022-03-08,2022,3,Tuesday,Summer,4467797,59.7,26.6,46.58,68.62,28.47,1.16,40.25,24.03,52.5,48.8,7.9,6.3,1093039,8509,7.2,3,161,85,35,,,Ground Sensor,Manual Entry
383,Jaipur,Rajasthan,Tourist,2023-10-13,2023,10,Friday,Post-Monsoon,3046163,173.5,61.22,96.58,48.16,13.35,15.8,78.68,21.57,31.8,100,12.8,2.2,1011760,3481,42.7,18,162,79,29,,,State PCB,Auto
384,Kanpur,Uttar Pradesh,Industrial,2023-12-11,2023,12,Monday,Winter,2920496,52.5,24.57,44.99,44.58,82.89,12.44,38.8,33.54,21.6,74.5,3.3,4.0,532732,5387,36.7,24,147,80,29,,,CPCB,Auto
385,Ghaziabad,Uttar Pradesh,Industrial,2022-05-09,2022,5,Monday,Summer,1636068,55.4,27.18,41.89,80.98,8.51,12.44,44.4,35.13,29.7,33.2,12.9,3.7,347659,2485,17.1,12,77,39,15,,,CPCB,Auto
385,Ghaziabad,Uttar Pradesh,Industrial,2022-05-09,2022,5,Monday,Summer,1636068,55.4,27.18,41.89,80.98,8.51,12.44,44.4,35.13,29.7,33.2,12.9,3.7,347659,2485,17.1,12,77,39,15,,,CPCB,Auto
386,Faridabad,Haryana,Industrial,2022-04-17,2022,4,Sunday,Summer,1394000,162.4,53.1,82.28,123.83,14.05,12.51,101.1,27.69,21.7,42.4,15.1,0,452757,1140,39.3,6,101,57,16,,,Ground Sensor,Auto
387,Srinagar,Jammu & Kashmir,Tourist,2023-10-23,2023,10,Monday,Post-Monsoon,1180570,125.0,37.77,81.21,41.56,31.52,15.91,54.38,42.09,15.4,65.8,6.0,1.5,295702,617,37.8,22,35,17,9,,,State PCB,Auto
388,Ahmedabad,Gujarat,Industrial,2023-07-24,2023,7,Monday,Monsoon,5570585,185.9,110.08,107.29,60.67,50.36,9.09,95.12,7.31,13.6,18.4,18.0,33.8,1492566,6440,30.3,15,342,219,77,,,Satellite,Unverified
389,Surat,Gujarat,Industrial,2022-07-28,2022,7,Thursday,Monsoon,4467797,105.3,31.96,85.11,20.13,38.52,6.29,146.41,29.02,29.0,92.1,13.5,26.2,1394802,3484,38.6,15,133,62,23,,,CPCB,Manual Entry
390,Chennai,Tamil Nadu,Coastal,2022-05-28,2022,5,Saturday,Summer,7088000,134.1,65.46,101.27,81.1,14.03,7.87,97.47,6.25,24.6,100,17.8,3.6,1711309,12456,7.9,23,,205,57,,,Ground Sensor,Auto
391,Jodhpur,Rajasthan,Tourist,2022-11-18,2022,11,Friday,Winter,1137815,125.7,43.78,77.85,153.16,76.26,13.51,131.13,6.74,21.5,49.8,16.6,6.4,205776,1459,26.4,19,83,36,19,,,State PCB,Unverified
392,Ranchi,Jharkhand,Industrial,2023-01-09,2023,1,Monday,Winter,1073440,178.7,59.75,104.84,64.44,30.07,15.47,142.18,14.11,8.3,65.7,7.6,5.1,246928,1736,12.7,8,55,30,11,,,Satellite,Auto
393,Kolkata,West Bengal,Urban,2023-08-21,2023,8,Monday,Monsoon,4496694,112.2,39.24,65.34,67.07,28.13,5.23,97.52,14.31,17.7,56.0,14.6,0,1079186,8304,43.3,11,225,120,63,,,Satellite,Manual Entry
394,Nagpur,Maharashtra,Commercial,2022-01-31,2022,1,Monday,Winter,2405665,216.5,72.38,178.28,80.13,26.52,5.68,47.97,19.21,32.3,73.7,21.1,1.4,726165,1974,7.6,12,151,74,27,,,State PCB,Verified
395,Vadodara,Gujarat,Industrial,2022-10-12,2022,10,Wednesday,Post-Monsoon,1670806,122.4,66.38,94.09,87.76,64.16,12.47,76.58,40.86,9.1,62.0,13.8,0,378689,1134,14.5,3,112,65,26,,,CPCB,Auto
395,Vadodara,Gujarat,Industrial,2022-10-12,2022,10,Wednesday,Post-Monsoon,1670806,122.4,66.38,94.09,87.76,64.16,12.47,76.58,40.86,9.1,62.0,13.8,0,378689,1134,14.5,3,112,65,26,,,CPCB,Auto
396,Bhopal,Madhya Pradesh,Administrative,2023-10-19,2023,10,Thursday,Post-Monsoon,1795648,188.9,77.85,141.12,15.87,10.31,0.78,33.67,16.82,27.2,51.8,6.1,2.3,598645,1891,39.7,11,85,59,24,,,CPCB,Verified
397,Delhi,Delhi,Urban,2022-11-08,2022,11,Tuesday,Winter,16787941,226.0,72.88,142.76,108.36,92.31,6.18,42.14,7.75,24.0,62.5,18.5,0,5555561,32715,26.1,21,1354,723,227,,,Ground Sensor,Manual Entry
398,Surat,Gujarat,Industrial,2023-05-10,2023,5,Wednesday,Summer,4467797,150.2,58.39,80.05,78.58,77.51,11.07,115.58,11.09,34.2,100,19.5,1.6,968363,7719,28.6,19,249,107,45,,,Satellite,Manual Entry
399,Rajkot,Gujarat,Industrial,2023-04-10,2023,4,Monday,Summer,1286995,146.6,72.82,123.05,23.78,16.23,15.17,70.12,23.17,24.1,50.7,10.2,1.9,324227,1968,23.4,6,64,36,10,,,State PCB,Verified
400,Jodhpur,Rajasthan,Tourist,2023-04-17,2023,4,Monday,Summer,1137815,148.6,74.09,101.22,43.14,81.97,1.89,76.09,8.38,29.8,36.2,11.9,4.0,223726,1675,21.1,22,78,41,15,,,Ground Sensor,Auto
401,Kolkata,West Bengal,Urban,2023-11-29,2023,11,Wednesday,Winter,4496694,202.1,63.67,121.2,31.11,19.09,18.87,94.78,12.7,21.7,56.8,18.9,0,1118665,4898,24.8,8,158,102,40,,,Satellite,Manual Entry
402,Rajkot,Gujarat,Industrial,2023-09-03,2023,9,Sunday,Monsoon,1286995,96.7,34.39,83.49,58.82,45.32,9.65,109.43,9.34,28.6,55.0,8.7,0,442187,1929,40.3,8,52,21,15,,,CPCB,Manual Entry
403,Bhopal,Madhya Pradesh,Administrative,2023-08-21,2023,8,Monday,Monsoon,1795648,137.0,41.15,116.39,46.49,6.29,0.56,108.41,15.24,29.3,83.4,12.3,0,353740,3063,26.8,24,55,30,11,,,Satellite,Auto
404,Mumbai,Maharashtra,Industrial,2022-12-28,2022,12,Wednesday,Winter,12478447,160.1,72.9,122.56,147.23,95.59,10.53,55.09,26.45,34.8,52.8,9.4,0,4354913,12925,22.2,9,940,538,239,,,State PCB,Auto
405,Meerut,Uttar Pradesh,Industrial,2022-04-21,2022,4,Thursday,Summer,1309023,165.8,97.76,141.07,93.13,79.69,7.72,144.58,26.82,26.8,90.0,16.6,0,328486,2606,18.7,22,103,42,23,,,Ground Sensor,Manual Entry
406,Lucknow,Uttar Pradesh,Administrative,2022-04-23,2022,4,Saturday,Summer,2815601,654.9,107.61,146.11,29.18,85.25,10.5,106.36,15.88,26.2,51.5,22.5,2.2,642275,3912,31.4,3,160,78,34,,,Satellite,Unverified
407,Chennai,Tamil Nadu,Coastal,2022-10-05,2022,10,Wednesday,Post-Monsoon,7088000,157.9,54.12,125.22,69.03,88.64,5.66,24.18,46.71,28.1,90.1,7.4,3.6,2365320,13038,22.4,13,536,310,94,,,State PCB,Unverified
408,Jaipur,Rajasthan,Tourist,2022-05-19,2022,5,Thursday,Summer,3046163,,,66.9,123.18,43.55,3.47,121.71,41.86,30.7,80.1,16.2,0,903119,3156,23.5,20,186,100,54,,,Ground Sensor,Verified
409,Ludhiana,Punjab,Industrial,2022-05-24,2022,5,Tuesday,Summer,1618879,75.7,36.7,47.03,40.36,47.76,2.58,90.63,28.71,24.4,92.3,7.2,3.5,293036,2770,7.2,23,72,38,11,,,CPCB,Manual Entry
410,Coimbatore,Tamil Nadu,Industrial,2023-05-09,2023,5,Tuesday,Summer,1061447,98.9,33.27,72.58,72.81,64.65,11.74,87.11,28.54,13.1,70.6,11.3,5.5,218989,1530,29.9,9,59,40,15,,,CPCB,Unverified
411,Agra,Uttar Pradesh,Tourist,2022-05-04,2022,5,Wednesday,Summer,1585704,90.0,41.05,53.92,23.54,7.53,8.62,70.79,46.38,25.2,81.9,13.8,3.7,513948,1411,9.9,7,43,22,10,,,State PCB,Unverified
412,Ghaziabad,Uttar Pradesh,Industrial,2023-11-05,2023,11,Sunday,Winter,1636068,187.4,95.55,108.71,87.99,37.39,2.73,96.54,19.0,37.6,56.9,17.9,2.4,520750,1181,28.2,4,111,48,23,,,Ground Sensor,Verified
413,Srinagar,Jammu & Kashmir,Tourist,2022-12-30,2022,12,Friday,Winter,1180570,100.2,59.0,68.85,125.35,36.07,20.63,66.51,42.94,20.6,59.6,10.4,0,225099,1751,33.6,7,78,48,15,,,Satellite,Auto
414,Chennai,Tamil Nadu,Coastal,2023-10-23,2023,10,Monday,Post-Monsoon,7088000,10,4.82,5.72,105.52,51.63,12.06,53.7,35.19,30.1,37.6,7.8,0,1357259,3857,25.0,24,363,170,90,,,State PCB,Unverified
415,Kolkata,West Bengal,Urban,2022-06-28,2022,6,Tuesday,Monsoon,4496694,58.2,30.17,38.04,87.8,55.63,1.05,52.56,2.83,28.0,38.4,6.0,20.0,831924,3422,30.5,20,190,101,32,,,Satellite,Auto
416,Indore,Madhya Pradesh,Commercial,2023-11-27,2023,11,Monday,Winter,1994397,170.4,59.4,140.67,138.54,27.19,12.52,101.79,33.76,33.2,70.5,22.5,4.0,497332,2632,41.4,23,117,53,30,,,State PCB,Unverified
417,Coimbatore,Tamil Nadu,Industrial,2023-05-01,2023,5,Monday,Summer,1061447,107.5,48.41,69.09,119.87,75.91,13.34,77.05,31.65,35.3,41.5,17.0,4.5,209269,1324,37.9,12,61,34,9,,,Satellite,Auto
418,Rajkot,Gujarat,Industrial,2023-01-02,2023,1,Monday,Winter,1286995,324.0,191.28,171.68,102.6,96.59,19.62,85.01,20.56,34.7,89.0,15.2,4.5,432374,1151,18.4,4,132,66,24,,,Satellite,Verified
419,Ahmedabad,Gujarat,Industrial,2023-05-21,2023,5,Sunday,Summer,5570585,186.8,60.13,164.24,120.42,63.5,12.76,24.6,49.07,38.3,51.6,10.1,0,1524904,10694,25.3,23,379,156,58,,,Ground Sensor,Manual Entry
420,Faridabad,Haryana,Industrial,2022-08-22,2022,8,Monday,Monsoon,1394000,111.3,59.22,91.77,51.57,52.14,7.79,115.93,28.07,28.4,92.3,15.3,0,352071,985,19.7,9,70,46,20,,,CPCB,Unverified
421,Ahmedabad,Gujarat,Industrial,2022-04-05,2022,4,Tuesday,Summer,5570585,82.6,39.37,48.81,101.44,78.79,13.2,93.85,49.56,40.7,63.0,12.9,0,1122705,4294,14.8,12,283,142,70,,,Ground Sensor,Auto
422,Varanasi,Uttar Pradesh,Tourist,2022-05-06,2022,5,Friday,Summer,1198491,129.6,75.39,75.5,96.34,72.61,14.87,131.64,22.73,25.3,53.8,17.4,0,265483,2204,18.9,16,84,47,13,,,Ground Sensor,Manual Entry
423,Chennai,Tamil Nadu,Coastal,2022-07-28,2022,7,Thursday,Monsoon,7088000,71.1,40.79,59.48,50.48,20.9,6.39,35.96,36.52,28.5,54.7,12.6,21.1,2196660,13676,28.5,12,204,132,38,,,CPCB,Verified
424,Jaipur,Rajasthan,Tourist,2023-09-17,2023,9,Sunday,Monsoon,3046163,91.5,37.95,62.0,26.02,25.09,7.55,89.22,33.36,29.0,93.3,14.0,35.4,939014,3059,13.7,3,103,49,27,,,Ground Sensor,Auto
425,Faridabad,Haryana,Industrial,2022-02-28,2022,2,Monday,Winter,1394000,117.1,63.47,84.43,160.68,104.91,6.53,148.82,27.2,16.7,74.7,12.6,0,478493,1674,16.2,24,170,80,48,,,CPCB,Unverified
426,Ludhiana,Punjab,Industrial,2023-07-10,2023,7,Monday,Monsoon,1618879,82.3,25.63,50.15,29.67,17.84,7.48,120.3,1.6,38.0,49.7,20.3,20.0,413538,851,30.5,20,29,11,5,,,CPCB,Verified
427,Jaipur,Rajasthan,Tourist,2023-09-17,2023,9,Sunday,Monsoon,3046163,28.9,13.45,25.46,43.84,18.26,8.93,53.74,25.25,28.7,72.3,18.0,0,668798,4514,17.7,20,60,33,12,,,CPCB,Manual Entry
427,Jaipur,Rajasthan,Tourist,2023-09-17,2023,9,Sunday,Monsoon,3046163,28.9,13.45,25.46,43.84,18.26,8.93,53.74,25.25,28.7,72.3,18.0,0,668798,4514,17.7,20,60,33,12,,,CPCB,Manual Entry
428,Jodhpur,Rajasthan,Tourist,2023-10-30,2023,10,Monday,Post-Monsoon,1137815,,100.95,214.66,50.82,8.8,7.01,57.81,8.35,24.8,54.9,13.2,4.4,343256,1835,20.2,21,77,47,22,,,State PCB,Auto
429,Ludhiana,Punjab,Industrial,2023-10-27,2023,10,Friday,Post-Monsoon,1618879,179.3,104.13,105.77,78.46,57.7,10.14,74.35,36.92,29.5,74.1,6.0,5.3,435731,1880,14.8,10,116,75,22,,,Satellite,Unverified
430,Indore,Madhya Pradesh,Commercial,2022-11-19,2022,11,Saturday,Winter,1994397,209.6,109.95,114.5,51.12,83.94,18.57,67.04,18.25,10.3,58.4,7.3,0,511212,2250,26.5,16,164,106,27,,,State PCB,Manual Entry
430,Indore,Madhya Pradesh,Commercial,2022-11-19,2022,11,Saturday,Winter,1994397,209.6,109.95,114.5,51.12,83.94,18.57,67.04,18.25,10.3,58.4,7.3,0,511212,2250,26.5,16,164,106,27,,,State PCB,Manual Entry
431,Bangalore,Karnataka,IT Hub,2023-06-12,2023,6,Monday,Monsoon,8443675,131.9,73.86,114.4,82.1,23.68,4.75,92.4,35.89,40.5,89.0,18.4,0,2404986,16813,23.0,16,409,254,83,,,Ground Sensor,Manual Entry
432,Ludhiana,Punjab,Industrial,2023-05-04,2023,5,Thursday,Summer,1618879,112.7,58.26,82.9,110.23,47.52,2.98,21.01,30.06,15.6,49.9,6.1,0,490246,1487,6.9,19,126,59,28,,,Ground Sensor,Manual Entry
432,Ludhiana,Punjab,Industrial,2023-05-04,2023,5,Thursday,Summer,1618879,112.7,58.26,82.9,110.23,47.52,2.98,21.01,30.06,15.6,49.9,6.1,0,490246,1487,6.9,19,126,59,28,,,Ground Sensor,Manual Entry
433,Ludhiana,Punjab,Industrial,2022-04-19,2022,4,Tuesday,Summer,1618879,222.8,76.25,129.81,112.49,67.78,0.99,137.33,48.03,22.6,25.3,9.3,8.6,298492,1302,25.8,17,160,91,41,,,CPCB,Verified
434,Indore,Madhya Pradesh,Commercial,2023-03-19,2023,3,Sunday,Summer,1994397,147.8,66.21,79.03,27.55,28.47,11.22,145.9,40.38,27.8,45.8,15.1,2.1,472686,2353,32.5,4,94,56,15,,,Satellite,Unverified
435,Ghaziabad,Uttar Pradesh,Industrial,2023-07-26,2023,7,Wednesday,Monsoon,1636068,52.7,16.38,39.73,8.16,11.45,4.47,142.61,33.99,14.1,58.9,15.4,14.5,373092,1305,35.0,3,22,15,6,,,Ground Sensor,Unverified
436,Rajkot,Gujarat,Industrial,2022-07-02,2022,7,Saturday,Monsoon,1286995,35.7,11.14,27.71,58.1,39.25,2.93,65.33,26.99,43.7,48.4,18.6,0,377804,1589,16.8,10,42,24,9,,,Satellite,Auto
437,Indore,Madhya Pradesh,Commercial,2022-11-30,2022,11,Wednesday,Winter,1994397,183.3,64.69,161.79,115.73,43.5,8.78,36.65,44.23,36.4,81.4,1.9,0,368811,1798,27.5,13,125,81,26,,,Satellite,Auto
438,Nagpur,Maharashtra,Commercial,2023-03-29,2023,3,Wednesday,Summer,2405665,88.3,37.75,53.35,17.61,45.55,4.04,102.71,3.24,22.6,64.6,17.3,0,751827,1600,26.6,3,91,53,15,,,CPCB,Manual Entry
439,Srinagar,Jammu & Kashmir,Tourist,2022-12-28,2022,12,Wednesday,Winter,1180570,192.3,95.48,136.06,69.76,27.84,3.89,89.64,43.13,17.9,64.7,22.7,4.0,255775,1888,42.6,6,96,39,14,,,Ground Sensor,Verified
440,Hyderabad,Telangana,IT Hub,2022-10-17,2022,10,Monday,Post-Monsoon,6809970,124.5,48.6,73.68,113.96,28.26,5.34,36.07,39.42,25.6,51.2,11.7,0,1324102,4159,5.6,20,468,294,99,,,State PCB,Verified
441,Amritsar,Punjab,Tourist,2023-08-26,2023,8,Saturday,Monsoon,1132761,104.7,50.42,65.41,34.21,32.57,0.63,55.63,10.93,22.9,57.4,20.7,0,221817,2209,26.3,10,45,24,12,,,Ground Sensor,Auto
442,Kanpur,Uttar Pradesh,Industrial,2023-07-14,2023,7,Friday,Monsoon,2920496,103.6,53.3,70.55,55.18,5.15,8.76,78.12,24.36,33.3,70.9,17.2,21.6,567212,3917,8.4,15,102,69,24,,,Ground Sensor,Unverified
443,Delhi,Delhi,Urban,2023-05-21,2023,5,Sunday,Summer,16787941,142.3,57.13,79.74,49.89,52.14,7.03,20.72,34.83,34.9,61.1,1.3,0,4882629,16498,44.7,5,935,518,260,,,Ground Sensor,Verified
444,Nagpur,Maharashtra,Commercial,2022-05-11,2022,5,Wednesday,Summer,2405665,128.2,67.56,72.41,101.53,19.21,7.53,146.35,2.91,23.6,65.6,14.3,0,739330,3176,16.8,24,147,71,31,,,Satellite,Manual Entry
445,Coimbatore,Tamil Nadu,Industrial,2023-10-28,2023,10,Saturday,Post-Monsoon,1061447,183.5,92.78,150.71,137.66,39.41,11.12,81.37,11.32,33.7,44.0,20.7,10.2,220696,1669,23.8,3,94,46,16,,,State PCB,Unverified
446,Rajkot,Gujarat,Industrial,2022-04-07,2022,4,Thursday,Summer,1286995,139.7,64.44,88.33,18.39,44.17,3.05,65.56,28.4,29.7,87.8,16.3,0,411231,2319,21.1,11,56,27,13,,,State PCB,Verified
447,Coimbatore,Tamil Nadu,Industrial,2022-06-06,2022,6,Monday,Monsoon,1061447,120.5,42.59,87.41,17.95,33.13,7.39,69.78,29.21,31.4,76.5,5.5,29.0,302194,1978,13.7,22,27,10,4,,,State PCB,Auto
448,Ranchi,Jharkhand,Industrial,2022-01-01,2022,1,Saturday,Winter,1073440,155.8,61.86,133.75,22.04,60.73,9.63,106.43,17.03,24.0,60.0,6.6,0,263572,1300,40.3,9,44,24,10,,,Satellite,Unverified
449,Ghaziabad,Uttar Pradesh,Industrial,2023-03-24,2023,3,Friday,Summer,1636068,77.8,41.75,60.22,78.51,41.42,6.1,23.29,18.92,24.6,30.9,13.9,0.6,450188,3266,34.9,3,100,51,17,,,Satellite,Unverified
450,Mumbai,Maharashtra,Industrial,2023-08-24,2023,8,Thursday,Monsoon,12478447,69.2,27.18,37.18,37.93,18.02,10.4,98.88,2.64,26.6,82.5,20.9,11.3,2782898,17942,42.1,22,414,267,115,,,Ground Sensor,Unverified
451,Bhopal,Madhya Pradesh,Administrative,2023-10-26,2023,10,Thursday,Post-Monsoon,1795648,156.4,48.72,80.03,130.04,19.79,13.41,133.22,7.45,13.5,26.2,17.6,6.3,342242,1160,29.6,3,120,83,21,,,Satellite,Unverified
452,Jodhpur,Rajasthan,Tourist,2023-08-24,2023,8,Thursday,Monsoon,1137815,117.8,60.84,76.14,8.67,41.13,4.9,106.8,4.01,32.8,91.7,14.8,14.4,238189,644,30.4,3,44,26,9,,,Satellite,Verified
453,Surat,Gujarat,Industrial,2023-04-23,2023,4,Sunday,Summer,4467797,58.0,27.27,39.77,25.07,12.97,12.19,44.14,29.97,22.9,93.3,9.8,1.7,1088668,2778,30.7,9,109,51,30,,,State PCB,Manual Entry
454,Delhi,Delhi,Urban,2023-01-24,2023,1,Tuesday,Winter,16787941,,66.36,74.06,35.63,40.13,5.29,44.47,44.29,31.0,75.0,10.5,0,4419938,22966,30.2,8,740,438,160,,,Ground Sensor,Unverified
455,Vadodara,Gujarat,Industrial,2023-08-06,2023,8,Sunday,Monsoon,1670806,113.2,45.74,93.32,73.19,15.42,7.98,85.49,41.66,40.1,62.4,9.5,6.7,433585,914,10.6,21,62,37,11,,,Ground Sensor,Verified
456,Surat,Gujarat,Industrial,2023-12-20,2023,12,Wednesday,Winter,4467797,123.1,40.8,79.24,152.76,23.67,10.35,63.77,45.25,30.9,77.4,15.9,5.3,1375400,5176,34.2,18,331,191,84,,,Satellite,Manual Entry
457,Agra,Uttar Pradesh,Tourist,2022-12-12,2022,12,Monday,Winter,1585704,104.5,32.61,91.08,50.08,105.15,19.52,34.02,21.87,28.9,56.8,19.8,0,330278,1507,43.1,21,85,51,19,,,State PCB,Manual Entry
458,Faridabad,Haryana,Industrial,2022-02-25,2022,2,Friday,Winter,1394000,,,97.65,131.94,91.16,10.01,41.49,1.04,38.0,93.1,11.2,2.6,306890,1122,38.8,14,111,52,28,,,State PCB,Manual Entry
459,Kolkata,West Bengal,Urban,2023-04-28,2023,4,Friday,Summer,4496694,85.4,31.06,58.82,56.53,43.74,4.42,139.2,19.99,25.5,40.5,24.8,0,1025889,6799,18.9,24,211,122,48,,,CPCB,Unverified
460,Jodhpur,Rajasthan,Tourist,2023-09-16,2023,9,Saturday,Monsoon,1137815,119.1,42.1,70.76,37.39,31.96,0.39,97.89,20.51,33.1,66.7,10.2,5.0,263210,727,17.4,24,38,17,6,,,CPCB,Manual Entry
461,Patna,Bihar,Administrative,2022-07-03,2022,7,Sunday,Monsoon,1684222,129.8,71.42,89.03,14.32,42.34,1.48,132.12,40.37,38.4,77.5,12.4,0,433346,2070,17.1,11,89,46,23,,,CPCB,Auto
462,Visakhapatnam,Andhra Pradesh,Coastal,2023-01-17,2023,1,Tuesday,Winter,1728128,712.4,78.93,115.94,144.0,109.04,2.97,43.25,21.78,29.0,19.6,12.6,1.2,589627,2698,39.9,16,155,85,37,,,CPCB,Auto
463,Indore,Madhya Pradesh,Commercial,2023-01-11,2023,1,Wednesday,Winter,1994397,281.0,115.44,188.37,117.95,87.52,1.18,54.74,15.37,31.3,41.1,15.3,0.7,396857,3186,26.4,7,210,108,37,,,Ground Sensor,Auto
464,Jodhpur,Rajasthan,Tourist,2022-10-09,2022,10,Sunday,Post-Monsoon,1137815,173.0,69.82,118.18,93.48,88.69,16.32,141.19,41.2,25.9,57.6,11.2,2.0,322673,1804,34.0,13,101,43,22,,,Satellite,Auto
465,Nagpur,Maharashtra,Commercial,2022-01-23,2022,1,Sunday,Winter,2405665,233.5,120.58,186.09,26.21,102.8,20.29,123.17,28.97,40.1,87.6,11.7,0,716945,1379,16.0,25,200,92,58,,,Satellite,Verified
466,Agra,Uttar Pradesh,Tourist,2023-02-13,2023,2,Monday,Winter,1585704,148.7,85.18,114.67,55.99,49.75,1.08,73.86,7.36,26.8,86.9,17.2,0.5,345088,835,33.5,17,92,38,17,,,Satellite,Auto
467,Bhopal,Madhya Pradesh,Administrative,2023-07-26,2023,7,Wednesday,Monsoon,1795648,135.0,54.54,91.52,45.61,45.52,2.67,110.7,33.98,28.6,59.8,13.5,28.6,515953,2409,19.8,12,77,35,22,,,Ground Sensor,Auto
468,Mumbai,Maharashtra,Industrial,2022-06-09,2022,6,Thursday,Monsoon,12478447,11.0,5.35,6.22,36.51,28.02,11.2,23.04,48.69,19.3,51.9,13.3,38.7,2525494,17603,44.7,21,285,122,52,,,State PCB,Auto
469,Vadodara,Gujarat,Industrial,2023-02-23,2023,2,Thursday,Winter,1670806,149.7,85.37,91.57,132.66,73.18,14.18,109.29,32.02,32.5,44.5,6.6,0,415486,2732,39.9,15,139,94,24,,,Satellite,Auto
470,Meerut,Uttar Pradesh,Industrial,2022-06-26,2022,6,Sunday,Monsoon,1309023,91.5,46.22,49.36,55.36,27.27,4.92,44.55,2.42,29.8,87.1,-3.5,4.9,362598,1457,30.0,24,43,25,7,,,Ground Sensor,Unverified
471,Ranchi,Jharkhand,Industrial,2022-06-15,2022,6,Wednesday,Monsoon,1073440,33.7,12.53,23.22,66.31,14.99,1.82,28.43,2.51,31.4,40.4,8.9,0,237359,821,38.5,8,30,17,8,,,CPCB,Verified
472,Amritsar,Punjab,Tourist,2022-02-03,2022,2,Thursday,Winter,1132761,105.8,53.36,70.06,94.04,56.37,8.52,121.8,47.92,35.4,43.4,10.3,0,394388,1780,37.5,4,70,45,11,,,Ground Sensor,Auto
473,Faridabad,Haryana,Industrial,2022-05-08,2022,5,Sunday,Summer,1394000,236.3,124.6,172.92,106.79,65.06,6.4,105.35,7.96,37.4,61.0,18.9,0.7,415316,1655,18.7,25,152,95,40,,,Ground Sensor,Manual Entry
474,Coimbatore,Tamil Nadu,Industrial,2022-10-09,2022,10,Sunday,Post-Monsoon,1061447,214.8,102.76,172.83,31.54,31.96,4.45,68.21,18.77,23.1,100,16.6,5.8,276823,1231,10.9,12,57,35,14,,,Satellite,Unverified
475,Mumbai,Maharashtra,Industrial,2022-08-05,2022,8,Friday,Monsoon,12478447,77.2,23.45,49.88,49.46,52.7,6.0,82.01,45.1,25.7,88.3,10.5,0,3356294,13314,24.3,18,547,325,153,,,CPCB,Verified
476,Surat,Gujarat,Industrial,2022-08-19,2022,8,Friday,Monsoon,4467797,72.2,28.35,42.57,30.46,47.51,8.96,104.5,18.47,10.9,71.2,21.6,0,1446569,7481,31.6,15,142,66,25,,,Satellite,Verified
477,Jaipur,Rajasthan,Tourist,2023-07-21,2023,7,Friday,Monsoon,3046163,175.1,80.76,93.1,73.33,28.87,6.06,51.81,40.07,24.3,79.3,24.8,11.8,919803,2333,34.7,5,236,113,45,,,State PCB,Manual Entry
478,Delhi,Delhi,Urban,2022-08-01,2022,8,Monday,Monsoon,16787941,74.3,27.37,54.57,55.45,29.87,6.21,121.58,16.62,24.5,50.1,13.9,9.2,3585188,22051,28.3,6,511,279,120,,,Ground Sensor,Unverified
479,Coimbatore,Tamil Nadu,Industrial,2023-10-13,2023,10,Friday,Post-Monsoon,1061447,,,81.12,91.38,50.33,3.67,85.95,26.2,22.2,76.1,10.5,3.0,240735,1424,42.8,18,50,26,14,,,Ground Sensor,Auto
480,Hyderabad,Telangana,IT Hub,2022-07-03,2022,7,Sunday,Monsoon,6809970,74.4,23.78,50.04,32.63,55.8,5.19,102.92,27.39,33.7,91.7,12.3,0,1806702,6673,29.4,21,220,94,42,,,Satellite,Unverified
481,Pune,Maharashtra,Industrial,2023-02-10,2023,2,Friday,Winter,3124458,215.6,104.14,121.35,161.33,110.02,13.97,122.54,39.21,12.7,54.4,25.8,0,723671,2241,23.0,16,338,171,88,,,Ground Sensor,Verified
482,Ludhiana,Punjab,Industrial,2023-02-18,2023,2,Saturday,Winter,1618879,208.6,66.03,138.38,113.45,21.69,9.97,55.65,41.11,31.5,88.1,11.6,8.6,297914,1847,36.9,22,103,58,26,,,Satellite,Verified
483,Chennai,Tamil Nadu,Coastal,2022-09-06,2022,9,Tuesday,Monsoon,7088000,132.8,77.33,97.87,86.04,57.0,8.87,70.71,48.03,38.8,55.9,7.6,24.9,1347314,4140,16.4,18,469,263,101,,,CPCB,Manual Entry
484,Ludhiana,Punjab,Industrial,2023-02-28,2023,2,Tuesday,Winter,1618879,173.6,95.02,147.5,104.83,67.28,12.11,76.97,17.06,16.7,51.5,1.6,0,481174,1150,34.6,14,159,105,40,,,Ground Sensor,Unverified
485,Hyderabad,Telangana,IT Hub,2022-11-25,2022,11,Friday,Winter,6809970,98.1,39.23,75.65,122.43,33.81,15.88,23.01,6.84,29.8,43.0,15.2,0,1837517,12731,6.3,19,425,172,91,,,Satellite,Auto
486,Lucknow,Uttar Pradesh,Administrative,2023-08-12,2023,8,Saturday,Monsoon,2815601,98.6,39.46,51.95,13.73,8.93,6.45,34.6,8.75,12.4,56.7,6.0,0,818015,2213,23.6,7,51,30,13,,,CPCB,Unverified
487,Meerut,Uttar Pradesh,Industrial,2023-08-13,2023,8,Sunday,Monsoon,1309023,70.5,35.79,58.36,43.17,4.96,6.63,20.83,41.58,36.3,74.2,12.5,0,285224,1978,35.8,21,35,18,8,,,State PCB,Unverified
488,Ludhiana,Punjab,Industrial,2022-06-01,2022,6,Wednesday,Monsoon,1618879,,,63.91,9.66,37.61,9.56,121.33,27.46,34.8,55.0,10.3,14.9,348863,1545,13.7,14,43,20,12,,,Ground Sensor,Verified
489,Ghaziabad,Uttar Pradesh,Industrial,2023-01-20,2023,1,Friday,Winter,1636068,334.9,186.26,195.36,21.58,53.05,4.73,120.23,29.92,30.6,97.4,23.2,0,438146,1217,19.3,13,135,92,35,,,State PCB,Verified
490,Faridabad,Haryana,Industrial,2023-06-04,2023,6,Sunday,Monsoon,1394000,95.2,38.84,57.33,16.74,29.45,0.45,124.44,20.62,32.7,45.4,22.8,0,353804,2469,30.7,15,35,24,5,,,CPCB,Manual Entry
491,Amritsar,Punjab,Tourist,2023-10-25,2023,10,Wednesday,Post-Monsoon,1132761,172.1,95.37,98.24,13.22,52.68,3.04,81.08,2.91,26.5,48.7,9.7,0.8,322819,1965,11.1,24,60,27,13,,,CPCB,Unverified
492,Mumbai,Maharashtra,Industrial,2023-05-25,2023,5,Thursday,Summer,12478447,92.7,33.49,61.33,56.16,74.92,10.47,23.7,2.27,36.9,64.0,11.7,0,3110892,16336,9.0,14,666,410,116,,,CPCB,Auto
493,Chennai,Tamil Nadu,Coastal,2022-04-26,2022,4,Tuesday,Summer,7088000,209.3,88.86,179.85,64.29,76.2,13.46,20.09,24.34,26.3,72.4,9.3,0,2428872,10650,27.8,7,421,230,115,,,State PCB,Unverified
494,Ahmedabad,Gujarat,Industrial,2023-11-07,2023,11,Tuesday,Winter,5570585,268.1,87.03,144.2,76.19,100.13,2.84,49.41,10.05,24.1,45.0,20.8,0.0,1495066,7608,21.9,24,537,337,91,,,CPCB,Auto
495,Meerut,Uttar Pradesh,Industrial,2022-02-19,2022,2,Saturday,Winter,1309023,240.9,73.29,181.58,142.65,31.97,8.75,21.52,24.56,6.5,68.1,9.0,8.3,325896,2603,34.8,23,105,50,22,,,Satellite,Manual Entry
496,Jodhpur,Rajasthan,Tourist,2022-07-10,2022,7,Sunday,Monsoon,1137815,17.3,6.53,14.27,47.71,34.63,7.59,106.84,17.78,25.1,59.1,6.3,21.1,391417,784,27.0,12,24,12,4,,,Satellite,Manual Entry
497,Indore,Madhya Pradesh,Commercial,2023-03-23,2023,3,Thursday,Summer,1994397,10,5.9,8.89,33.1,73.15,14.68,86.42,7.94,21.8,45.4,2.6,3.1,537186,3330,26.3,20,58,32,9,,,State PCB,Manual Entry
498,Hyderabad,Telangana,IT Hub,2022-04-13,2022,4,Wednesday,Summer,6809970,237.8,119.88,179.3,114.93,24.17,15.39,113.09,27.5,36.1,54.2,12.6,2.2,2347770,7499,24.1,13,591,328,125,,,Satellite,Verified
499,Chennai,Tamil Nadu,Coastal,2022-09-15,2022,9,Thursday,Monsoon,7088000,81.6,29.61,64.78,56.5,7.51,8.59,38.24,24.57,16.5,88.6,25.6,46.1,1747266,5239,19.0,10,216,124,40,,,Satellite,Unverified
500,Jodhpur,Rajasthan,Tourist,2023-02-16,2023,2,Thursday,Winter,1137815,150.6,50.75,119.84,159.43,22.94,9.7,107.39,38.27,32.0,60.7,11.0,2.7,326385,1372,34.7,17,93,45,15,,,Satellite,Manual Entry
501,Delhi,Delhi,Urban,2023-01-26,2023,1,Thursday,Winter,16787941,213.1,103.98,142.82,39.94,81.52,18.27,83.35,15.26,22.8,51.5,11.6,0,5490738,14470,22.3,4,1437,787,366,,,Satellite,Manual Entry
502,Jodhpur,Rajasthan,Tourist,2022-09-15,2022,9,Thursday,Monsoon,1137815,10,4.92,6.32,62.53,17.88,4.25,21.68,35.94,17.4,62.4,13.1,20.7,256211,2271,27.6,22,33,18,7,,,Ground Sensor,Verified
503,Agra,Uttar Pradesh,Tourist,2022-04-21,2022,4,Thursday,Summer,1585704,52.4,30.71,38.25,25.21,68.53,6.3,107.44,45.29,20.4,42.4,14.8,0.9,497884,2819,37.5,23,57,31,16,,,Ground Sensor,Verified
504,Pune,Maharashtra,Industrial,2023-08-04,2023,8,Friday,Monsoon,3124458,59.4,21.05,44.7,34.64,20.19,4.86,23.69,23.37,33.8,48.1,9.7,0,1075282,2858,30.4,8,85,42,21,,,Satellite,Auto
505,Ludhiana,Punjab,Industrial,2022-12-23,2022,12,Friday,Winter,1618879,191.1,86.01,102.37,68.18,63.51,17.04,145.57,16.51,23.2,44.8,24.5,4.4,462523,2362,24.4,13,128,58,35,,,Satellite,Unverified
506,Hyderabad,Telangana,IT Hub,2022-11-27,2022,11,Sunday,Winter,6809970,224.3,68.36,129.18,61.82,60.14,13.74,58.51,28.44,32.9,85.0,14.4,1.8,2049686,12748,18.6,14,446,292,76,,,Ground Sensor,Verified
507,Ranchi,Jharkhand,Industrial,2022-10-28,2022,10,Friday,Post-Monsoon,1073440,23.3,9.25,13.73,121.05,28.13,3.3,149.05,2.29,14.1,64.9,21.1,2.6,273577,1843,39.3,18,42,20,12,,,Ground Sensor,Unverified
508,Patna,Bihar,Administrative,2022-07-10,2022,7,Sunday,Monsoon,1684222,180.1,99.82,131.86,59.25,53.73,11.02,117.08,35.63,42.3,55.9,11.5,19.4,560861,3209,10.4,25,110,55,32,,,State PCB,Verified
509,Srinagar,Jammu & Kashmir,Tourist,2023-06-04,2023,6,Sunday,Monsoon,1180570,738.7,27.94,70.0,26.3,23.34,8.01,146.94,41.23,,62.6,16.7,13.6,300381,1636,22.9,23,23,16,3,,,State PCB,Verified
510,Varanasi,Uttar Pradesh,Tourist,2022-12-29,2022,12,Thursday,Winter,1198491,108.8,34.79,85.72,101.74,106.47,15.47,112.77,25.05,22.6,14.1,16.2,0.8,307843,1567,40.0,16,89,44,20,,,Satellite,Verified
511,Agra,Uttar Pradesh,Tourist,2022-02-24,2022,2,Thursday,Winter,1585704,164.9,55.39,146.91,108.53,62.63,15.53,115.23,13.19,20.7,32.9,6.0,2.1,460487,1970,28.0,24,91,38,26,,,Ground Sensor,Auto
512,Rajkot,Gujarat,Industrial,2023-05-01,2023,5,Monday,Summer,1286995,748.9,60.64,113.16,22.6,34.8,11.83,134.28,25.48,,78.6,14.6,12.5,370154,1299,29.2,20,57,31,8,,,State PCB,Verified
513,Visakhapatnam,Andhra Pradesh,Coastal,2022-01-13,2022,1,Thursday,Winter,1728128,257.9,79.5,222.29,100.76,97.23,20.1,44.5,31.42,28.2,65.8,15.8,0,579172,2418,40.2,8,153,102,39,,,Ground Sensor,Verified
514,Agra,Uttar Pradesh,Tourist,2022-02-09,2022,2,Wednesday,Winter,1585704,311.0,180.57,266.01,136.22,19.63,19.67,141.55,6.28,23.6,35.6,13.4,2.6,337496,1162,31.3,15,205,102,44,,,CPCB,Verified
515,Surat,Gujarat,Industrial,2022-09-10,2022,9,Saturday,Monsoon,4467797,77.2,42.1,44.43,40.85,23.91,10.34,139.75,40.73,32.4,86.4,6.9,8.6,1199038,6680,26.3,15,145,80,34,,,State PCB,Manual Entry
516,Surat,Gujarat,Industrial,2022-05-19,2022,5,Thursday,Summer,4467797,119.6,51.96,69.28,125.25,40.67,7.49,30.71,2.17,36.1,75.6,8.0,0,1557871,7399,6.7,5,352,214,80,,,State PCB,Manual Entry
517,Amritsar,Punjab,Tourist,2022-02-19,2022,2,Saturday,Winter,1132761,158.6,62.0,91.25,162.48,12.51,17.46,133.58,37.19,27.5,47.6,11.4,0,379262,734,7.9,9,109,72,27,,,CPCB,Verified
518,Srinagar,Jammu & Kashmir,Tourist,2023-01-26,2023,1,Thursday,Winter,1180570,268.6,97.17,208.35,156.34,7.5,5.58,125.77,41.73,51.5,54.2,14.7,0,380643,669,40.3,16,89,42,22,,,Satellite,Unverified
519,Jodhpur,Rajasthan,Tourist,2023-11-01,2023,11,Wednesday,Winter,1137815,176.8,89.68,117.84,77.7,36.2,18.99,126.17,24.92,,37.3,7.0,0,291680,1700,41.1,18,68,40,11,,,Satellite,Unverified
520,Amritsar,Punjab,Tourist,2022-09-20,2022,9,Tuesday,Monsoon,1132761,136.4,79.99,107.19,64.84,19.77,3.49,131.22,13.81,28.6,40.0,15.0,0,220554,2004,24.2,6,56,31,8,,,Ground Sensor,Unverified
521,Chennai,Tamil Nadu,Coastal,2023-12-12,2023,12,Tuesday,Winter,7088000,751.6,97.83,136.32,35.98,69.69,1.53,141.37,38.57,,65.1,15.8,0,2418852,7173,13.0,23,577,390,116,,,Satellite,Verified
522,Ahmedabad,Gujarat,Industrial,2022-07-08,2022,7,Friday,Monsoon,5570585,146.2,71.37,92.75,67.0,5.17,5.17,129.64,30.48,26.9,71.5,7.0,1.2,1108168,3329,34.0,13,293,118,75,,,State PCB,Verified
523,Varanasi,Uttar Pradesh,Tourist,2022-08-28,2022,8,Sunday,Monsoon,1198491,100.9,32.04,66.1,54.27,51.96,8.66,24.58,27.73,28.0,97.0,13.4,0,294384,1831,24.6,11,47,31,8,,,Ground Sensor,Auto
524,Srinagar,Jammu & Kashmir,Tourist,2022-06-06,2022,6,Monday,Monsoon,1180570,105.4,45.99,89.8,25.97,19.89,8.32,145.2,20.03,27.8,71.8,11.6,0,272683,665,44.5,7,35,23,9,,,Satellite,Unverified
525,Nagpur,Maharashtra,Commercial,2023-03-08,2023,3,Wednesday,Summer,2405665,193.0,84.1,170.06,67.09,33.37,11.16,37.3,26.97,22.1,60.8,21.5,0,731279,4032,36.7,14,142,76,39,,,State PCB,Auto
525,Nagpur,Maharashtra,Commercial,2023-03-08,2023,3,Wednesday,Summer,2405665,193.0,84.1,170.06,67.09,33.37,11.16,37.3,26.97,22.1,60.8,21.5,0,731279,4032,36.7,14,142,76,39,,,State PCB,Auto
526,Varanasi,Uttar Pradesh,Tourist,2023-07-31,2023,7,Monday,Monsoon,1198491,104.6,49.44,85.83,19.93,21.55,3.05,116.0,38.37,16.6,32.6,12.7,6.6,343696,662,41.8,4,30,12,4,,,CPCB,Manual Entry
527,Srinagar,Jammu & Kashmir,Tourist,2023-01-01,2023,1,Sunday,Winter,1180570,87.6,31.63,49.1,46.8,95.27,8.07,138.2,29.59,32.3,40.0,10.6,0,232873,1585,26.3,22,67,29,14,,,Ground Sensor,Manual Entry
527,Srinagar,Jammu & Kashmir,Tourist,2023-01-01,2023,1,Sunday,Winter,1180570,87.6,31.63,49.1,46.8,95.27,8.07,138.2,29.59,32.3,40.0,10.6,0,232873,1585,26.3,22,67,29,14,,,Ground Sensor,Manual Entry
527,Srinagar,Jammu & Kashmir,Tourist,2023-01-01,2023,1,Sunday,Winter,1180570,87.6,31.63,49.1,46.8,95.27,8.07,138.2,29.59,32.3,40.0,10.6,0,232873,1585,26.3,22,67,29,14,,,Ground Sensor,Manual Entry
528,Kanpur,Uttar Pradesh,Industrial,2022-09-16,2022,9,Friday,Monsoon,2920496,,,94.8,47.89,54.7,0.94,51.04,16.03,34.1,39.8,14.0,29.2,902900,3467,44.1,22,111,62,18,,,CPCB,Manual Entry
529,Nagpur,Maharashtra,Commercial,2022-07-24,2022,7,Sunday,Monsoon,2405665,114.8,65.58,74.83,10.47,41.54,7.95,63.63,40.35,36.5,32.1,7.4,12.6,818633,3797,41.5,24,,53,18,,,Satellite,Verified
530,Mumbai,Maharashtra,Industrial,2022-05-12,2022,5,Thursday,Summer,12478447,153.0,49.3,99.33,29.63,71.62,12.97,132.28,1.47,24.4,96.1,12.9,4.8,2577566,17958,36.4,6,662,356,186,,,CPCB,Unverified
531,Pune,Maharashtra,Industrial,2022-03-25,2022,3,Friday,Summer,3124458,81.9,29.14,64.49,22.08,41.22,11.49,47.33,36.13,19.5,78.3,15.9,7.9,938588,3883,28.7,4,95,51,24,,,CPCB,Verified
532,Hyderabad,Telangana,IT Hub,2022-07-22,2022,7,Friday,Monsoon,6809970,90.5,42.75,52.08,17.73,46.59,2.42,130.32,38.06,44.4,62.8,18.0,11.5,1703091,9948,14.6,3,196,93,39,,,Satellite,Manual Entry
533,Ludhiana,Punjab,Industrial,2022-06-15,2022,6,Wednesday,Monsoon,1618879,67.8,21.66,35.62,35.9,44.98,7.12,126.3,4.92,29.1,28.4,21.9,6.9,315680,2237,32.1,5,57,28,14,,,Satellite,Auto
534,Kanpur,Uttar Pradesh,Industrial,2023-05-07,2023,5,Sunday,Summer,2920496,107.9,48.2,77.51,101.14,24.32,3.27,109.81,21.08,32.9,72.9,8.4,3.8,725892,5265,20.4,3,164,73,42,,,Satellite,Auto
535,Ranchi,Jharkhand,Industrial,2023-10-10,2023,10,Tuesday,Post-Monsoon,1073440,10,3.45,6.46,69.34,79.57,16.35,39.64,47.36,28.3,63.6,7.3,1.6,229306,1337,16.1,9,35,22,9,,,Ground Sensor,Auto
536,Patna,Bihar,Administrative,2022-06-13,2022,6,Monday,Monsoon,1684222,36.6,14.87,19.86,86.12,43.46,6.99,38.39,26.42,28.9,46.0,12.2,0,483972,1697,29.0,19,65,38,15,,,Satellite,Unverified
537,Kanpur,Uttar Pradesh,Industrial,2023-08-02,2023,8,Wednesday,Monsoon,2920496,103.7,61.28,54.45,44.38,27.21,2.65,62.41,12.44,32.8,47.5,25.9,0,916326,3891,10.1,13,137,68,24,,,State PCB,Unverified
538,Ghaziabad,Uttar Pradesh,Industrial,2022-09-13,2022,9,Tuesday,Monsoon,1636068,51.2,15.64,36.03,15.39,45.95,7.16,30.57,25.06,28.6,26.3,4.4,16.4,419508,2725,38.9,4,39,18,6,,,State PCB,Verified
539,Surat,Gujarat,Industrial,2022-12-31,2022,12,Saturday,Winter,4467797,166.3,91.04,115.25,36.5,35.64,7.2,148.09,30.63,13.5,51.6,2.8,0,1258086,3040,37.0,12,284,176,50,,,Ground Sensor,Auto
540,Rajkot,Gujarat,Industrial,2022-01-12,2022,1,Wednesday,Winter,1286995,166.5,64.73,85.16,113.17,51.25,8.18,120.85,49.66,33.2,41.5,13.9,3.4,300377,2452,16.4,21,92,42,22,,,CPCB,Verified
541,Delhi,Delhi,Urban,2022-12-01,2022,12,Thursday,Winter,16787941,251.6,117.19,162.92,62.55,82.65,11.87,101.76,32.67,22.4,70.9,12.8,0.1,3829237,22637,33.7,7,1495,994,236,,,CPCB,Unverified
542,Bangalore,Karnataka,IT Hub,2022-04-15,2022,4,Friday,Summer,8443675,10,3.71,8.02,128.65,33.4,7.13,117.61,25.13,25.3,36.6,10.0,0,1742329,14643,41.5,11,476,254,79,,,CPCB,Verified
543,Delhi,Delhi,Urban,2023-10-21,2023,10,Saturday,Post-Monsoon,16787941,104.5,57.75,61.65,17.6,25.71,4.65,39.84,43.65,20.9,59.9,12.3,0,3076784,27671,27.0,4,588,353,149,,,CPCB,Unverified
544,Ahmedabad,Gujarat,Industrial,2023-08-20,2023,8,Sunday,Monsoon,5570585,59.3,19.23,50.57,49.5,50.38,4.69,39.79,1.36,28.4,40.6,6.0,3.6,1370538,9760,40.9,15,213,101,38,,,Satellite,Auto
545,Mumbai,Maharashtra,Industrial,2023-04-02,2023,4,Sunday,Summer,12478447,201.3,96.83,153.1,72.93,38.97,3.5,25.42,40.43,27.3,19.3,14.4,5.9,3831337,21829,19.4,4,970,646,264,,,State PCB,Manual Entry
546,Pune,Maharashtra,Industrial,2023-06-08,2023,6,Thursday,Monsoon,3124458,103.9,57.05,87.73,24.52,57.01,4.6,62.56,49.23,28.2,50.4,9.8,0,713964,6186,40.4,3,159,75,38,,,CPCB,Manual Entry
547,Srinagar,Jammu & Kashmir,Tourist,2022-01-01,2022,1,Saturday,Winter,1180570,187.2,73.19,122.13,101.49,23.75,1.79,47.99,10.35,13.5,79.0,17.5,2.9,216997,1954,42.2,9,95,46,17,,,CPCB,Auto
548,Hyderabad,Telangana,IT Hub,2022-01-15,2022,1,Saturday,Winter,6809970,276.0,120.5,235.87,121.02,35.68,1.16,93.22,4.1,,55.0,8.1,0,1268815,7822,40.9,24,644,291,97,,,Satellite,Manual Entry
549,Amritsar,Punjab,Tourist,2023-05-06,2023,5,Saturday,Summer,1132761,178.4,64.35,108.24,92.22,84.96,3.55,109.66,40.71,30.4,59.8,1.1,0,311532,1760,16.5,5,95,58,24,,,Ground Sensor,Auto
550,Vadodara,Gujarat,Industrial,2022-06-17,2022,6,Friday,Monsoon,1670806,35.3,18.3,25.32,33.96,39.71,4.8,95.43,19.23,40.3,94.0,10.9,18.4,553375,2528,15.1,7,42,28,6,,,Satellite,Auto
550,Vadodara,Gujarat,Industrial,2022-06-17,2022,6,Friday,Monsoon,1670806,35.3,18.3,25.32,33.96,39.71,4.8,95.43,19.23,40.3,94.0,10.9,18.4,553375,2528,15.1,7,42,28,6,,,Satellite,Auto
551,Vadodara,Gujarat,Industrial,2022-02-12,2022,2,Saturday,Winter,1670806,82.0,30.85,59.03,159.11,84.67,14.59,122.4,24.97,26.7,42.6,22.2,0,449330,2888,35.1,6,117,59,24,,,Ground Sensor,Unverified
552,Ghaziabad,Uttar Pradesh,Industrial,2023-12-12,2023,12,Tuesday,Winter,1636068,311.3,177.02,179.13,14.09,90.33,10.94,34.01,8.07,45.6,81.5,12.3,5.1,524015,2148,6.2,6,129,83,19,,,CPCB,Verified
553,Jaipur,Rajasthan,Tourist,2023-04-09,2023,4,Sunday,Summer,3046163,203.4,82.82,134.46,95.44,30.27,6.73,47.1,22.0,25.5,40.7,8.3,0.1,802745,1667,39.4,15,198,81,50,,,CPCB,Auto
554,Rajkot,Gujarat,Industrial,2023-08-25,2023,8,Friday,Monsoon,1286995,,43.52,57.34,87.64,31.33,0.67,25.03,24.88,35.5,47.3,9.6,3.3,390123,2024,14.7,18,81,43,21,,,Satellite,Auto
555,Pune,Maharashtra,Industrial,2023-09-21,2023,9,Thursday,Monsoon,3124458,,31.31,78.15,71.92,56.37,5.21,85.27,23.7,28.6,53.5,6.4,24.5,588277,4307,16.7,8,162,88,46,,,Satellite,Auto
556,Kolkata,West Bengal,Urban,2023-12-05,2023,12,Tuesday,Winter,4496694,131.1,45.41,109.44,44.66,58.06,0.82,120.85,40.53,39.4,40.7,15.7,1.7,1069367,6855,33.0,6,237,111,51,,,State PCB,Unverified
557,Amritsar,Punjab,Tourist,2023-09-12,2023,9,Tuesday,Monsoon,1132761,56.6,23.21,44.13,9.19,33.29,7.92,102.53,6.21,24.7,44.0,12.8,0,216447,1012,41.8,7,26,13,5,,,State PCB,Verified
558,Coimbatore,Tamil Nadu,Industrial,2022-07-11,2022,7,Monday,Monsoon,1061447,82.3,41.09,55.82,89.71,24.75,3.24,28.69,39.71,31.3,79.0,7.9,1.0,217655,742,36.5,6,58,23,9,,,Satellite,Verified
559,Lucknow,Uttar Pradesh,Administrative,2022-05-21,2022,5,Saturday,Summer,2815601,123.9,55.01,72.52,91.35,44.96,3.97,42.41,28.1,33.4,32.4,3.5,6.4,917417,2021,7.9,8,194,105,57,,,Ground Sensor,Manual Entry
560,Ahmedabad,Gujarat,Industrial,2022-09-26,2022,9,Monday,Monsoon,5570585,123.9,52.26,99.21,11.04,21.78,4.67,45.04,36.6,21.9,75.6,14.2,0,1862114,6790,39.9,23,202,111,42,,,Satellite,Auto
561,Ludhiana,Punjab,Industrial,2022-03-18,2022,3,Friday,Summer,1618879,129.2,41.32,68.97,118.89,17.51,10.78,68.04,20.27,28.8,24.6,14.4,4.0,438715,1603,20.4,25,86,58,19,,,State PCB,Auto
562,Surat,Gujarat,Industrial,2022-04-04,2022,4,Monday,Summer,4467797,117.4,59.57,104.49,75.46,56.35,1.55,101.79,46.77,35.6,41.0,13.9,10.1,1050414,3838,18.4,24,231,159,41,,,Satellite,Auto
563,Varanasi,Uttar Pradesh,Tourist,2023-11-06,2023,11,Monday,Winter,1198491,222.1,119.05,182.3,120.0,26.95,14.63,112.64,28.09,38.2,66.3,18.4,0,362982,1123,18.5,23,98,56,24,,,Satellite,Unverified
564,Nagpur,Maharashtra,Commercial,2023-05-11,2023,5,Thursday,Summer,2405665,139.2,71.7,121.51,66.55,33.67,4.61,29.37,7.1,20.8,77.7,10.3,1.9,765094,2122,37.8,19,139,94,32,,,State PCB,Manual Entry
565,Delhi,Delhi,Urban,2023-03-14,2023,3,Tuesday,Summer,16787941,,,63.69,48.89,17.03,2.51,118.82,49.72,21.3,67.4,12.6,4.9,3385485,10808,31.4,4,602,317,93,,,Satellite,Manual Entry
565,Delhi,Delhi,Urban,2023-03-14,2023,3,Tuesday,Summer,16787941,,,63.69,48.89,17.03,2.51,118.82,49.72,21.3,67.4,12.6,4.9,3385485,10808,31.4,4,602,317,93,,,Satellite,Manual Entry
566,Jaipur,Rajasthan,Tourist,2023-05-13,2023,5,Saturday,Summer,3046163,175.3,73.94,104.59,84.76,79.08,15.19,56.33,1.16,32.2,49.8,6.4,6.0,779354,2583,11.0,15,263,137,56,,,Ground Sensor,Verified
567,Vadodara,Gujarat,Industrial,2022-10-06,2022,10,Thursday,Post-Monsoon,1670806,57.5,20.78,44.22,69.64,84.76,6.56,22.69,25.87,21.4,74.0,12.9,3.1,322717,2932,13.7,14,88,39,18,,,State PCB,Manual Entry
568,Jodhpur,Rajasthan,Tourist,2022-08-25,2022,8,Thursday,Monsoon,1137815,36.1,21.21,27.93,53.97,40.06,1.08,112.7,2.07,39.3,43.0,9.5,20.9,290945,1292,41.5,11,37,18,7,,,State PCB,Unverified
569,Ranchi,Jharkhand,Industrial,2023-08-23,2023,8,Wednesday,Monsoon,1073440,103.2,50.92,76.31,74.34,51.33,11.02,67.39,38.27,43.0,83.8,19.7,17.7,202355,664,39.3,11,71,38,13,,,State PCB,Unverified
570,Patna,Bihar,Administrative,2022-11-16,2022,11,Wednesday,Winter,1684222,196.3,110.24,146.92,102.18,89.23,18.4,132.68,37.31,30.6,54.6,18.6,0,308079,3270,15.8,8,171,72,45,,,Ground Sensor,Manual Entry
571,Amritsar,Punjab,Tourist,2022-07-03,2022,7,Sunday,Monsoon,1132761,109.1,37.73,95.23,27.77,4.24,9.68,119.63,26.15,37.4,63.1,15.0,7.8,213206,831,28.0,11,23,15,6,,,Ground Sensor,Unverified
572,Rajkot,Gujarat,Industrial,2022-04-23,2022,4,Saturday,Summer,1286995,134.8,64.95,69.68,129.93,16.71,5.13,88.76,25.01,23.4,60.7,4.4,0,333750,1893,38.5,15,93,59,22,,,Ground Sensor,Unverified
573,Visakhapatnam,Andhra Pradesh,Coastal,2023-05-27,2023,5,Saturday,Summer,1728128,17.6,5.95,9.06,19.88,87.56,13.98,35.02,45.3,23.0,71.4,18.9,1.7,531490,1422,28.6,7,53,33,11,,,Satellite,Auto
574,Ahmedabad,Gujarat,Industrial,2022-05-26,2022,5,Thursday,Summer,5570585,186.2,80.38,129.35,67.43,43.88,14.62,80.23,21.37,28.6,100,16.6,8.2,1282466,3229,22.3,22,351,181,87,,,Ground Sensor,Verified
575,Srinagar,Jammu & Kashmir,Tourist,2023-05-06,2023,5,Saturday,Summer,1180570,806.3,19.37,38.26,48.55,47.3,0.73,33.17,37.47,,57.3,3.5,0.7,287014,1384,18.1,14,36,21,7,,,CPCB,Auto
576,Ludhiana,Punjab,Industrial,2023-05-15,2023,5,Monday,Summer,1618879,76.6,38.29,55.09,101.62,47.24,16.48,39.93,41.41,31.9,44.7,20.3,0.3,331015,2660,13.8,4,80,46,15,,,State PCB,Unverified
577,Patna,Bihar,Administrative,2023-08-06,2023,8,Sunday,Monsoon,1684222,39.3,14.08,32.23,80.36,27.76,6.55,148.76,11.32,32.8,59.3,21.4,10.6,528495,1395,9.6,24,74,33,18,,,Satellite,Manual Entry
578,Ranchi,Jharkhand,Industrial,2023-04-26,2023,4,Wednesday,Summer,1073440,187.9,87.88,160.82,109.54,32.77,11.16,88.47,33.72,26.3,73.6,5.1,0,335246,931,42.6,12,96,50,18,,,Ground Sensor,Verified
579,Coimbatore,Tamil Nadu,Industrial,2022-11-04,2022,11,Friday,Winter,1061447,54.8,29.64,33.07,140.91,65.28,17.84,48.46,47.85,23.5,62.6,18.1,3.9,256561,1712,11.5,18,71,35,11,,,CPCB,Manual Entry
580,Srinagar,Jammu & Kashmir,Tourist,2022-02-28,2022,2,Monday,Winter,1180570,51.9,17.99,35.81,18.71,105.45,3.1,50.64,44.08,33.8,10,12.8,0,382984,1097,18.1,15,44,19,7,,,CPCB,Verified
581,Chennai,Tamil Nadu,Coastal,2022-01-09,2022,1,Sunday,Winter,7088000,140.6,48.51,94.4,152.07,105.11,16.81,110.66,8.44,36.6,67.2,16.9,1.7,2292319,10760,8.5,8,767,467,191,,,Satellite,Verified
582,Delhi,Delhi,Urban,2023-08-20,2023,8,Sunday,Monsoon,16787941,107.7,32.31,93.58,72.64,54.21,9.34,83.75,14.1,29.1,50.2,23.0,23.6,3417432,20036,25.6,18,937,419,249,,,Satellite,Verified
583,Nagpur,Maharashtra,Commercial,2022-12-13,2022,12,Tuesday,Winter,2405665,228.2,113.97,177.51,138.78,44.67,11.03,58.17,35.58,16.2,81.1,13.6,12.5,559522,2381,8.2,21,212,94,36,,,State PCB,Verified
584,Indore,Madhya Pradesh,Commercial,2022-05-10,2022,5,Tuesday,Summer,1994397,157.0,83.37,121.67,81.09,64.79,7.49,35.94,32.57,30.5,83.7,9.3,0,430114,2412,7.6,4,115,51,20,,,Satellite,Auto
585,Hyderabad,Telangana,IT Hub,2023-05-25,2023,5,Thursday,Summer,6809970,68.4,30.05,60.68,105.83,76.66,7.72,126.05,37.52,24.9,31.7,21.7,0,2230828,5284,8.7,13,496,222,93,,,State PCB,Unverified
586,Visakhapatnam,Andhra Pradesh,Coastal,2023-09-11,2023,9,Monday,Monsoon,1728128,64.2,23.17,36.75,10.67,4.27,4.3,64.59,31.13,28.2,55.1,14.4,10.3,370322,1247,15.9,15,26,17,6,,,State PCB,Auto
587,Ludhiana,Punjab,Industrial,2022-02-10,2022,2,Thursday,Winter,1618879,10,4.36,7.88,98.26,63.57,16.04,25.79,17.3,18.6,75.4,13.8,0,533096,3065,17.6,21,89,51,16,,,Satellite,Manual Entry
588,Jodhpur,Rajasthan,Tourist,2023-10-30,2023,10,Monday,Post-Monsoon,1137815,228.8,114.52,167.44,64.12,6.39,4.59,48.83,41.25,16.2,60.1,12.4,2.5,360184,1482,39.7,23,94,64,14,,,CPCB,Auto
589,Coimbatore,Tamil Nadu,Industrial,2022-08-07,2022,8,Sunday,Monsoon,1061447,102.4,47.11,73.79,71.82,51.86,10.44,70.57,36.56,33.2,86.2,18.3,6.4,250386,921,34.2,8,56,24,16,,,Satellite,Auto
590,Hyderabad,Telangana,IT Hub,2023-03-13,2023,3,Monday,Summer,6809970,153.3,50.48,133.78,48.45,50.24,9.3,28.92,49.16,32.6,87.4,3.6,4.0,2127250,11520,23.1,6,387,266,64,,,Ground Sensor,Verified
591,Bhopal,Madhya Pradesh,Administrative,2023-11-16,2023,11,Thursday,Winter,1795648,183.2,88.72,149.15,68.86,16.66,4.28,124.86,27.72,28.0,63.8,21.3,0,565382,1130,37.6,20,88,39,15,,,Satellite,Verified
592,Surat,Gujarat,Industrial,2023-02-03,2023,2,Friday,Winter,4467797,,110.45,165.07,75.98,24.59,13.31,82.85,29.73,19.8,42.2,3.5,0.7,1513445,7466,19.8,4,346,185,68,,,State PCB,Verified
593,Coimbatore,Tamil Nadu,Industrial,2022-12-30,2022,12,Friday,Winter,1061447,36.0,10.99,27.59,71.37,42.57,15.92,20.97,16.44,23.8,62.4,18.0,3.8,329304,1474,35.5,6,37,20,8,,,CPCB,Manual Entry
594,Ahmedabad,Gujarat,Industrial,2022-11-16,2022,11,Wednesday,Winter,5570585,103.1,32.14,55.95,158.61,76.81,20.97,110.47,40.97,26.1,76.2,12.0,7.6,1926152,5825,6.0,12,442,274,93,,,CPCB,Unverified
595,Srinagar,Jammu & Kashmir,Tourist,2023-06-22,2023,6,Thursday,Monsoon,1180570,10,4.81,8.41,37.41,9.1,3.25,63.39,44.53,30.3,72.6,13.4,0,267998,2080,37.5,20,18,10,5,,,Satellite,Manual Entry
596,Kolkata,West Bengal,Urban,2023-02-18,2023,2,Saturday,Winter,4496694,182.3,104.95,121.8,115.32,35.25,1.76,28.94,47.5,25.7,51.9,10.5,0,1085465,5903,36.8,5,350,202,81,,,State PCB,Verified
597,Meerut,Uttar Pradesh,Industrial,2022-01-18,2022,1,Tuesday,Winter,1309023,194.5,85.79,153.94,33.51,84.48,17.39,108.72,12.69,17.9,76.5,17.6,0,398040,2307,29.5,15,83,39,17,,,Satellite,Manual Entry
598,Bangalore,Karnataka,IT Hub,2023-02-19,2023,2,Sunday,Winter,8443675,998.3,123.21,158.15,108.92,100.4,15.05,53.15,30.66,26.6,69.9,12.0,0,2512170,11524,15.0,25,1040,597,306,,,CPCB,Verified
599,Varanasi,Uttar Pradesh,Tourist,2023-02-09,2023,2,Thursday,Winter,1198491,113.1,38.45,66.43,161.75,67.33,13.93,113.24,41.67,31.8,60.8,12.9,3.2,363302,2011,31.4,24,114,56,24,,,State PCB,Unverified
600,Pune,Maharashtra,Industrial,2023-02-03,2023,2,Friday,Winter,3124458,88.1,49.1,67.38,89.45,106.66,9.58,52.77,22.23,40.9,78.9,20.8,4.3,840878,2517,12.1,3,181,87,34,,,CPCB,Auto
601,Kanpur,Uttar Pradesh,Industrial,2022-11-07,2022,11,Monday,Winter,2920496,71.4,35.21,48.52,120.02,35.94,10.38,70.78,8.86,31.2,100,16.4,1.3,766932,2419,9.4,14,213,117,61,,,CPCB,Manual Entry
602,Ranchi,Jharkhand,Industrial,2023-11-06,2023,11,Monday,Winter,1073440,116.0,48.85,60.92,161.4,18.25,18.95,52.77,12.97,27.3,100,8.4,4.2,361913,2021,43.3,13,85,58,12,,,Ground Sensor,Manual Entry
603,Mumbai,Maharashtra,Industrial,2023-05-08,2023,5,Monday,Summer,12478447,80.8,28.92,43.89,48.07,68.54,4.56,124.6,29.72,19.8,38.4,19.5,0,3003198,13350,39.3,14,550,366,109,,,State PCB,Manual Entry
604,Bhopal,Madhya Pradesh,Administrative,2022-08-22,2022,8,Monday,Monsoon,1795648,49.4,25.04,26.74,81.41,16.76,9.8,46.64,21.21,32.3,67.8,11.9,0,457922,1263,15.3,21,79,36,12,,,Satellite,Auto
605,Jodhpur,Rajasthan,Tourist,2022-08-03,2022,8,Wednesday,Monsoon,1137815,10,3.28,8.69,57.97,9.01,3.1,97.78,37.57,33.5,54.4,7.2,6.8,237116,1861,44.7,16,27,18,6,,,CPCB,Verified
606,Visakhapatnam,Andhra Pradesh,Coastal,2023-08-20,2023,8,Sunday,Monsoon,1728128,104.5,31.35,81.36,84.61,46.12,6.42,41.36,37.21,38.4,85.9,11.1,0.1,552643,1471,12.9,12,67,30,18,,,Ground Sensor,Unverified
607,Agra,Uttar Pradesh,Tourist,2022-05-18,2022,5,Wednesday,Summer,1585704,108.7,33.62,85.87,98.61,35.75,12.62,118.94,41.9,16.9,72.7,13.8,0,387347,1200,21.8,5,65,29,17,,,State PCB,Verified
608,Bangalore,Karnataka,IT Hub,2023-03-02,2023,3,Thursday,Summer,8443675,176.9,96.2,107.29,73.95,51.29,11.35,143.5,46.67,31.6,95.9,4.1,9.3,1745793,16852,22.0,22,638,363,186,,,Ground Sensor,Manual Entry
609,Surat,Gujarat,Industrial,2022-09-24,2022,9,Saturday,Monsoon,4467797,89.1,42.93,77.55,73.36,50.75,2.51,58.42,38.86,24.6,61.9,2.7,0,900495,2594,27.4,15,257,143,71,,,State PCB,Verified
610,Visakhapatnam,Andhra Pradesh,Coastal,2022-07-04,2022,7,Monday,Monsoon,1728128,68.4,23.13,59.08,49.44,37.89,9.99,51.39,28.06,26.6,46.8,18.3,4.2,351070,1326,37.1,10,55,36,9,,,CPCB,Unverified
611,Agra,Uttar Pradesh,Tourist,2023-03-29,2023,3,Wednesday,Summer,1585704,197.3,63.4,155.51,77.15,66.36,5.68,41.4,14.54,29.1,56.0,13.0,0,494425,2436,11.6,23,120,74,19,,,CPCB,Unverified
612,Bhopal,Madhya Pradesh,Administrative,2022-04-11,2022,4,Monday,Summer,1795648,24.1,11.89,12.58,87.33,85.41,0.96,39.47,18.31,34.3,52.8,14.0,5.9,552933,1600,28.1,18,72,46,17,,,CPCB,Unverified
613,Hyderabad,Telangana,IT Hub,2022-10-23,2022,10,Sunday,Post-Monsoon,6809970,107.2,48.3,87.43,53.46,48.2,9.42,80.75,3.16,39.2,68.9,16.4,0,1962861,4310,20.1,6,356,171,61,,,State PCB,Manual Entry
614,Visakhapatnam,Andhra Pradesh,Coastal,2022-08-22,2022,8,Monday,Monsoon,1728128,137.1,43.13,85.53,21.54,36.2,8.31,91.83,2.93,27.5,39.9,13.2,6.2,491506,2056,36.1,19,52,36,13,,,CPCB,Verified
615,Jaipur,Rajasthan,Tourist,2022-02-18,2022,2,Friday,Winter,3046163,286.3,165.63,242.28,52.93,62.5,18.77,138.98,37.19,27.1,92.4,20.4,0,831819,3687,33.7,9,357,169,63,,,CPCB,Auto
616,Jaipur,Rajasthan,Tourist,2022-09-06,2022,9,Tuesday,Monsoon,3046163,106.0,53.98,79.28,31.85,13.36,6.59,107.03,36.8,30.4,50.2,13.9,5.7,919601,3205,17.4,11,,66,21,,,CPCB,Auto
617,Lucknow,Uttar Pradesh,Administrative,2023-10-09,2023,10,Monday,Post-Monsoon,2815601,224.8,93.73,144.29,111.04,74.19,15.67,25.5,20.76,29.6,89.8,7.1,6.1,647452,5458,20.1,16,302,122,49,,,Satellite,Verified
618,Ludhiana,Punjab,Industrial,2022-08-20,2022,8,Saturday,Monsoon,1618879,92.7,43.29,64.95,22.22,59.0,3.98,146.42,23.82,20.4,63.5,10.1,3.4,480419,949,13.4,14,71,33,20,,,Satellite,Manual Entry
619,Jodhpur,Rajasthan,Tourist,2023-12-27,2023,12,Wednesday,Winter,1137815,162.3,54.63,128.43,138.23,91.62,2.53,112.47,23.28,11.9,68.6,13.3,1.9,393513,980,10.4,23,78,47,17,,,State PCB,Verified
620,Jodhpur,Rajasthan,Tourist,2023-02-21,2023,2,Tuesday,Winter,1137815,257.5,151.14,223.36,108.23,60.01,16.1,62.57,20.08,17.9,37.1,13.7,0,371932,2091,44.9,3,96,43,26,,,Satellite,Auto
621,Kolkata,West Bengal,Urban,2023-07-17,2023,7,Monday,Monsoon,4496694,126.3,42.74,93.32,83.76,17.5,4.48,81.4,35.44,27.4,76.3,15.0,4.0,1363452,5050,19.7,14,164,96,29,,,CPCB,Verified
622,Lucknow,Uttar Pradesh,Administrative,2023-09-11,2023,9,Monday,Monsoon,2815601,116.6,53.37,94.29,31.16,34.08,2.83,71.61,24.39,29.8,74.0,5.2,5.6,588466,4461,7.9,17,134,77,30,,,Satellite,Auto
623,Chennai,Tamil Nadu,Coastal,2022-04-05,2022,4,Tuesday,Summer,7088000,81.2,30.57,41.77,101.27,65.78,2.62,89.69,47.09,35.4,65.1,22.5,1.9,1562197,13491,25.8,6,400,275,104,,,State PCB,Auto
624,Ludhiana,Punjab,Industrial,2022-01-19,2022,1,Wednesday,Winter,1618879,353.3,198.72,184.49,150.28,44.94,8.78,98.97,41.09,20.8,61.6,6.1,0.4,550180,1326,18.6,4,275,173,51,,,State PCB,Auto
625,Coimbatore,Tamil Nadu,Industrial,2022-04-22,2022,4,Friday,Summer,1061447,121.4,54.11,101.88,62.36,51.81,14.94,100.75,49.21,31.2,45.6,14.9,0.5,245917,1413,18.7,10,64,44,17,,,State PCB,Auto
626,Delhi,Delhi,Urban,2022-08-06,2022,8,Saturday,Monsoon,16787941,101.6,52.53,52.96,62.53,29.15,7.92,98.74,3.33,35.7,42.6,17.7,0,3837386,12971,28.3,8,618,431,184,,,Ground Sensor,Auto
627,Ranchi,Jharkhand,Industrial,2023-11-04,2023,11,Saturday,Winter,1073440,48.1,18.69,34.65,107.12,70.03,15.51,108.18,49.08,11.9,71.4,9.9,5.8,260041,1155,9.1,3,73,34,14,,,Satellite,Unverified
628,Hyderabad,Telangana,IT Hub,2022-07-14,2022,7,Thursday,Monsoon,6809970,158.8,86.08,93.56,71.89,47.42,5.05,93.31,48.07,37.6,86.3,14.8,24.0,1405238,9945,30.7,8,458,240,129,,,Satellite,Unverified
629,Visakhapatnam,Andhra Pradesh,Coastal,2023-09-14,2023,9,Thursday,Monsoon,1728128,105.1,38.47,80.71,57.2,24.1,3.03,143.51,7.79,38.7,39.7,20.7,0,554318,3189,10.7,25,82,54,13,,,Ground Sensor,Manual Entry
630,Mumbai,Maharashtra,Industrial,2023-07-17,2023,7,Monday,Monsoon,12478447,121.8,51.38,98.07,52.42,12.0,7.56,32.15,27.98,14.8,43.5,9.6,0,2705669,16754,40.3,9,581,249,159,,,Satellite,Manual Entry
631,Srinagar,Jammu & Kashmir,Tourist,2022-05-04,2022,5,Wednesday,Summer,1180570,42.8,16.08,24.69,43.31,50.17,4.39,123.52,16.23,16.8,58.4,13.4,1.2,405015,1437,22.4,15,31,12,8,,,Ground Sensor,Verified
632,Delhi,Delhi,Urban,2022-04-30,2022,4,Saturday,Summer,16787941,194.6,87.78,103.12,91.87,72.68,5.89,146.03,42.87,16.3,67.1,12.7,0,3818786,15773,23.1,8,1430,940,283,,,State PCB,Auto
633,Meerut,Uttar Pradesh,Industrial,2023-02-26,2023,2,Sunday,Winter,1309023,163.6,79.84,85.08,70.73,73.94,6.18,136.44,22.59,21.5,48.4,25.4,4.4,432663,2080,10.5,3,105,54,17,,,CPCB,Auto
634,Amritsar,Punjab,Tourist,2023-10-03,2023,10,Tuesday,Post-Monsoon,1132761,224.7,129.61,200.58,86.64,89.92,1.76,121.11,2.11,11.9,87.6,8.5,0.1,242110,1337,19.3,8,91,40,26,,,Ground Sensor,Verified
635,Indore,Madhya Pradesh,Commercial,2023-07-12,2023,7,Wednesday,Monsoon,1994397,206.5,119.41,141.63,24.41,59.78,10.25,108.14,4.85,32.0,76.7,13.2,20.4,638762,3927,44.1,15,128,69,29,,,State PCB,Auto
636,Chennai,Tamil Nadu,Coastal,2023-11-15,2023,11,Wednesday,Winter,7088000,118.7,56.7,93.81,39.98,67.77,1.67,132.34,15.41,26.1,95.5,15.0,0,1339582,8346,26.4,7,390,253,81,,,Ground Sensor,Unverified
637,Srinagar,Jammu & Kashmir,Tourist,2022-07-11,2022,7,Monday,Monsoon,1180570,111.7,36.02,93.07,60.22,53.15,10.1,96.57,41.54,32.2,67.9,4.1,0.1,246946,1557,29.3,10,59,32,15,,,State PCB,Unverified
638,Jodhpur,Rajasthan,Tourist,2022-04-28,2022,4,Thursday,Summer,1137815,164.8,83.16,103.42,14.53,24.38,12.52,144.77,2.12,23.9,65.9,4.2,0.2,336482,2266,42.5,10,49,29,10,,,State PCB,Verified
639,Kanpur,Uttar Pradesh,Industrial,2022-01-03,2022,1,Monday,Winter,2920496,102.0,42.13,56.89,115.47,24.95,5.25,65.41,34.02,34.9,70.3,16.0,0,911599,3821,27.8,5,168,72,31,,,State PCB,Verified
640,Coimbatore,Tamil Nadu,Industrial,2022-05-23,2022,5,Monday,Summer,1061447,114.5,50.05,84.48,15.77,54.23,12.87,54.91,22.07,35.1,47.2,8.9,0.3,219631,1951,29.2,10,30,14,4,,,Ground Sensor,Manual Entry
641,Visakhapatnam,Andhra Pradesh,Coastal,2022-10-26,2022,10,Wednesday,Post-Monsoon,1728128,152.6,75.44,94.47,91.94,82.15,11.21,91.96,4.23,34.4,69.3,7.0,0,593807,2811,41.9,10,104,62,17,,,Ground Sensor,Auto
642,Nagpur,Maharashtra,Commercial,2023-05-05,2023,5,Friday,Summer,2405665,177.5,88.21,90.6,85.49,28.18,12.99,145.26,4.11,40.9,22.6,0.4,0,590255,1743,33.7,7,178,120,40,,,State PCB,Manual Entry
643,Visakhapatnam,Andhra Pradesh,Coastal,2023-08-14,2023,8,Monday,Monsoon,1728128,99.1,35.57,88.99,10.65,39.94,3.84,88.17,20.53,32.4,85.8,12.2,9.9,390186,941,20.2,22,54,27,16,,,Ground Sensor,Verified
644,Mumbai,Maharashtra,Industrial,2023-11-21,2023,11,Tuesday,Winter,12478447,226.1,104.6,183.48,66.77,46.33,5.8,141.45,20.27,32.6,49.0,9.8,0,2870140,18186,28.0,11,991,435,227,,,State PCB,Unverified
645,Vadodara,Gujarat,Industrial,2023-08-10,2023,8,Thursday,Monsoon,1670806,158.0,91.68,100.48,21.06,8.23,7.78,62.62,27.12,15.3,100,1.2,8.5,398269,1255,39.7,10,81,42,19,,,Satellite,Verified
646,Ahmedabad,Gujarat,Industrial,2023-06-01,2023,6,Thursday,Monsoon,5570585,148.5,61.01,75.79,60.78,32.94,10.77,143.45,28.38,35.8,77.5,12.5,0,1783849,4658,32.0,19,245,144,41,,,CPCB,Verified
647,Srinagar,Jammu & Kashmir,Tourist,2023-05-08,2023,5,Monday,Summer,1180570,150.0,71.96,84.9,35.1,74.22,5.87,50.68,39.88,34.5,69.8,10.0,2.1,271437,780,11.9,22,77,35,14,,,Ground Sensor,Auto
648,Amritsar,Punjab,Tourist,2023-06-22,2023,6,Thursday,Monsoon,1132761,158.0,68.59,99.04,8.82,38.67,10.74,39.46,43.35,36.2,65.3,7.4,5.8,353395,867,32.8,19,42,23,12,,,CPCB,Unverified
649,Ludhiana,Punjab,Industrial,2023-05-05,2023,5,Friday,Summer,1618879,117.4,35.45,75.63,39.44,47.93,9.45,119.71,20.71,42.4,30.2,0.4,0,504921,1819,21.6,17,73,48,17,,,Satellite,Manual Entry
650,Ranchi,Jharkhand,Industrial,2022-06-21,2022,6,Tuesday,Monsoon,1073440,139.2,63.07,124.34,81.19,19.48,7.25,115.28,21.68,37.6,33.7,21.1,11.7,245780,1345,8.3,25,54,31,9,,,Satellite,Verified
651,Bangalore,Karnataka,IT Hub,2022-01-07,2022,1,Friday,Winter,8443675,38.3,21.63,19.8,137.45,46.11,5.36,104.15,12.37,32.1,57.3,20.9,0,2707067,14345,18.6,4,616,259,92,,,Ground Sensor,Unverified
651,Bangalore,Karnataka,IT Hub,2022-01-07,2022,1,Friday,Winter,8443675,38.3,21.63,19.8,137.45,46.11,5.36,104.15,12.37,32.1,57.3,20.9,0,2707067,14345,18.6,4,616,259,92,,,Ground Sensor,Unverified
652,Rajkot,Gujarat,Industrial,2022-06-21,2022,6,Tuesday,Monsoon,1286995,138.5,79.77,85.22,85.85,7.66,2.75,125.76,35.67,29.3,51.2,19.6,26.3,259291,1814,30.0,4,94,55,22,,,CPCB,Verified
653,Visakhapatnam,Andhra Pradesh,Coastal,2022-09-08,2022,9,Thursday,Monsoon,1728128,56.3,20.32,40.58,35.96,33.7,8.72,72.52,35.6,32.7,53.7,8.8,10.9,447454,1538,10.4,7,57,32,10,,,CPCB,Manual Entry
654,Bangalore,Karnataka,IT Hub,2023-09-26,2023,9,Tuesday,Monsoon,8443675,132.2,43.24,109.3,78.03,45.48,4.53,105.5,12.81,30.1,64.0,18.5,0,2898372,12396,22.7,25,373,200,67,,,State PCB,Verified
655,Surat,Gujarat,Industrial,2022-07-06,2022,7,Wednesday,Monsoon,4467797,122.8,57.72,91.6,68.63,53.34,10.76,115.26,40.17,37.3,45.4,5.4,0,1222442,3818,14.8,21,214,127,54,,,State PCB,Manual Entry
656,Vadodara,Gujarat,Industrial,2022-11-12,2022,11,Saturday,Winter,1670806,138.4,52.58,75.94,125.62,55.62,15.8,84.1,8.92,23.3,69.4,17.4,1.4,546560,2283,9.7,17,148,81,38,,,Ground Sensor,Verified
657,Hyderabad,Telangana,IT Hub,2023-08-08,2023,8,Tuesday,Monsoon,6809970,104.7,33.15,62.67,81.84,30.1,6.11,84.7,6.51,30.7,17.6,12.8,0,1872149,12751,35.1,6,275,122,74,,,Satellite,Auto
658,Amritsar,Punjab,Tourist,2022-02-25,2022,2,Friday,Winter,1132761,271.8,126.21,154.72,150.04,34.86,11.95,98.86,47.05,35.2,44.0,4.2,0.8,271163,924,25.6,8,135,82,27,,,Ground Sensor,Verified
659,Faridabad,Haryana,Industrial,2022-02-11,2022,2,Friday,Winter,1394000,200.5,78.31,174.21,113.39,92.54,18.06,94.6,6.36,34.2,94.7,16.6,2.4,423431,2575,28.1,21,144,58,24,,,CPCB,Verified
660,Lucknow,Uttar Pradesh,Administrative,2022-07-23,2022,7,Saturday,Monsoon,2815601,121.7,53.96,92.67,68.13,14.6,7.03,45.52,1.24,20.2,71.4,14.0,24.5,551288,5493,11.1,9,110,45,18,,,Ground Sensor,Auto
661,Indore,Madhya Pradesh,Commercial,2023-11-08,2023,11,Wednesday,Winter,1994397,,109.66,158.76,31.85,47.17,2.82,138.73,3.05,31.0,56.2,11.0,3.4,610761,2580,34.9,9,127,60,36,,,State PCB,Auto
662,Nagpur,Maharashtra,Commercial,2022-12-12,2022,12,Monday,Winter,2405665,235.2,85.27,118.87,41.54,75.32,14.2,59.19,26.53,36.3,88.3,13.2,2.6,442307,3217,39.4,21,147,81,42,,,State PCB,Unverified
663,Agra,Uttar Pradesh,Tourist,2022-10-21,2022,10,Friday,Post-Monsoon,1585704,147.3,80.57,85.06,123.79,95.51,6.69,69.46,39.76,29.0,72.1,2.9,10.2,478350,2145,37.9,6,136,86,32,,,Ground Sensor,Verified
664,Bangalore,Karnataka,IT Hub,2022-10-10,2022,10,Monday,Post-Monsoon,8443675,157.2,56.15,137.39,84.56,54.57,7.34,119.13,7.39,31.5,47.3,20.8,4.0,1744032,6005,29.6,18,516,214,86,,,Ground Sensor,Manual Entry
665,Delhi,Delhi,Urban,2022-06-20,2022,6,Monday,Monsoon,16787941,85.6,44.12,75.77,43.08,52.24,0.62,49.67,7.2,26.3,54.3,20.5,16.2,3766886,30152,13.9,25,835,505,205,,,CPCB,Unverified
666,Delhi,Delhi,Urban,2022-05-08,2022,5,Sunday,Summer,16787941,110.8,33.79,71.47,120.52,84.42,9.55,119.89,23.12,15.5,76.3,7.9,0,4706010,27995,42.8,11,1088,528,300,,,CPCB,Unverified
667,Ghaziabad,Uttar Pradesh,Industrial,2022-09-15,2022,9,Thursday,Monsoon,1636068,94.5,29.61,49.51,17.28,47.83,1.71,46.94,40.5,28.1,58.3,5.8,7.1,371303,3132,5.5,6,45,23,7,,,Satellite,Auto
668,Kolkata,West Bengal,Urban,2022-06-01,2022,6,Wednesday,Monsoon,4496694,142.2,67.95,120.5,16.42,23.03,1.04,30.98,25.91,24.9,65.0,20.9,12.9,1063304,8782,43.2,18,199,96,58,,,Ground Sensor,Unverified
669,Kolkata,West Bengal,Urban,2023-12-22,2023,12,Friday,Winter,4496694,186.8,80.4,119.45,146.35,78.02,9.77,111.44,30.21,29.4,46.5,12.1,0,1573658,7669,37.4,17,489,284,84,,,Ground Sensor,Auto
670,Patna,Bihar,Administrative,2022-06-02,2022,6,Thursday,Monsoon,1684222,83.5,27.04,61.32,50.78,50.48,7.98,81.75,2.57,36.1,57.4,7.4,10.8,397739,2330,28.5,24,71,45,11,,,Satellite,Verified
671,Mumbai,Maharashtra,Industrial,2023-11-02,2023,11,Thursday,Winter,12478447,177.5,94.16,127.94,140.36,66.11,14.91,111.98,35.13,33.9,44.5,9.7,0,2917875,9460,28.6,23,1076,626,167,,,Ground Sensor,Auto
672,Faridabad,Haryana,Industrial,2023-09-13,2023,9,Wednesday,Monsoon,1394000,41.3,18.93,28.76,25.95,7.41,5.41,77.07,6.89,18.7,73.9,12.0,0,466115,2694,24.4,21,20,10,5,,,State PCB,Unverified
673,Ludhiana,Punjab,Industrial,2022-11-27,2022,11,Sunday,Winter,1618879,133.1,67.44,94.0,105.01,37.36,12.24,34.81,30.92,30.1,62.6,9.9,2.4,534525,2868,7.0,17,136,60,24,,,State PCB,Verified
674,Chennai,Tamil Nadu,Coastal,2023-02-25,2023,2,Saturday,Winter,7088000,127.9,40.46,72.03,116.47,9.88,17.01,101.61,5.66,45.0,40.2,22.1,0,1559259,10819,40.4,21,442,252,105,,,State PCB,Verified
675,Chennai,Tamil Nadu,Coastal,2023-04-01,2023,4,Saturday,Summer,7088000,238.3,109.93,178.84,127.71,82.04,8.66,125.99,42.72,25.0,100,9.5,3.7,1442414,11601,25.5,10,717,476,145,,,Ground Sensor,Manual Entry
676,Indore,Madhya Pradesh,Commercial,2022-01-12,2022,1,Wednesday,Winter,1994397,141.5,65.35,74.26,17.96,63.71,9.2,61.63,33.66,30.4,48.9,14.9,5.8,460555,2203,25.4,18,104,62,30,,,Satellite,Unverified
677,Agra,Uttar Pradesh,Tourist,2023-11-18,2023,11,Saturday,Winter,1585704,34.3,11.83,27.09,74.38,106.04,14.31,130.23,33.56,36.0,65.6,12.6,0,355151,2673,6.8,20,91,47,18,,,State PCB,Auto
678,Lucknow,Uttar Pradesh,Administrative,2023-11-22,2023,11,Wednesday,Winter,2815601,278.4,158.14,216.1,99.96,42.0,8.36,33.91,46.62,14.2,40.7,7.3,0,593791,4110,16.3,22,355,240,90,,,State PCB,Manual Entry
679,Srinagar,Jammu & Kashmir,Tourist,2023-09-19,2023,9,Tuesday,Monsoon,1180570,68.2,30.94,38.25,44.13,12.35,4.05,70.17,8.83,30.7,84.1,8.8,5.9,267737,1558,36.1,11,26,17,7,,,State PCB,Verified
680,Jodhpur,Rajasthan,Tourist,2023-03-23,2023,3,Thursday,Summer,1137815,228.3,77.89,137.74,69.02,87.22,12.56,77.87,29.21,18.0,72.7,16.7,2.3,246287,1984,19.3,22,86,53,22,,,State PCB,Unverified
681,Rajkot,Gujarat,Industrial,2023-02-22,2023,2,Wednesday,Winter,1286995,223.5,115.32,191.74,66.63,110.01,1.59,53.09,28.26,31.5,74.9,15.0,1.4,267884,2393,10.0,6,106,52,18,,,CPCB,Unverified
682,Rajkot,Gujarat,Industrial,2022-10-24,2022,10,Monday,Post-Monsoon,1286995,143.8,54.95,117.23,66.96,82.06,8.78,116.24,44.93,30.7,56.9,2.7,0.4,361739,1750,41.3,3,80,33,18,,,Ground Sensor,Unverified
683,Kolkata,West Bengal,Urban,2022-10-06,2022,10,Thursday,Post-Monsoon,4496694,202.0,91.94,181.45,115.92,81.58,11.43,139.49,31.7,31.1,83.8,9.5,0,1424598,3927,22.6,19,508,263,123,,,Satellite,Verified
684,Surat,Gujarat,Industrial,2022-12-15,2022,12,Thursday,Winter,4467797,118.0,56.24,105.22,137.75,12.18,3.22,37.52,30.36,34.5,95.0,15.8,0,991347,8458,24.0,16,368,152,61,,,CPCB,Unverified
685,Ghaziabad,Uttar Pradesh,Industrial,2023-09-03,2023,9,Sunday,Monsoon,1636068,28.6,15.53,16.69,33.44,26.86,8.09,36.35,26.22,24.8,58.8,17.8,21.2,308162,2276,26.2,21,39,19,6,,,CPCB,Manual Entry
686,Srinagar,Jammu & Kashmir,Tourist,2023-01-21,2023,1,Saturday,Winter,1180570,212.5,127.41,164.25,56.19,101.82,18.19,99.74,22.14,22.0,69.5,8.7,1.9,377112,2239,22.7,20,99,65,22,,,Ground Sensor,Manual Entry
687,Ludhiana,Punjab,Industrial,2022-11-23,2022,11,Wednesday,Winter,1618879,,,171.8,79.47,32.46,16.58,53.55,20.82,26.9,52.2,14.2,0,384008,1511,18.9,4,99,58,23,,,Ground Sensor,Unverified
688,Ranchi,Jharkhand,Industrial,2022-07-11,2022,7,Monday,Monsoon,1073440,44.9,15.05,25.16,22.44,46.61,5.29,145.36,24.44,24.2,45.6,15.5,14.8,205506,581,8.7,19,19,9,5,,,Satellite,Auto
689,Delhi,Delhi,Urban,2022-01-07,2022,1,Friday,Winter,16787941,196.1,59.72,135.3,93.51,48.59,15.13,148.91,7.26,5.8,68.7,9.4,0,4289235,28176,44.8,16,835,534,181,,,State PCB,Auto
690,Chennai,Tamil Nadu,Coastal,2022-05-31,2022,5,Tuesday,Summer,7088000,61.5,31.93,53.38,17.47,49.12,4.2,118.76,24.46,29.0,78.2,7.0,0,2182643,4055,19.7,11,212,146,52,,,State PCB,Manual Entry
691,Bangalore,Karnataka,IT Hub,2022-05-07,2022,5,Saturday,Summer,8443675,99.0,36.61,62.34,41.64,71.25,16.18,54.89,2.54,17.1,74.4,10.4,0,2190526,13591,10.6,9,431,281,69,,,Ground Sensor,Manual Entry
692,Ludhiana,Punjab,Industrial,2023-07-05,2023,7,Wednesday,Monsoon,1618879,69.8,33.82,55.47,88.11,42.12,7.13,126.03,5.16,15.2,73.0,12.4,0,372163,2367,39.7,20,91,49,14,,,State PCB,Verified
693,Jodhpur,Rajasthan,Tourist,2023-05-02,2023,5,Tuesday,Summer,1137815,137.2,63.49,112.53,19.14,70.18,15.9,127.47,13.49,29.0,57.1,8.2,0,394146,1123,40.8,13,55,35,10,,,Satellite,Verified
694,Delhi,Delhi,Urban,2023-12-18,2023,12,Monday,Winter,16787941,343.9,184.45,273.78,93.26,82.09,8.75,81.64,15.04,40.7,38.4,9.9,3.0,3747025,31480,38.0,9,2534,1212,542,,,Satellite,Verified
695,Bhopal,Madhya Pradesh,Administrative,2023-09-10,2023,9,Sunday,Monsoon,1795648,64.5,34.53,35.02,60.45,40.36,10.28,114.38,16.7,22.0,53.6,9.6,0,479660,1585,28.2,21,76,39,18,,,State PCB,Verified
696,Lucknow,Uttar Pradesh,Administrative,2022-11-19,2022,11,Saturday,Winter,2815601,137.4,61.04,107.32,142.98,17.99,17.75,108.53,13.44,29.6,96.2,23.4,0,765494,5477,13.1,20,230,104,39,,,Ground Sensor,Unverified
697,Visakhapatnam,Andhra Pradesh,Coastal,2022-08-30,2022,8,Tuesday,Monsoon,1728128,,,56.08,60.8,34.67,0.7,139.59,8.7,42.1,70.1,9.2,19.1,582562,2708,6.8,6,73,33,12,,,State PCB,Unverified
698,Jodhpur,Rajasthan,Tourist,2022-01-03,2022,1,Monday,Winter,1137815,318.6,97.14,247.47,73.43,52.57,3.03,138.31,25.89,19.9,38.1,1.9,0,297816,1228,19.9,5,65,27,12,,,State PCB,Manual Entry
699,Srinagar,Jammu & Kashmir,Tourist,2022-11-23,2022,11,Wednesday,Winter,1180570,117.1,38.13,82.48,21.29,57.67,9.25,117.64,42.95,18.7,51.7,8.9,0,330653,2063,35.9,3,46,18,8,,,Ground Sensor,Unverified
700,Mumbai,Maharashtra,Industrial,2023-01-14,2023,1,Saturday,Winter,12478447,325.9,177.67,199.3,64.73,84.93,8.4,128.43,17.24,30.0,56.5,0.3,4.5,3073301,11268,19.8,5,1122,753,234,,,State PCB,Manual Entry
701,Mumbai,Maharashtra,Industrial,2023-04-03,2023,4,Monday,Summer,12478447,116.1,56.22,100.88,82.57,69.23,8.04,87.96,1.74,27.0,64.9,2.0,0,2870219,8875,11.4,22,813,463,197,,,CPCB,Unverified
702,Vadodara,Gujarat,Industrial,2023-03-20,2023,3,Monday,Summer,1670806,175.5,82.04,124.27,87.87,15.26,8.99,108.68,32.4,28.6,52.4,22.6,2.4,422527,1745,5.9,22,127,72,36,,,CPCB,Verified
702,Vadodara,Gujarat,Industrial,2023-03-20,2023,3,Monday,Summer,1670806,175.5,82.04,124.27,87.87,15.26,8.99,108.68,32.4,28.6,52.4,22.6,2.4,422527,1745,5.9,22,127,72,36,,,CPCB,Verified
703,Kolkata,West Bengal,Urban,2023-04-17,2023,4,Monday,Summer,4496694,148.3,66.15,91.42,21.92,67.21,8.34,70.06,10.06,36.9,71.3,14.5,0,919983,2868,15.7,8,241,125,41,,,Ground Sensor,Manual Entry
704,Visakhapatnam,Andhra Pradesh,Coastal,2023-08-25,2023,8,Friday,Monsoon,1728128,109.7,56.18,98.54,80.42,44.31,4.36,139.11,6.16,29.2,31.5,9.0,0,324392,1991,10.1,14,100,40,23,,,CPCB,Verified
705,Amritsar,Punjab,Tourist,2022-02-20,2022,2,Sunday,Winter,1132761,793.7,91.39,188.99,156.5,101.34,9.02,143.58,23.51,,70.5,15.9,0,238102,843,36.5,3,126,62,32,,,State PCB,Unverified
706,Rajkot,Gujarat,Industrial,2022-09-26,2022,9,Monday,Monsoon,1286995,91.2,31.09,60.92,39.63,56.29,10.43,123.33,19.28,22.2,53.1,12.2,0,384377,2475,29.4,17,38,21,11,,,CPCB,Verified
707,Surat,Gujarat,Industrial,2022-07-10,2022,7,Sunday,Monsoon,4467797,140.1,60.0,111.96,11.1,24.15,10.67,132.09,22.59,29.9,50.2,18.4,9.5,1419162,6212,41.2,23,,65,36,,,Satellite,Manual Entry
708,Rajkot,Gujarat,Industrial,2022-10-28,2022,10,Friday,Post-Monsoon,1286995,169.7,91.5,120.27,66.54,55.98,4.31,131.47,17.89,39.4,46.6,9.3,0,414639,813,44.1,9,96,59,27,,,CPCB,Unverified
709,Jodhpur,Rajasthan,Tourist,2022-03-14,2022,3,Monday,Summer,1137815,148.2,46.04,93.8,29.6,69.41,11.14,72.43,34.55,43.3,77.7,14.8,9.0,357744,1183,18.5,7,43,27,11,,,CPCB,Auto
710,Ranchi,Jharkhand,Industrial,2022-10-07,2022,10,Friday,Post-Monsoon,1073440,226.0,118.31,153.45,89.65,25.71,13.09,52.68,15.68,26.9,47.3,11.0,0.2,339243,1152,16.9,7,109,73,32,,,Satellite,Manual Entry
711,Delhi,Delhi,Urban,2023-04-02,2023,4,Sunday,Summer,16787941,178.6,97.33,155.55,96.27,37.96,7.71,63.62,4.92,32.6,57.1,3.1,0,3049607,9250,6.7,23,1605,1076,318,,,CPCB,Verified
712,Jodhpur,Rajasthan,Tourist,2022-08-28,2022,8,Sunday,Monsoon,1137815,111.4,36.78,90.44,85.17,9.08,11.1,22.48,17.1,30.0,46.7,25.8,2.9,340728,855,14.4,11,38,23,7,,,CPCB,Unverified
713,Mumbai,Maharashtra,Industrial,2022-03-26,2022,3,Saturday,Summer,12478447,124.7,62.34,71.42,120.04,70.26,14.91,66.45,48.14,43.8,62.6,12.6,0,2353828,12219,41.3,14,906,596,262,,,Satellite,Auto
714,Meerut,Uttar Pradesh,Industrial,2023-09-25,2023,9,Monday,Monsoon,1309023,73.8,23.12,61.56,15.74,28.67,2.45,36.79,30.15,35.3,77.8,13.7,4.0,378916,2448,44.3,12,29,18,4,,,State PCB,Manual Entry
715,Ludhiana,Punjab,Industrial,2022-01-13,2022,1,Thursday,Winter,1618879,66.8,24.12,57.38,32.25,36.13,3.26,24.09,11.51,38.6,67.8,16.8,0.4,311215,1537,31.2,22,47,20,8,,,State PCB,Manual Entry
716,Kanpur,Uttar Pradesh,Industrial,2022-09-07,2022,9,Wednesday,Monsoon,2920496,150.4,60.47,77.93,39.5,5.62,4.81,83.3,47.09,21.4,63.9,12.1,0,976910,3858,15.5,25,90,46,19,,,Ground Sensor,Manual Entry
717,Rajkot,Gujarat,Industrial,2023-11-28,2023,11,Tuesday,Winter,1286995,102.3,34.54,87.56,47.54,27.35,17.92,59.88,35.25,43.9,56.6,17.9,1.5,331968,2108,11.4,14,52,26,7,,,CPCB,Auto
718,Pune,Maharashtra,Industrial,2023-01-24,2023,1,Tuesday,Winter,3124458,166.3,69.41,102.17,84.74,33.75,12.52,101.61,33.41,31.9,28.8,7.4,1.6,738231,2008,30.7,16,151,96,35,,,CPCB,Manual Entry
719,Ahmedabad,Gujarat,Industrial,2022-01-06,2022,1,Thursday,Winter,5570585,235.4,115.63,208.03,99.59,50.47,5.84,21.81,44.43,33.9,73.2,2.0,3.4,1586309,2839,41.5,13,599,299,177,,,Ground Sensor,Manual Entry
720,Ranchi,Jharkhand,Industrial,2023-08-03,2023,8,Thursday,Monsoon,1073440,108.8,52.02,80.25,42.44,13.17,0.88,143.92,12.77,25.4,40.3,1.1,14.1,219034,1132,23.5,3,41,17,8,,,State PCB,Verified
721,Srinagar,Jammu & Kashmir,Tourist,2023-04-01,2023,4,Saturday,Summer,1180570,22.8,7.61,18.67,112.86,24.12,12.54,20.8,10.26,26.5,48.4,7.1,0,345013,709,27.9,18,61,33,10,,,Satellite,Verified
722,Patna,Bihar,Administrative,2022-04-19,2022,4,Tuesday,Summer,1684222,153.2,55.68,99.37,77.58,12.23,9.94,60.68,37.73,18.6,51.7,5.7,0.5,462356,954,14.5,20,66,46,13,,,State PCB,Verified
723,Vadodara,Gujarat,Industrial,2023-01-20,2023,1,Friday,Winter,1670806,149.2,71.99,83.81,153.93,57.36,4.2,86.18,17.25,39.8,32.9,1.2,0,339971,2645,13.6,12,149,59,26,,,State PCB,Unverified
724,Varanasi,Uttar Pradesh,Tourist,2022-06-09,2022,6,Thursday,Monsoon,1198491,114.1,43.76,102.08,61.52,44.88,10.43,131.83,37.64,29.3,100,18.5,24.0,360496,1859,10.1,23,61,37,15,,,CPCB,Manual Entry
725,Srinagar,Jammu & Kashmir,Tourist,2023-12-14,2023,12,Thursday,Winter,1180570,154.8,53.36,130.15,34.11,53.09,7.99,140.95,35.08,34.2,71.7,16.4,9.0,364892,1481,20.8,3,50,33,10,,,CPCB,Manual Entry
726,Rajkot,Gujarat,Industrial,2023-09-02,2023,9,Saturday,Monsoon,1286995,106.8,46.69,68.61,82.01,9.15,6.22,37.16,4.48,42.9,71.8,12.5,0,424950,1967,29.3,8,67,36,13,,,State PCB,Verified
727,Faridabad,Haryana,Industrial,2022-01-30,2022,1,Sunday,Winter,1394000,135.8,51.48,113.65,128.25,93.22,2.06,70.32,8.95,14.9,45.2,12.9,2.9,366293,1744,38.6,15,106,60,21,,,CPCB,Auto
728,Ahmedabad,Gujarat,Industrial,2023-12-19,2023,12,Tuesday,Winter,5570585,147.1,69.3,120.88,69.76,13.35,12.5,121.24,39.38,30.8,58.3,13.5,4.9,1188645,5343,18.8,12,338,207,79,,,Ground Sensor,Unverified
729,Indore,Madhya Pradesh,Commercial,2022-07-14,2022,7,Thursday,Monsoon,1994397,88.6,30.02,50.29,18.61,53.37,1.65,58.42,8.2,29.7,80.1,19.3,26.4,475461,2955,32.2,19,64,30,11,,,CPCB,Auto
730,Agra,Uttar Pradesh,Tourist,2023-12-05,2023,12,Tuesday,Winter,1585704,88.6,51.33,49.55,50.98,39.67,17.36,31.0,30.44,19.2,53.6,7.7,2.1,349967,1111,44.0,8,89,62,25,,,CPCB,Manual Entry
731,Vadodara,Gujarat,Industrial,2022-08-30,2022,8,Tuesday,Monsoon,1670806,133.3,48.97,80.53,24.19,49.61,9.17,51.32,4.86,35.9,26.5,6.0,2.2,406935,2636,41.6,21,60,32,15,,,Ground Sensor,Manual Entry
732,Faridabad,Haryana,Industrial,2023-04-10,2023,4,Monday,Summer,1394000,65.3,33.69,58.5,98.33,83.28,15.16,63.62,10.77,35.3,81.0,10.7,0,315107,1505,37.3,16,96,60,19,,,Satellite,Unverified
733,Chennai,Tamil Nadu,Coastal,2022-07-01,2022,7,Friday,Monsoon,7088000,47.6,19.2,30.87,51.68,54.84,6.6,140.29,46.91,33.9,51.5,16.7,12.2,2192113,9880,20.9,17,232,158,54,,,State PCB,Verified
734,Indore,Madhya Pradesh,Commercial,2022-10-10,2022,10,Monday,Post-Monsoon,1994397,197.3,101.65,176.56,47.07,40.63,16.84,57.17,49.89,33.8,87.8,9.5,0,663205,3812,17.4,25,151,74,29,,,Ground Sensor,Auto
735,Ahmedabad,Gujarat,Industrial,2023-11-05,2023,11,Sunday,Winter,5570585,152.9,81.2,90.26,162.0,78.47,1.07,89.44,34.63,41.7,92.9,17.9,0,1137263,3790,42.3,11,530,299,86,,,State PCB,Manual Entry
736,Ghaziabad,Uttar Pradesh,Industrial,2023-11-05,2023,11,Sunday,Winter,1636068,151.9,65.31,131.02,136.82,34.27,17.84,104.56,34.26,44.7,82.4,14.1,0,474750,2820,40.0,7,98,54,26,,,Ground Sensor,Auto
737,Indore,Madhya Pradesh,Commercial,2022-05-16,2022,5,Monday,Summer,1994397,114.7,54.29,75.74,50.19,21.03,8.02,34.49,45.64,26.5,55.1,12.8,0,635413,3431,19.7,23,103,43,29,,,CPCB,Verified
738,Mumbai,Maharashtra,Industrial,2022-06-05,2022,6,Sunday,Monsoon,12478447,35.3,18.34,18.6,22.87,29.8,9.58,45.33,21.85,29.2,48.6,9.4,0,3877935,10312,24.8,8,251,161,63,,,State PCB,Verified
739,Pune,Maharashtra,Industrial,2023-01-23,2023,1,Monday,Winter,3124458,121.1,58.94,77.55,37.74,88.43,4.27,113.71,30.45,33.0,89.7,18.5,0,745104,4932,31.4,9,210,106,59,,,State PCB,Unverified
740,Bangalore,Karnataka,IT Hub,2023-10-18,2023,10,Wednesday,Post-Monsoon,8443675,113.7,41.84,84.85,129.96,60.31,3.63,57.35,42.79,14.2,46.4,-4.8,1.6,2028057,5858,6.4,15,578,246,117,,,Ground Sensor,Verified
741,Visakhapatnam,Andhra Pradesh,Coastal,2022-07-11,2022,7,Monday,Monsoon,1728128,68.8,28.69,48.13,86.67,46.75,9.15,127.87,10.8,29.3,60.8,16.3,15.6,415126,3055,27.3,20,98,55,27,,,State PCB,Verified
742,Ranchi,Jharkhand,Industrial,2023-05-20,2023,5,Saturday,Summer,1073440,84.6,36.42,66.26,42.72,76.41,12.98,82.2,16.89,14.7,60.2,8.8,3.6,232762,1649,25.3,23,40,27,11,,,Satellite,Manual Entry
743,Bangalore,Karnataka,IT Hub,2022-12-21,2022,12,Wednesday,Winter,8443675,379.3,177.55,291.37,128.05,23.2,17.26,148.81,31.94,33.2,89.8,10.8,2.1,1782602,15474,7.0,15,1248,625,256,,,Ground Sensor,Unverified
744,Chennai,Tamil Nadu,Coastal,2023-10-26,2023,10,Thursday,Post-Monsoon,7088000,172.7,72.39,141.16,48.4,80.49,0.71,106.97,12.23,29.8,44.1,10.1,4.7,1454773,12990,31.4,19,352,222,62,,,Ground Sensor,Unverified
745,Coimbatore,Tamil Nadu,Industrial,2023-04-30,2023,4,Sunday,Summer,1061447,196.9,97.87,128.87,48.97,28.34,8.14,67.0,13.32,32.4,65.5,10.4,0,206665,2086,31.9,13,58,24,15,,,CPCB,Verified
746,Coimbatore,Tamil Nadu,Industrial,2023-01-20,2023,1,Friday,Winter,1061447,137.6,54.54,98.93,69.09,26.41,10.39,20.07,7.72,25.0,59.5,18.4,1.4,303433,1568,17.3,9,43,26,7,,,Ground Sensor,Auto
747,Indore,Madhya Pradesh,Commercial,2023-06-29,2023,6,Thursday,Monsoon,1994397,103.5,48.64,70.54,10.5,57.46,5.54,29.65,21.89,32.5,51.0,17.2,0,421842,2307,18.6,21,67,42,14,,,Ground Sensor,Auto
748,Kanpur,Uttar Pradesh,Industrial,2022-08-31,2022,8,Wednesday,Monsoon,2920496,149.7,87.13,115.83,81.76,43.03,3.73,34.99,5.49,12.2,62.2,6.7,19.0,859383,4901,6.8,6,222,100,37,,,Satellite,Verified
749,Ludhiana,Punjab,Industrial,2022-12-24,2022,12,Saturday,Winter,1618879,358.8,159.99,233.68,166.95,66.12,9.96,139.82,24.52,27.9,59.1,5.2,3.4,400282,1560,27.9,21,233,123,48,,,Satellite,Verified
750,Patna,Bihar,Administrative,2022-07-26,2022,7,Tuesday,Monsoon,1684222,68.8,34.89,35.33,78.28,5.61,4.8,65.89,35.25,32.9,54.6,12.3,2.2,464942,2399,30.4,23,83,44,13,,,Ground Sensor,Unverified
751,Surat,Gujarat,Industrial,2022-07-30,2022,7,Saturday,Monsoon,4467797,10,3.15,6.48,45.94,4.2,4.38,34.32,26.92,16.3,67.0,8.1,9.9,863722,4338,38.6,13,67,37,18,,,Satellite,Manual Entry
752,Patna,Bihar,Administrative,2023-11-05,2023,11,Sunday,Winter,1684222,122.6,48.91,74.11,152.77,103.95,15.83,59.96,13.61,30.7,98.2,17.7,0,568863,2330,39.3,11,170,80,43,,,Satellite,Unverified
753,Coimbatore,Tamil Nadu,Industrial,2022-10-04,2022,10,Tuesday,Post-Monsoon,1061447,113.2,63.72,68.52,81.41,66.84,12.04,92.98,8.16,34.8,65.3,4.8,3.6,277138,2019,35.8,19,86,51,19,,,Satellite,Verified
754,Ahmedabad,Gujarat,Industrial,2022-06-11,2022,6,Saturday,Monsoon,5570585,,57.77,74.04,18.15,42.63,1.63,82.24,3.12,28.6,40.1,23.4,0,1599596,9339,39.4,7,203,109,48,,,CPCB,Verified
755,Lucknow,Uttar Pradesh,Administrative,2022-10-12,2022,10,Wednesday,Post-Monsoon,2815601,151.0,70.96,126.71,62.36,11.77,13.19,49.05,3.68,44.8,67.3,14.0,0,879575,2269,19.2,25,171,85,35,,,State PCB,Manual Entry
756,Coimbatore,Tamil Nadu,Industrial,2022-12-12,2022,12,Monday,Winter,1061447,79.8,47.03,57.64,80.26,91.65,19.43,99.23,47.27,17.0,58.7,17.7,0.1,250112,1148,19.8,9,54,25,12,,,State PCB,Unverified
757,Ghaziabad,Uttar Pradesh,Industrial,2023-02-22,2023,2,Wednesday,Winter,1636068,238.9,82.98,183.58,34.9,97.09,4.66,79.48,9.97,18.3,76.2,16.3,1.3,419863,2240,20.8,20,108,65,29,,,CPCB,Manual Entry
758,Rajkot,Gujarat,Industrial,2023-12-26,2023,12,Tuesday,Winter,1286995,261.8,100.57,209.77,161.73,23.06,17.04,31.66,33.47,21.8,18.2,13.0,3.9,449036,1226,36.8,14,146,60,26,,,State PCB,Unverified
759,Ghaziabad,Uttar Pradesh,Industrial,2023-07-27,2023,7,Thursday,Monsoon,1636068,110.2,53.21,67.46,39.74,13.94,8.55,114.88,37.94,28.3,46.7,24.8,40.7,467937,1391,44.7,9,51,22,10,,,CPCB,Unverified
760,Mumbai,Maharashtra,Industrial,2022-08-13,2022,8,Saturday,Monsoon,12478447,975.7,48.09,88.29,17.64,54.43,8.89,67.48,40.97,,40.5,14.4,8.3,2983016,21472,30.7,9,408,254,71,,,State PCB,Unverified
761,Amritsar,Punjab,Tourist,2023-08-19,2023,8,Saturday,Monsoon,1132761,41.7,19.45,25.14,47.73,16.97,2.73,113.18,47.59,30.8,67.7,11.4,10.4,391113,1554,8.6,25,33,23,8,,,State PCB,Unverified
762,Lucknow,Uttar Pradesh,Administrative,2022-02-23,2022,2,Wednesday,Winter,2815601,743.5,109.74,159.05,155.11,34.19,18.63,80.13,39.03,,95.9,20.0,0,660510,2507,39.5,11,233,148,55,,,State PCB,Auto
763,Bangalore,Karnataka,IT Hub,2023-11-25,2023,11,Saturday,Winter,8443675,90.0,39.69,50.37,91.89,104.77,4.35,61.17,2.97,41.4,50.4,8.7,4.3,2286057,13247,14.9,10,683,421,117,,,Ground Sensor,Verified
764,Faridabad,Haryana,Industrial,2022-07-10,2022,7,Sunday,Monsoon,1394000,111.5,66.23,61.09,45.28,32.64,2.94,65.07,34.73,30.0,21.3,18.8,0,462034,2576,16.7,4,66,27,18,,,State PCB,Unverified
765,Kanpur,Uttar Pradesh,Industrial,2022-04-17,2022,4,Sunday,Summer,2920496,83.8,39.92,62.66,41.47,34.78,10.09,115.58,44.97,30.9,65.9,17.9,8.8,995038,4738,5.9,12,95,53,16,,,CPCB,Auto
766,Hyderabad,Telangana,IT Hub,2023-01-21,2023,1,Saturday,Winter,6809970,131.6,49.76,112.06,72.91,107.6,19.15,116.2,1.07,17.0,47.2,11.0,4.3,1738443,12647,25.3,21,348,191,79,,,CPCB,Manual Entry
767,Indore,Madhya Pradesh,Commercial,2022-01-22,2022,1,Saturday,Winter,1994397,172.4,93.33,86.91,71.63,78.73,16.25,108.97,4.5,28.7,42.8,13.5,0,446255,3097,11.4,22,132,69,32,,,Ground Sensor,Unverified
768,Jaipur,Rajasthan,Tourist,2022-07-09,2022,7,Saturday,Monsoon,3046163,51.2,20.27,29.11,82.74,35.66,0.57,30.47,20.57,30.8,49.3,11.1,2.2,739335,4836,17.9,16,107,61,17,,,State PCB,Manual Entry
769,Surat,Gujarat,Industrial,2023-11-12,2023,11,Sunday,Winter,4467797,170.8,87.18,112.9,81.13,55.64,15.32,40.04,21.02,33.9,31.6,4.3,0,836669,4760,30.9,20,304,145,69,,,State PCB,Unverified
770,Amritsar,Punjab,Tourist,2022-04-20,2022,4,Wednesday,Summer,1132761,155.7,86.47,80.56,80.44,75.76,4.13,131.22,4.15,37.8,52.2,9.1,6.7,237191,695,9.5,14,98,54,28,,,Ground Sensor,Auto
771,Vadodara,Gujarat,Industrial,2023-05-27,2023,5,Saturday,Summer,1670806,263.7,157.55,163.28,12.02,68.5,2.3,62.47,28.26,34.4,66.2,10.9,3.0,538432,837,41.6,18,160,72,46,,,Ground Sensor,Unverified
772,Ghaziabad,Uttar Pradesh,Industrial,2022-11-18,2022,11,Friday,Winter,1636068,50.0,29.37,37.72,57.39,98.37,15.9,120.76,6.82,26.2,50.3,13.2,0.3,464295,2572,12.3,12,81,35,13,,,CPCB,Manual Entry
773,Hyderabad,Telangana,IT Hub,2023-09-19,2023,9,Tuesday,Monsoon,6809970,122.4,46.02,71.84,87.74,19.58,5.66,86.44,44.12,29.7,29.3,17.2,15.9,1937773,4972,29.5,21,390,224,93,,,CPCB,Unverified
774,Visakhapatnam,Andhra Pradesh,Coastal,2023-12-17,2023,12,Sunday,Winter,1728128,221.4,67.75,130.14,80.53,50.03,15.67,116.87,35.61,40.4,77.1,14.1,1.8,409967,2274,6.9,8,94,40,18,,,State PCB,Verified
775,Srinagar,Jammu & Kashmir,Tourist,2022-12-30,2022,12,Friday,Winter,1180570,225.1,104.9,127.14,78.36,92.08,4.17,121.19,38.6,36.1,68.4,5.8,0.1,377602,1929,27.2,9,125,82,22,,,Ground Sensor,Unverified
776,Pune,Maharashtra,Industrial,2023-05-11,2023,5,Thursday,Summer,3124458,59.2,26.72,44.61,117.88,84.99,15.11,117.51,38.63,35.3,69.8,17.9,1.1,1075040,2071,36.6,9,253,115,63,,,State PCB,Verified
777,Varanasi,Uttar Pradesh,Tourist,2023-07-08,2023,7,Saturday,Monsoon,1198491,149.8,83.09,118.69,25.96,54.25,5.39,98.01,42.95,21.0,56.9,21.1,0,358413,1329,6.7,23,77,42,12,,,State PCB,Verified
778,Meerut,Uttar Pradesh,Industrial,2023-07-06,2023,7,Thursday,Monsoon,1309023,,,10.22,13.69,10.92,6.97,144.35,6.72,25.8,86.8,7.5,0,364594,1701,24.9,24,12,7,2,,,State PCB,Auto
779,Nagpur,Maharashtra,Commercial,2023-01-13,2023,1,Friday,Winter,2405665,,,219.36,96.22,87.19,13.12,66.01,41.64,33.6,76.7,9.5,5.4,664290,4639,22.4,23,234,109,44,,,Ground Sensor,Manual Entry
780,Jodhpur,Rajasthan,Tourist,2022-05-20,2022,5,Friday,Summer,1137815,70.3,30.47,52.79,28.27,56.43,7.3,148.5,15.92,22.8,62.4,4.2,0.3,205550,1903,27.4,24,37,22,8,,,Satellite,Auto
781,Jaipur,Rajasthan,Tourist,2022-03-19,2022,3,Saturday,Summer,3046163,150.7,88.3,87.0,84.6,47.09,5.37,73.42,12.88,33.1,39.5,9.2,0,927931,3974,28.4,3,227,158,44,,,Satellite,Verified
782,Faridabad,Haryana,Industrial,2023-09-12,2023,9,Tuesday,Monsoon,1394000,127.0,68.81,107.98,34.45,13.36,9.46,148.26,9.04,37.9,74.2,17.1,0,393541,824,15.1,19,68,30,15,,,State PCB,Verified
783,Vadodara,Gujarat,Industrial,2023-07-07,2023,7,Friday,Monsoon,1670806,118.1,55.75,68.04,62.42,6.06,5.62,106.68,27.5,28.9,86.8,0.8,9.7,511930,1101,11.0,17,68,47,12,,,CPCB,Verified
784,Mumbai,Maharashtra,Industrial,2022-08-06,2022,8,Saturday,Monsoon,12478447,133.9,55.84,103.29,15.9,53.73,8.84,66.27,10.96,30.1,100,4.2,0,2799914,16820,40.9,12,572,396,142,,,CPCB,Auto
785,Srinagar,Jammu & Kashmir,Tourist,2022-01-20,2022,1,Thursday,Winter,1180570,204.6,101.51,145.75,38.95,99.21,17.01,24.06,31.92,30.2,78.5,11.3,0,266968,1113,42.5,15,108,51,25,,,Satellite,Auto
786,Vadodara,Gujarat,Industrial,2023-02-15,2023,2,Wednesday,Winter,1670806,213.1,83.17,109.85,35.83,88.7,3.07,138.32,30.95,21.0,39.0,14.7,0,351377,3188,13.6,23,91,53,18,,,Satellite,Auto
787,Faridabad,Haryana,Industrial,2022-01-31,2022,1,Monday,Winter,1394000,256.3,96.78,159.66,152.72,38.88,6.56,122.11,19.25,29.5,81.1,17.6,7.8,444717,1814,10.5,13,123,67,19,,,State PCB,Verified
788,Hyderabad,Telangana,IT Hub,2023-12-20,2023,12,Wednesday,Winter,6809970,260.5,82.56,207.47,74.74,76.13,19.91,140.97,4.33,12.9,55.4,5.4,6.1,1958971,8137,26.8,10,422,266,97,,,Satellite,Manual Entry
789,Vadodara,Gujarat,Industrial,2022-11-29,2022,11,Tuesday,Winter,1670806,130.9,45.98,96.04,61.01,78.53,7.73,112.66,16.32,9.7,90.7,9.3,4.4,324613,1002,6.9,12,84,34,23,,,Satellite,Auto
790,Indore,Madhya Pradesh,Commercial,2022-11-11,2022,11,Friday,Winter,1994397,175.3,71.84,102.7,132.95,38.24,18.44,115.13,42.81,33.7,49.3,22.9,2.1,555835,3098,38.9,22,196,105,37,,,Satellite,Unverified
791,Bhopal,Madhya Pradesh,Administrative,2023-06-07,2023,6,Wednesday,Monsoon,1795648,80.3,36.94,47.26,17.8,16.0,1.28,122.38,34.73,28.7,88.7,26.7,0,453600,998,41.5,5,43,24,7,,,State PCB,Auto
792,Vadodara,Gujarat,Industrial,2023-05-02,2023,5,Tuesday,Summer,1670806,159.4,74.36,91.44,93.8,31.36,2.5,109.9,21.02,34.2,66.8,8.4,0,531430,2800,19.2,24,88,48,24,,,Satellite,Manual Entry
793,Ranchi,Jharkhand,Industrial,2023-01-26,2023,1,Thursday,Winter,1073440,834.4,103.61,183.25,82.17,46.78,4.0,125.18,29.85,,66.9,13.5,4.9,300458,1463,43.9,13,100,58,21,,,CPCB,Verified
794,Kolkata,West Bengal,Urban,2022-02-19,2022,2,Saturday,Winter,4496694,86.1,38.24,62.97,95.82,31.57,19.6,112.15,9.02,26.0,52.9,4.8,0,1500917,3396,36.1,12,214,103,62,,,Ground Sensor,Manual Entry
795,Indore,Madhya Pradesh,Commercial,2022-06-24,2022,6,Friday,Monsoon,1994397,124.5,58.29,105.89,75.47,53.8,3.95,112.3,18.08,8.9,54.0,11.4,0,376398,1426,29.4,24,115,66,29,,,CPCB,Unverified
796,Lucknow,Uttar Pradesh,Administrative,2023-06-26,2023,6,Monday,Monsoon,2815601,40.5,23.16,27.56,14.26,4.56,3.94,95.48,15.66,25.1,100,9.1,14.9,887243,2278,20.6,19,42,27,9,,,State PCB,Unverified
797,Meerut,Uttar Pradesh,Industrial,2022-01-31,2022,1,Monday,Winter,1309023,55.8,20.26,39.13,129.81,96.14,3.02,30.65,13.04,37.3,58.0,7.3,0.2,439562,1786,31.3,21,107,43,28,,,State PCB,Verified
798,Indore,Madhya Pradesh,Commercial,2023-04-25,2023,4,Tuesday,Summer,1994397,91.5,31.51,77.28,122.88,53.78,4.08,122.61,5.38,24.4,68.3,7.4,0,614817,2387,12.8,24,141,88,35,,,CPCB,Verified
799,Coimbatore,Tamil Nadu,Industrial,2022-09-04,2022,9,Sunday,Monsoon,1061447,95.5,51.21,50.81,28.01,51.99,1.74,94.56,24.24,38.7,90.0,9.4,14.1,268037,1444,9.0,19,47,23,10,,,CPCB,Manual Entry
800,Surat,Gujarat,Industrial,2022-03-04,2022,3,Friday,Summer,4467797,180.0,92.62,104.9,19.43,33.82,11.67,122.31,25.31,,45.3,16.2,2.4,1328433,5649,14.7,22,243,138,44,,,CPCB,Manual Entry
801,Vadodara,Gujarat,Industrial,2022-11-26,2022,11,Saturday,Winter,1670806,166.1,98.44,147.95,143.6,52.17,8.14,144.23,23.07,28.3,89.0,19.1,0,368746,2056,9.1,12,138,69,38,,,CPCB,Unverified
801,Vadodara,Gujarat,Industrial,2022-11-26,2022,11,Saturday,Winter,1670806,166.1,98.44,147.95,143.6,52.17,8.14,144.23,23.07,28.3,89.0,19.1,0,368746,2056,9.1,12,138,69,38,,,CPCB,Unverified
802,Indore,Madhya Pradesh,Commercial,2022-11-28,2022,11,Monday,Winter,1994397,210.6,103.28,122.55,96.45,92.9,19.36,73.25,14.01,48.3,52.1,20.7,2.4,544403,1402,21.8,16,228,91,39,,,CPCB,Manual Entry
803,Meerut,Uttar Pradesh,Industrial,2022-09-23,2022,9,Friday,Monsoon,1309023,77.3,35.45,56.54,56.34,48.43,10.45,94.79,29.18,20.1,82.5,14.0,3.4,439786,2343,11.9,19,59,35,8,,,Satellite,Auto
804,Ludhiana,Punjab,Industrial,2022-10-04,2022,10,Tuesday,Post-Monsoon,1618879,266.7,149.69,213.8,58.28,83.01,4.73,128.09,17.1,27.9,38.0,13.7,0,364571,1286,27.4,6,170,89,39,,,Ground Sensor,Manual Entry
805,Ludhiana,Punjab,Industrial,2022-02-05,2022,2,Saturday,Winter,1618879,236.2,112.73,189.93,152.78,60.26,4.87,81.09,32.94,46.6,44.8,17.6,0.7,369547,1962,5.3,3,134,63,24,,,CPCB,Manual Entry
806,Pune,Maharashtra,Industrial,2023-06-09,2023,6,Friday,Monsoon,3124458,69.0,37.81,58.62,87.47,14.23,1.76,37.32,13.96,29.1,64.9,11.3,26.8,652904,5639,19.2,17,172,100,44,,,Satellite,Manual Entry
807,Chennai,Tamil Nadu,Coastal,2022-01-21,2022,1,Friday,Winter,7088000,,,244.39,55.91,66.33,3.94,68.26,39.26,32.3,75.4,4.7,5.3,2018246,4594,26.8,17,707,313,185,,,Ground Sensor,Unverified
808,Amritsar,Punjab,Tourist,2023-02-04,2023,2,Saturday,Winter,1132761,,127.48,181.33,102.45,28.49,4.3,30.16,25.3,26.7,70.6,10.8,4.0,375297,1663,38.1,4,89,46,14,,,Satellite,Auto
809,Visakhapatnam,Andhra Pradesh,Coastal,2023-03-18,2023,3,Saturday,Summer,1728128,191.1,60.23,96.49,77.08,42.51,10.96,27.29,46.57,32.6,60.9,10.5,0,425909,2944,21.4,20,111,46,22,,,CPCB,Manual Entry
810,Indore,Madhya Pradesh,Commercial,2023-05-03,2023,5,Wednesday,Summer,1994397,235.3,113.28,120.46,22.59,25.58,5.87,123.73,48.32,36.8,63.6,10.1,0,614170,1100,26.6,15,117,52,19,,,Ground Sensor,Verified
811,Meerut,Uttar Pradesh,Industrial,2023-02-04,2023,2,Saturday,Winter,1309023,132.7,40.79,110.05,62.7,103.82,16.4,116.65,39.83,28.1,69.7,12.0,4.6,450238,1585,7.2,7,58,27,10,,,Satellite,Manual Entry
812,Ranchi,Jharkhand,Industrial,2022-05-15,2022,5,Sunday,Summer,1073440,238.3,84.63,132.91,89.4,6.77,6.01,47.91,29.8,28.1,48.9,10.5,0,326510,1475,24.0,8,63,40,16,,,CPCB,Unverified
813,Varanasi,Uttar Pradesh,Tourist,2022-07-07,2022,7,Thursday,Monsoon,1198491,46.7,18.44,27.56,18.27,26.75,7.46,98.35,15.71,33.4,10.3,6.4,0,286008,1843,10.3,6,23,11,4,,,CPCB,Manual Entry
813,Varanasi,Uttar Pradesh,Tourist,2022-07-07,2022,7,Thursday,Monsoon,1198491,46.7,18.44,27.56,18.27,26.75,7.46,98.35,15.71,33.4,10.3,6.4,0,286008,1843,10.3,6,23,11,4,,,CPCB,Manual Entry
814,Srinagar,Jammu & Kashmir,Tourist,2022-01-10,2022,1,Monday,Winter,1180570,121.0,52.87,61.65,129.38,53.02,14.04,146.93,48.86,28.0,64.0,13.0,0,238719,1364,35.6,9,68,35,17,,,State PCB,Unverified
815,Faridabad,Haryana,Industrial,2022-11-30,2022,11,Wednesday,Winter,1394000,326.0,193.6,199.32,55.43,52.89,9.82,143.58,25.7,35.7,77.6,6.8,0.4,353222,1006,13.0,18,179,80,53,,,State PCB,Verified
816,Kanpur,Uttar Pradesh,Industrial,2022-12-03,2022,12,Saturday,Winter,2920496,,,123.02,16.8,61.49,5.75,57.92,36.0,28.1,47.9,14.5,1.3,781953,3964,9.8,3,179,125,30,,,CPCB,Auto
817,Coimbatore,Tamil Nadu,Industrial,2023-10-05,2023,10,Thursday,Post-Monsoon,1061447,160.2,55.37,95.15,102.49,24.14,8.55,128.12,33.99,37.9,51.1,2.8,2.6,199131,544,38.7,5,73,36,16,,,Ground Sensor,Auto
818,Jaipur,Rajasthan,Tourist,2023-02-02,2023,2,Thursday,Winter,3046163,182.8,105.36,151.05,163.76,61.08,14.59,52.38,6.82,30.6,91.2,18.5,2.6,598085,5554,19.8,11,302,180,70,,,State PCB,Manual Entry
819,Bangalore,Karnataka,IT Hub,2022-01-19,2022,1,Wednesday,Winter,8443675,172.7,61.61,104.31,144.57,8.26,8.07,62.11,12.72,26.3,62.6,5.7,9.6,2391465,7393,22.3,7,641,391,179,,,CPCB,Verified
820,Vadodara,Gujarat,Industrial,2022-05-22,2022,5,Sunday,Summer,1670806,133.7,40.76,74.32,104.17,80.6,11.54,39.79,7.75,39.4,63.7,18.4,3.9,301065,3243,40.5,18,105,43,21,,,Satellite,Unverified
821,Indore,Madhya Pradesh,Commercial,2022-08-21,2022,8,Sunday,Monsoon,1994397,81.5,43.78,52.47,87.6,26.9,2.11,140.97,17.88,27.0,60.7,19.1,15.9,695492,2672,9.6,16,85,51,14,,,State PCB,Manual Entry
822,Kanpur,Uttar Pradesh,Industrial,2023-08-02,2023,8,Wednesday,Monsoon,2920496,158.2,89.79,86.32,10.12,29.89,2.26,27.2,21.9,29.3,68.4,12.4,0,753218,1590,44.3,7,152,94,26,,,Ground Sensor,Verified
823,Kanpur,Uttar Pradesh,Industrial,2022-04-02,2022,4,Saturday,Summer,2920496,115.3,38.9,87.82,43.0,49.42,6.52,84.71,22.04,28.1,45.7,17.0,0,979201,4762,17.2,8,107,66,31,,,Ground Sensor,Auto
824,Ahmedabad,Gujarat,Industrial,2023-10-12,2023,10,Thursday,Post-Monsoon,5570585,118.0,36.3,88.38,55.94,6.62,9.29,116.66,31.67,42.2,69.1,21.3,0,1225135,7450,11.8,13,183,100,38,,,State PCB,Auto
825,Varanasi,Uttar Pradesh,Tourist,2022-07-07,2022,7,Thursday,Monsoon,1198491,98.7,41.29,88.31,49.52,51.41,8.03,70.37,18.2,25.4,40.8,13.8,11.5,416123,2318,39.1,17,55,29,16,,,Satellite,Manual Entry
826,Bhopal,Madhya Pradesh,Administrative,2023-04-24,2023,4,Monday,Summer,1795648,185.9,88.01,140.47,54.75,8.51,16.1,34.15,26.0,17.7,37.0,12.0,0.3,395042,3225,21.8,15,115,56,22,,,CPCB,Unverified
827,Chennai,Tamil Nadu,Coastal,2022-12-11,2022,12,Sunday,Winter,7088000,223.0,119.77,150.08,52.93,84.52,7.93,66.4,29.17,38.0,100,9.4,0,1616909,12244,24.7,9,676,290,173,,,CPCB,Unverified
827,Chennai,Tamil Nadu,Coastal,2022-12-11,2022,12,Sunday,Winter,7088000,223.0,119.77,150.08,52.93,84.52,7.93,66.4,29.17,38.0,100,9.4,0,1616909,12244,24.7,9,676,290,173,,,CPCB,Unverified
828,Hyderabad,Telangana,IT Hub,2022-04-04,2022,4,Monday,Summer,6809970,250.2,87.14,212.98,48.63,59.66,5.0,124.28,10.14,30.6,52.4,7.8,3.0,2087089,8797,9.0,23,335,229,75,,,Ground Sensor,Verified
829,Delhi,Delhi,Urban,2022-07-27,2022,7,Wednesday,Monsoon,16787941,181.0,65.25,133.55,52.94,37.06,6.95,144.54,4.93,54.7,61.8,10.6,17.6,5695371,28874,9.0,17,763,476,171,,,Ground Sensor,Verified
830,Ludhiana,Punjab,Industrial,2022-04-18,2022,4,Monday,Summer,1618879,147.2,83.23,118.22,117.98,18.34,16.3,66.12,36.05,52.2,51.5,11.2,0,451524,1501,39.7,3,150,80,34,,,CPCB,Unverified
831,Indore,Madhya Pradesh,Commercial,2022-12-15,2022,12,Thursday,Winter,1994397,197.7,101.2,100.64,156.08,65.6,14.42,128.83,26.61,37.7,70.9,12.1,0,601430,2397,32.6,6,254,109,39,,,Ground Sensor,Unverified
832,Bangalore,Karnataka,IT Hub,2022-07-27,2022,7,Wednesday,Monsoon,8443675,111.4,56.06,94.9,56.02,59.32,3.11,83.75,6.91,30.3,77.2,13.0,21.2,2121627,15155,26.9,24,539,216,145,,,Satellite,Manual Entry
833,Indore,Madhya Pradesh,Commercial,2023-05-28,2023,5,Sunday,Summer,1994397,,,151.81,34.49,68.86,3.95,71.38,10.12,29.0,70.0,11.4,0,489338,2998,20.9,18,101,51,22,,,Ground Sensor,Manual Entry
834,Chennai,Tamil Nadu,Coastal,2023-03-24,2023,3,Friday,Summer,7088000,88.6,43.05,48.5,80.95,86.56,15.41,110.61,47.04,31.2,57.0,14.8,1.7,1765743,6714,5.4,9,363,153,80,,,Satellite,Unverified
835,Lucknow,Uttar Pradesh,Administrative,2022-08-05,2022,8,Friday,Monsoon,2815601,78.9,38.36,66.8,55.18,19.98,9.68,85.44,11.8,16.2,100,12.9,3.5,894272,4845,19.7,5,96,44,16,,,Satellite,Auto
836,Rajkot,Gujarat,Industrial,2022-10-25,2022,10,Tuesday,Post-Monsoon,1286995,66.8,28.14,54.62,42.5,84.1,11.29,62.9,16.18,28.5,60.9,15.0,1.2,398169,2404,25.2,21,53,33,9,,,CPCB,Manual Entry
837,Bhopal,Madhya Pradesh,Administrative,2022-09-10,2022,9,Saturday,Monsoon,1795648,63.1,33.42,53.37,18.79,47.09,10.23,137.99,17.15,25.7,71.9,14.5,0,477888,1817,6.8,24,47,24,13,,,Ground Sensor,Unverified
838,Ahmedabad,Gujarat,Industrial,2023-01-28,2023,1,Saturday,Winter,5570585,253.3,77.42,156.6,59.08,86.63,17.8,68.08,14.73,29.3,37.7,14.1,1.3,1099058,6634,20.4,11,305,167,51,,,Ground Sensor,Unverified
839,Bhopal,Madhya Pradesh,Administrative,2023-11-12,2023,11,Sunday,Winter,1795648,172.8,77.07,107.62,49.15,8.67,4.47,77.5,41.25,22.5,72.7,6.0,0,378489,1031,20.8,19,91,45,24,,,State PCB,Auto
840,Hyderabad,Telangana,IT Hub,2023-07-23,2023,7,Sunday,Monsoon,6809970,138.3,62.92,85.78,11.27,27.18,3.1,21.34,32.98,24.1,69.5,9.8,5.8,2192278,5514,21.0,16,224,138,66,,,Satellite,Unverified
841,Pune,Maharashtra,Industrial,2023-06-26,2023,6,Monday,Monsoon,3124458,53.1,23.52,27.68,81.41,42.79,9.05,87.21,46.87,32.0,86.7,11.7,5.5,740132,3298,32.5,22,121,48,32,,,Ground Sensor,Unverified
842,Coimbatore,Tamil Nadu,Industrial,2023-03-05,2023,3,Sunday,Summer,1061447,163.7,85.57,144.53,50.61,75.93,7.39,53.46,1.43,32.2,87.3,9.1,4.9,324003,1327,15.2,16,85,46,17,,,CPCB,Unverified
843,Ghaziabad,Uttar Pradesh,Industrial,2023-06-24,2023,6,Saturday,Monsoon,1636068,92.7,41.05,78.22,69.34,11.08,8.3,43.43,35.6,43.4,73.0,19.7,0,315355,1958,9.8,18,63,41,13,,,State PCB,Verified
843,Ghaziabad,Uttar Pradesh,Industrial,2023-06-24,2023,6,Saturday,Monsoon,1636068,92.7,41.05,78.22,69.34,11.08,8.3,43.43,35.6,43.4,73.0,19.7,0,315355,1958,9.8,18,63,41,13,,,State PCB,Verified
844,Coimbatore,Tamil Nadu,Industrial,2023-07-17,2023,7,Monday,Monsoon,1061447,237.1,134.47,136.04,40.3,31.62,1.22,74.9,2.24,30.4,80.1,14.9,7.2,230043,2119,6.6,13,76,34,21,,,CPCB,Manual Entry
845,Coimbatore,Tamil Nadu,Industrial,2022-07-23,2022,7,Saturday,Monsoon,1061447,92.2,33.43,61.33,45.35,18.03,3.42,95.08,42.79,33.6,43.7,2.3,0,269235,915,6.3,15,34,19,9,,,Satellite,Manual Entry
846,Delhi,Delhi,Urban,2022-06-10,2022,6,Friday,Monsoon,16787941,139.3,67.41,124.65,34.32,43.06,2.76,98.61,7.23,20.5,41.2,5.6,0,3270141,30926,6.9,21,661,341,133,,,CPCB,Unverified
847,Ghaziabad,Uttar Pradesh,Industrial,2023-03-17,2023,3,Friday,Summer,1636068,146.2,75.37,99.56,89.15,73.49,7.79,41.61,32.58,24.7,70.7,3.6,1.4,468769,1734,22.4,3,120,48,33,,,Ground Sensor,Manual Entry
848,Ludhiana,Punjab,Industrial,2023-02-27,2023,2,Monday,Winter,1618879,191.2,59.91,96.38,124.09,17.84,20.18,129.78,30.16,26.6,77.3,20.9,6.7,551332,2951,27.9,4,96,39,18,,,State PCB,Unverified
849,Kanpur,Uttar Pradesh,Industrial,2022-07-17,2022,7,Sunday,Monsoon,2920496,57.0,21.34,32.47,86.49,17.51,1.11,40.02,19.34,23.9,45.4,13.3,0.8,832611,4655,32.3,4,143,69,38,,,Ground Sensor,Manual Entry
850,Rajkot,Gujarat,Industrial,2022-08-02,2022,8,Tuesday,Monsoon,1286995,48.2,18.01,40.97,31.8,17.6,10.37,96.97,7.48,18.6,61.8,10.7,0,450409,1088,15.8,8,22,15,4,,,CPCB,Auto
851,Ludhiana,Punjab,Industrial,2022-12-08,2022,12,Thursday,Winter,1618879,132.3,69.49,86.91,153.78,71.23,13.18,143.68,6.78,28.4,83.4,14.2,5.3,376435,1712,28.8,11,125,83,25,,,State PCB,Auto
852,Surat,Gujarat,Industrial,2023-09-30,2023,9,Saturday,Monsoon,4467797,,,76.45,13.77,16.64,5.61,50.18,20.64,27.7,96.9,7.9,3.0,1311399,5643,41.2,25,130,61,21,,,Ground Sensor,Verified
853,Indore,Madhya Pradesh,Commercial,2022-08-23,2022,8,Tuesday,Monsoon,1994397,133.2,41.02,97.04,20.56,45.48,6.17,54.92,43.85,27.3,72.9,11.4,0,593301,3570,33.8,7,61,30,11,,,CPCB,Manual Entry
854,Ahmedabad,Gujarat,Industrial,2023-11-14,2023,11,Tuesday,Winter,5570585,232.5,100.53,201.52,84.99,21.66,10.16,146.6,19.34,19.9,57.8,0.1,2.0,1519062,8702,42.3,6,361,230,71,,,CPCB,Manual Entry
855,Ludhiana,Punjab,Industrial,2023-07-10,2023,7,Monday,Monsoon,1618879,112.5,50.06,58.12,48.15,25.25,6.62,145.01,44.15,28.5,33.4,18.3,3.6,317618,2928,26.7,12,81,36,17,,,Satellite,Verified
856,Jodhpur,Rajasthan,Tourist,2023-06-17,2023,6,Saturday,Monsoon,1137815,73.0,39.1,58.0,51.26,50.41,6.26,146.45,16.71,36.2,27.2,16.1,22.5,208286,1435,11.7,12,46,20,10,,,Satellite,Manual Entry
857,Chennai,Tamil Nadu,Coastal,2023-08-23,2023,8,Wednesday,Monsoon,7088000,152.0,63.48,109.8,21.74,52.66,0.47,33.82,9.98,26.5,30.7,9.6,0,2339726,6732,15.1,8,266,139,63,,,CPCB,Unverified
858,Faridabad,Haryana,Industrial,2022-06-16,2022,6,Thursday,Monsoon,1394000,98.4,38.0,71.76,56.51,48.08,6.96,105.17,20.33,34.4,70.6,6.3,15.0,313074,2434,19.5,9,56,36,16,,,Ground Sensor,Manual Entry
859,Meerut,Uttar Pradesh,Industrial,2022-02-10,2022,2,Thursday,Winter,1309023,240.0,73.36,142.26,25.53,84.42,2.41,48.55,19.17,31.4,86.5,15.3,3.5,338808,825,6.9,3,77,39,11,,,State PCB,Auto
860,Bhopal,Madhya Pradesh,Administrative,2023-11-06,2023,11,Monday,Winter,1795648,257.7,108.25,224.04,129.25,94.25,1.81,146.83,43.65,29.9,49.1,14.7,0,326367,2439,8.6,16,165,74,31,,,State PCB,Verified
861,Pune,Maharashtra,Industrial,2022-07-22,2022,7,Friday,Monsoon,3124458,81.8,43.83,44.64,60.54,48.33,3.19,112.63,48.28,22.2,100,10.7,0,709013,5391,23.6,24,121,75,26,,,Satellite,Auto
862,Patna,Bihar,Administrative,2022-02-02,2022,2,Wednesday,Winter,1684222,77.7,41.71,57.61,41.73,109.34,17.32,134.4,40.63,33.8,21.0,14.0,5.1,308821,1060,11.9,25,105,61,24,,,State PCB,Manual Entry
863,Vadodara,Gujarat,Industrial,2022-08-13,2022,8,Saturday,Monsoon,1670806,128.2,55.58,77.76,29.55,46.98,2.2,54.93,21.99,25.3,71.4,15.5,0,428174,2742,26.4,10,54,27,10,,,State PCB,Auto
864,Vadodara,Gujarat,Industrial,2023-08-05,2023,8,Saturday,Monsoon,1670806,158.4,55.72,111.84,68.05,18.72,7.47,147.3,1.16,31.1,47.5,18.0,0,437568,3200,17.9,21,68,35,13,,,CPCB,Unverified
865,Bhopal,Madhya Pradesh,Administrative,2023-07-01,2023,7,Saturday,Monsoon,1795648,170.8,55.23,131.33,11.62,31.24,7.42,73.37,5.6,29.7,83.4,15.9,0,388016,1035,38.7,14,66,28,17,,,Satellite,Auto
866,Ranchi,Jharkhand,Industrial,2023-04-24,2023,4,Monday,Summer,1073440,,,150.18,122.88,79.86,13.03,67.81,15.55,40.0,51.7,5.2,3.7,297464,2047,28.1,6,94,51,23,,,Satellite,Manual Entry
867,Delhi,Delhi,Urban,2023-12-16,2023,12,Saturday,Winter,16787941,65.4,28.53,54.7,100.56,9.15,20.52,67.23,37.89,21.5,67.9,21.1,2.4,4289574,31431,24.3,17,798,378,122,,,CPCB,Auto
868,Bhopal,Madhya Pradesh,Administrative,2023-12-19,2023,12,Tuesday,Winter,1795648,225.0,104.49,124.71,127.17,51.17,18.72,81.8,29.16,11.2,58.4,14.4,5.8,478314,2263,28.9,4,156,85,31,,,State PCB,Auto
869,Pune,Maharashtra,Industrial,2022-11-08,2022,11,Tuesday,Winter,3124458,858.5,96.42,108.62,93.32,71.88,17.91,118.27,49.38,,65.8,14.6,0,1012909,5517,9.7,17,282,161,48,,,Ground Sensor,Verified
870,Vadodara,Gujarat,Industrial,2023-02-16,2023,2,Thursday,Winter,1670806,147.9,62.42,86.12,143.2,87.07,8.87,41.17,46.62,20.1,41.6,1.0,0,465548,1279,44.8,20,173,112,28,,,Ground Sensor,Verified
871,Vadodara,Gujarat,Industrial,2022-06-07,2022,6,Tuesday,Monsoon,1670806,113.2,48.19,71.24,80.39,15.23,9.12,80.27,23.42,28.8,58.9,2.0,18.2,474219,1265,32.8,20,84,37,15,,,State PCB,Verified
872,Varanasi,Uttar Pradesh,Tourist,2022-09-01,2022,9,Thursday,Monsoon,1198491,131.3,78.36,97.23,9.09,19.63,8.8,99.36,21.51,26.2,79.3,13.0,13.9,382701,1388,11.5,11,36,17,8,,,Satellite,Unverified
873,Faridabad,Haryana,Industrial,2022-02-25,2022,2,Friday,Winter,1394000,278.4,141.77,226.38,120.84,93.31,2.23,114.21,6.47,12.4,67.1,20.5,1.2,476962,1263,26.1,4,141,61,39,,,Satellite,Unverified
874,Jodhpur,Rajasthan,Tourist,2023-11-01,2023,11,Wednesday,Winter,1137815,113.4,40.83,77.08,21.14,56.98,19.72,147.05,21.2,27.5,53.5,18.2,2.0,326493,622,23.2,15,43,28,11,,,State PCB,Auto
875,Vadodara,Gujarat,Industrial,2022-06-28,2022,6,Tuesday,Monsoon,1670806,,,81.28,76.22,51.14,3.92,143.05,33.37,32.5,61.4,4.1,4.1,396999,2251,8.0,20,99,53,18,,,CPCB,Auto
876,Ranchi,Jharkhand,Industrial,2022-04-23,2022,4,Saturday,Summer,1073440,175.4,73.24,88.79,15.0,16.51,0.82,101.24,23.36,36.0,36.2,3.8,5.2,315943,1957,20.3,23,37,17,10,,,Satellite,Manual Entry
877,Visakhapatnam,Andhra Pradesh,Coastal,2023-11-28,2023,11,Tuesday,Winter,1728128,,,124.26,14.9,25.76,15.64,58.38,33.43,24.3,45.9,8.8,0,430873,912,23.3,10,71,48,20,,,Satellite,Auto
878,Nagpur,Maharashtra,Commercial,2023-12-23,2023,12,Saturday,Winter,2405665,280.5,138.79,190.64,34.31,86.19,5.62,61.37,42.38,32.0,73.3,8.8,0,745507,2126,36.6,11,235,143,63,,,State PCB,Auto
879,Ghaziabad,Uttar Pradesh,Industrial,2023-12-20,2023,12,Wednesday,Winter,1636068,225.8,86.16,192.11,92.54,22.42,7.85,113.19,23.14,18.3,60.2,10.4,7.2,408835,3269,21.1,17,139,65,21,,,Ground Sensor,Manual Entry
880,Coimbatore,Tamil Nadu,Industrial,2022-03-17,2022,3,Thursday,Summer,1061447,197.9,93.03,137.31,121.28,78.72,14.99,37.54,3.47,35.7,58.9,20.2,0,265174,1517,23.1,21,76,39,12,,,State PCB,Unverified
881,Jodhpur,Rajasthan,Tourist,2022-12-20,2022,12,Tuesday,Winter,1137815,212.2,87.67,189.76,153.94,106.54,14.04,40.06,45.83,12.3,30.3,8.0,0.2,350167,1823,33.4,17,143,74,32,,,Satellite,Auto
881,Jodhpur,Rajasthan,Tourist,2022-12-20,2022,12,Tuesday,Winter,1137815,212.2,87.67,189.76,153.94,106.54,14.04,40.06,45.83,12.3,30.3,8.0,0.2,350167,1823,33.4,17,143,74,32,,,Satellite,Auto
882,Rajkot,Gujarat,Industrial,2023-04-23,2023,4,Sunday,Summer,1286995,130.7,75.69,73.04,85.65,67.13,1.62,123.01,37.32,19.7,26.8,18.7,0,355061,1063,24.8,7,76,35,20,,,Ground Sensor,Unverified
883,Delhi,Delhi,Urban,2023-08-29,2023,8,Tuesday,Monsoon,16787941,64.1,25.51,49.24,32.01,45.5,7.63,110.65,15.55,22.4,87.8,12.6,2.8,4501859,14274,44.7,16,590,241,171,,,CPCB,Manual Entry
884,Vadodara,Gujarat,Industrial,2023-09-28,2023,9,Thursday,Monsoon,1670806,74.6,31.36,64.64,54.39,58.69,8.82,139.76,48.97,51.2,72.6,6.9,18.5,550512,1048,22.9,16,76,36,22,,,Ground Sensor,Manual Entry
885,Bhopal,Madhya Pradesh,Administrative,2022-06-06,2022,6,Monday,Monsoon,1795648,100.4,52.18,88.89,31.46,51.37,3.74,123.4,16.06,16.4,58.5,21.4,0,523665,2196,7.1,18,80,52,13,,,State PCB,Verified
886,Bhopal,Madhya Pradesh,Administrative,2022-12-25,2022,12,Sunday,Winter,1795648,363.0,115.66,242.33,130.67,86.99,4.34,25.85,35.06,34.6,31.4,3.7,0,503560,2286,34.3,12,165,88,29,,,Satellite,Manual Entry
886,Bhopal,Madhya Pradesh,Administrative,2022-12-25,2022,12,Sunday,Winter,1795648,363.0,115.66,242.33,130.67,86.99,4.34,25.85,35.06,34.6,31.4,3.7,0,503560,2286,34.3,12,165,88,29,,,Satellite,Manual Entry
887,Rajkot,Gujarat,Industrial,2023-07-25,2023,7,Tuesday,Monsoon,1286995,96.7,53.75,86.05,14.91,42.85,10.83,41.64,27.37,24.4,72.9,0.1,31.8,239762,2214,18.9,5,47,23,7,,,CPCB,Manual Entry
887,Rajkot,Gujarat,Industrial,2023-07-25,2023,7,Tuesday,Monsoon,1286995,96.7,53.75,86.05,14.91,42.85,10.83,41.64,27.37,24.4,72.9,0.1,31.8,239762,2214,18.9,5,47,23,7,,,CPCB,Manual Entry
888,Ahmedabad,Gujarat,Industrial,2023-09-11,2023,9,Monday,Monsoon,5570585,99.7,57.52,78.24,19.84,8.33,6.24,108.53,29.84,24.3,67.3,21.0,0,1228609,5891,16.1,25,206,116,52,,,Ground Sensor,Verified
889,Bangalore,Karnataka,IT Hub,2023-02-06,2023,2,Monday,Winter,8443675,136.1,54.63,120.91,72.85,79.67,15.1,46.86,10.98,37.9,62.7,21.6,1.9,1792410,16703,25.3,4,478,313,107,,,Ground Sensor,Auto
890,Delhi,Delhi,Urban,2023-06-02,2023,6,Friday,Monsoon,16787941,107.8,55.61,79.98,47.34,58.25,6.86,25.33,34.3,37.2,80.9,21.6,20.8,5368703,24238,13.0,7,1041,686,168,,,Ground Sensor,Verified
891,Kolkata,West Bengal,Urban,2022-12-10,2022,12,Saturday,Winter,4496694,86.9,40.67,55.34,137.25,32.3,14.06,34.49,33.15,25.7,100,15.9,2.8,930898,2370,24.0,11,262,175,65,,,Satellite,Manual Entry
891,Kolkata,West Bengal,Urban,2022-12-10,2022,12,Saturday,Winter,4496694,86.9,40.67,55.34,137.25,32.3,14.06,34.49,33.15,25.7,100,15.9,2.8,930898,2370,24.0,11,262,175,65,,,Satellite,Manual Entry
892,Bangalore,Karnataka,IT Hub,2023-02-22,2023,2,Wednesday,Winter,8443675,211.2,111.47,137.38,14.43,31.37,0.98,117.38,4.61,34.4,56.4,11.8,0,2822101,4297,42.1,4,584,324,91,,,CPCB,Auto
893,Nagpur,Maharashtra,Commercial,2022-09-02,2022,9,Friday,Monsoon,2405665,,,76.13,11.13,44.87,10.02,31.4,32.03,27.9,62.5,9.1,2.9,784556,3319,34.6,23,101,70,16,,,Satellite,Unverified
894,Mumbai,Maharashtra,Industrial,2023-09-15,2023,9,Friday,Monsoon,12478447,95.6,34.43,83.88,69.95,35.72,7.95,67.67,43.02,32.7,26.7,7.0,9.3,3568308,16224,41.7,18,429,282,94,,,Satellite,Manual Entry
895,Faridabad,Haryana,Industrial,2022-10-07,2022,10,Friday,Post-Monsoon,1394000,152.3,90.53,112.12,30.09,34.71,13.6,145.14,14.79,26.4,77.4,8.9,0.8,254780,1870,19.0,9,84,48,16,,,Satellite,Manual Entry
896,Nagpur,Maharashtra,Commercial,2023-02-20,2023,2,Monday,Winter,2405665,207.8,111.84,134.72,33.0,71.74,1.76,110.92,19.61,32.0,63.5,22.9,4.3,490086,3157,30.6,16,135,54,29,,,Ground Sensor,Verified
897,Bangalore,Karnataka,IT Hub,2022-07-21,2022,7,Thursday,Monsoon,8443675,123.4,50.08,110.74,37.69,24.29,1.15,144.14,34.36,33.3,66.0,9.8,0,2127276,14467,27.9,14,292,121,66,,,Satellite,Manual Entry
898,Chennai,Tamil Nadu,Coastal,2022-08-03,2022,8,Wednesday,Monsoon,7088000,98.6,42.66,59.76,66.05,58.24,8.33,67.5,5.76,35.1,71.6,3.4,21.8,1341406,11227,30.7,19,296,201,47,,,Ground Sensor,Auto
898,Chennai,Tamil Nadu,Coastal,2022-08-03,2022,8,Wednesday,Monsoon,7088000,98.6,42.66,59.76,66.05,58.24,8.33,67.5,5.76,35.1,71.6,3.4,21.8,1341406,11227,30.7,19,296,201,47,,,Ground Sensor,Auto
899,Rajkot,Gujarat,Industrial,2023-05-05,2023,5,Friday,Summer,1286995,205.6,67.14,124.61,114.52,71.97,2.15,44.13,2.25,16.2,45.2,17.4,2.6,263089,2007,13.4,15,111,51,28,,,CPCB,Unverified
900,Ranchi,Jharkhand,Industrial,2023-07-29,2023,7,Saturday,Monsoon,1073440,176.2,101.56,110.79,70.45,49.62,10.54,136.45,23.55,20.0,42.0,13.4,13.3,279607,917,39.7,23,97,43,25,,,State PCB,Unverified
901,Varanasi,Uttar Pradesh,Tourist,2022-07-06,2022,7,Wednesday,Monsoon,1198491,115.7,58.59,57.83,42.42,14.38,8.65,42.77,14.67,28.5,93.0,23.7,0,336138,867,37.8,5,51,32,11,,,Satellite,Manual Entry
902,Bangalore,Karnataka,IT Hub,2023-02-03,2023,2,Friday,Winter,8443675,183.0,58.06,159.27,63.84,66.68,13.07,29.03,28.0,28.4,64.8,10.8,0,1928018,7335,44.7,7,534,243,140,,,Ground Sensor,Auto
903,Indore,Madhya Pradesh,Commercial,2023-04-24,2023,4,Monday,Summer,1994397,171.3,72.67,135.39,95.68,8.29,6.9,140.72,36.78,46.6,95.5,13.9,6.1,376743,2129,25.1,12,96,56,16,,,Satellite,Verified
904,Amritsar,Punjab,Tourist,2022-02-08,2022,2,Tuesday,Winter,1132761,,,150.33,59.82,12.63,18.93,55.13,34.09,34.1,43.4,12.4,0,286321,1280,22.2,8,63,42,17,,,CPCB,Unverified
905,Rajkot,Gujarat,Industrial,2023-02-19,2023,2,Sunday,Winter,1286995,215.3,128.02,162.27,136.25,106.1,18.63,123.41,47.35,36.9,57.8,7.2,0,337925,1775,33.0,21,124,84,36,,,Satellite,Verified
906,Jaipur,Rajasthan,Tourist,2023-09-06,2023,9,Wednesday,Monsoon,3046163,109.1,62.62,76.61,10.34,45.38,10.04,125.8,1.7,25.5,90.5,10.2,0,764223,5509,44.0,11,107,46,28,,,CPCB,Unverified
907,Kolkata,West Bengal,Urban,2022-06-10,2022,6,Friday,Monsoon,4496694,86.8,50.36,61.9,61.2,40.9,10.27,62.84,15.13,17.6,73.1,10.2,28.1,948878,5286,10.5,9,245,170,68,,,Satellite,Auto
908,Lucknow,Uttar Pradesh,Administrative,2022-06-26,2022,6,Sunday,Monsoon,2815601,104.0,57.01,90.68,20.83,26.12,5.39,85.52,25.09,,31.7,1.0,0,568443,3309,31.3,12,108,64,17,,,CPCB,Auto
909,Rajkot,Gujarat,Industrial,2022-03-20,2022,3,Sunday,Summer,1286995,183.3,94.76,133.84,55.78,30.74,12.47,94.74,27.29,27.6,70.9,8.5,7.0,344404,1969,12.7,24,86,49,23,,,CPCB,Auto
910,Bangalore,Karnataka,IT Hub,2022-07-26,2022,7,Tuesday,Monsoon,8443675,107.0,44.8,58.63,76.75,7.09,9.95,74.23,19.83,30.5,66.7,6.3,33.9,2571245,12889,42.1,15,358,173,80,,,Satellite,Auto
911,Kanpur,Uttar Pradesh,Industrial,2022-04-13,2022,4,Wednesday,Summer,2920496,180.1,79.45,109.85,11.83,37.38,7.67,87.73,40.66,27.7,74.1,1.0,0.6,561084,3136,15.3,12,115,49,20,,,Ground Sensor,Manual Entry
912,Mumbai,Maharashtra,Industrial,2022-05-28,2022,5,Saturday,Summer,12478447,163.1,88.17,135.93,35.39,39.04,9.07,75.35,26.12,28.7,77.4,10.3,1.2,2380874,6611,16.9,11,618,283,174,,,State PCB,Auto
913,Delhi,Delhi,Urban,2022-06-27,2022,6,Monday,Monsoon,16787941,158.4,82.28,113.46,68.21,16.31,11.07,120.99,14.62,31.4,74.4,14.0,0,4258327,10061,41.8,21,1049,607,293,,,State PCB,Manual Entry
914,Surat,Gujarat,Industrial,2022-06-06,2022,6,Monday,Monsoon,4467797,71.7,33.44,38.98,37.41,38.03,6.1,58.85,45.8,20.7,64.2,13.3,0,1177998,8854,30.6,10,185,74,36,,,CPCB,Manual Entry
915,Coimbatore,Tamil Nadu,Industrial,2023-10-06,2023,10,Friday,Post-Monsoon,1061447,157.4,78.29,105.92,34.25,61.53,5.3,104.59,40.63,25.6,74.0,13.2,8.4,299411,1745,5.7,9,55,26,15,,,State PCB,Verified
916,Ahmedabad,Gujarat,Industrial,2022-04-09,2022,4,Saturday,Summer,5570585,214.4,100.56,144.92,66.64,29.07,7.52,67.13,18.9,39.1,50.7,23.7,4.5,1701414,11086,25.0,7,420,258,75,,,Satellite,Auto
917,Rajkot,Gujarat,Industrial,2023-06-11,2023,6,Sunday,Monsoon,1286995,108.9,51.33,61.4,60.85,16.11,10.94,75.82,37.1,22.0,43.8,17.8,0,267922,1454,39.0,17,56,37,10,,,CPCB,Auto
918,Nagpur,Maharashtra,Commercial,2022-07-06,2022,7,Wednesday,Monsoon,2405665,29.7,16.41,17.37,87.25,55.21,1.32,32.0,40.79,40.7,43.4,18.3,15.1,494192,4013,27.5,16,130,84,35,,,CPCB,Auto
919,Srinagar,Jammu & Kashmir,Tourist,2022-06-06,2022,6,Monday,Monsoon,1180570,101.6,34.9,77.41,17.32,38.89,10.66,23.51,8.42,36.8,70.7,18.0,7.4,354682,2000,37.0,20,40,19,7,,,Ground Sensor,Verified
920,Varanasi,Uttar Pradesh,Tourist,2023-07-20,2023,7,Thursday,Monsoon,1198491,85.1,32.68,58.38,44.35,21.92,3.2,101.53,22.81,21.1,60.4,10.0,1.7,382501,2154,35.0,17,39,23,10,,,Satellite,Verified
921,Surat,Gujarat,Industrial,2023-05-21,2023,5,Sunday,Summer,4467797,81.2,31.73,57.16,84.63,64.26,6.78,72.65,27.95,21.9,34.7,11.7,0,821561,3276,14.5,15,183,99,29,,,State PCB,Verified
922,Srinagar,Jammu & Kashmir,Tourist,2023-10-09,2023,10,Monday,Post-Monsoon,1180570,171.6,91.97,127.17,95.43,36.04,2.13,134.2,27.79,33.8,81.4,13.8,0,290165,1751,37.3,23,101,55,17,,,CPCB,Auto
923,Nagpur,Maharashtra,Commercial,2023-09-03,2023,9,Sunday,Monsoon,2405665,117.7,51.35,65.04,47.19,12.0,6.41,70.39,30.73,28.9,61.9,16.8,0,780449,3589,33.6,4,98,52,15,,,Satellite,Auto
924,Visakhapatnam,Andhra Pradesh,Coastal,2023-09-21,2023,9,Thursday,Monsoon,1728128,38.9,16.52,27.55,67.69,16.42,10.97,63.98,34.84,37.2,61.9,12.2,11.9,361243,2951,18.6,4,65,30,12,,,Satellite,Auto
925,Varanasi,Uttar Pradesh,Tourist,2022-02-03,2022,2,Thursday,Winter,1198491,112.8,51.62,84.31,118.03,84.61,11.19,112.42,14.73,37.0,78.4,13.6,0,413738,1158,41.8,6,83,45,13,,,State PCB,Manual Entry
926,Ranchi,Jharkhand,Industrial,2022-02-20,2022,2,Sunday,Winter,1073440,179.0,64.35,127.85,82.37,41.05,15.93,126.49,39.05,17.4,40.3,6.4,0,352475,1531,30.6,12,67,44,11,,,Satellite,Manual Entry
927,Patna,Bihar,Administrative,2023-06-09,2023,6,Friday,Monsoon,1684222,86.4,38.19,71.23,9.54,46.57,2.9,120.38,36.56,36.0,44.9,14.2,20.8,571620,2391,13.3,6,48,30,10,,,Ground Sensor,Manual Entry
928,Indore,Madhya Pradesh,Commercial,2023-12-25,2023,12,Monday,Winter,1994397,193.1,111.06,143.01,122.31,22.47,9.62,33.58,20.28,15.7,47.9,11.2,0,640355,1988,11.5,10,168,102,32,,,Satellite,Verified
929,Nagpur,Maharashtra,Commercial,2023-01-17,2023,1,Tuesday,Winter,2405665,246.5,128.6,176.26,103.79,90.7,1.19,80.65,11.16,31.1,54.9,17.7,0,505277,1644,31.0,23,283,161,65,,,CPCB,Auto
930,Chennai,Tamil Nadu,Coastal,2023-03-29,2023,3,Wednesday,Summer,7088000,151.4,45.56,76.51,30.55,19.16,8.74,32.23,28.66,41.6,76.5,7.1,15.0,1550482,11658,40.6,25,269,161,55,,,State PCB,Auto
931,Faridabad,Haryana,Industrial,2023-04-06,2023,4,Thursday,Summer,1394000,119.8,40.55,98.71,114.99,49.72,5.15,102.8,12.83,40.7,74.1,25.3,2.6,453002,1424,28.4,25,107,43,27,,,CPCB,Unverified
932,Patna,Bihar,Administrative,2023-01-22,2023,1,Sunday,Winter,1684222,107.1,46.65,58.81,128.92,110.94,9.1,143.83,1.07,41.3,59.5,16.2,0,535451,3170,32.2,10,116,75,19,,,CPCB,Verified
933,Jodhpur,Rajasthan,Tourist,2022-08-02,2022,8,Tuesday,Monsoon,1137815,80.4,37.47,68.84,47.78,38.47,0.55,81.67,23.16,6.9,70.2,13.5,0,228075,1070,19.0,17,46,21,12,,,Ground Sensor,Manual Entry
934,Patna,Bihar,Administrative,2022-11-11,2022,11,Friday,Winter,1684222,315.1,107.78,259.52,139.29,18.55,8.49,83.65,7.28,30.1,85.4,13.1,0,562161,1805,11.3,8,165,82,39,,,Ground Sensor,Auto
935,Ranchi,Jharkhand,Industrial,2022-09-27,2022,9,Tuesday,Monsoon,1073440,110.7,34.7,64.91,78.31,48.35,9.23,62.04,48.67,21.8,59.2,6.6,27.1,231228,2045,15.2,20,64,40,18,,,State PCB,Unverified
936,Vadodara,Gujarat,Industrial,2023-07-03,2023,7,Monday,Monsoon,1670806,123.2,45.4,61.62,46.18,17.32,2.91,52.85,18.7,18.6,82.7,19.9,16.5,383800,2914,36.3,17,51,21,9,,,Ground Sensor,Manual Entry
937,Pune,Maharashtra,Industrial,2022-03-07,2022,3,Monday,Summer,3124458,204.5,79.12,149.96,45.54,41.87,10.93,75.24,26.18,37.1,83.2,-4.7,0.1,615467,4827,28.3,13,174,82,34,,,State PCB,Auto
938,Bhopal,Madhya Pradesh,Administrative,2023-07-02,2023,7,Sunday,Monsoon,1795648,107.1,45.37,80.56,85.49,4.58,9.06,30.09,23.35,39.5,68.4,8.4,0,415158,1788,31.1,3,82,34,20,,,Ground Sensor,Unverified
939,Ahmedabad,Gujarat,Industrial,2022-03-15,2022,3,Tuesday,Summer,5570585,110.1,56.39,63.71,59.91,9.86,3.66,44.05,25.61,32.5,98.6,0.3,0,1661224,8427,8.8,12,297,131,57,,,CPCB,Auto
940,Patna,Bihar,Administrative,2023-05-07,2023,5,Sunday,Summer,1684222,92.0,28.61,57.6,41.99,66.43,9.58,22.48,49.17,14.2,84.5,14.7,7.3,343430,1184,14.3,21,54,22,16,,,State PCB,Verified
941,Kanpur,Uttar Pradesh,Industrial,2023-01-22,2023,1,Sunday,Winter,2920496,193.6,113.89,154.05,130.66,96.29,3.01,47.01,27.18,29.5,66.7,19.6,3.0,706219,3725,14.7,22,388,168,70,,,Ground Sensor,Manual Entry
942,Surat,Gujarat,Industrial,2022-05-10,2022,5,Tuesday,Summer,4467797,224.1,81.78,128.68,59.37,69.23,5.3,77.55,39.86,32.9,83.5,8.4,2.1,936260,2599,35.0,23,346,237,64,,,State PCB,Manual Entry
943,Varanasi,Uttar Pradesh,Tourist,2023-08-10,2023,8,Thursday,Monsoon,1198491,42.6,15.03,29.32,26.64,26.52,8.8,63.5,9.7,24.5,22.2,22.2,0,388311,1080,36.5,23,27,13,4,,,Ground Sensor,Auto
944,Lucknow,Uttar Pradesh,Administrative,2022-04-18,2022,4,Monday,Summer,2815601,182.4,69.32,148.34,55.71,26.06,14.09,110.74,8.8,38.0,36.0,24.9,0,695304,4447,32.9,25,158,79,37,,,State PCB,Manual Entry
945,Amritsar,Punjab,Tourist,2022-09-13,2022,9,Tuesday,Monsoon,1132761,113.2,64.91,90.81,39.53,55.71,2.01,33.42,24.27,32.4,72.2,17.5,0,387011,1832,42.6,12,59,27,11,,,Satellite,Auto
946,Ahmedabad,Gujarat,Industrial,2023-11-16,2023,11,Thursday,Winter,5570585,40.2,19.04,26.76,29.6,83.73,3.69,93.52,29.92,28.9,87.3,17.8,0,1625142,6255,8.3,15,180,84,52,,,State PCB,Auto
946,Ahmedabad,Gujarat,Industrial,2023-11-16,2023,11,Thursday,Winter,5570585,40.2,19.04,26.76,29.6,83.73,3.69,93.52,29.92,28.9,87.3,17.8,0,1625142,6255,8.3,15,180,84,52,,,State PCB,Auto
947,Lucknow,Uttar Pradesh,Administrative,2023-02-12,2023,2,Sunday,Winter,2815601,10,5.35,7.37,59.87,88.19,8.76,62.03,14.62,34.5,80.7,13.8,0,910047,2660,28.9,17,124,57,33,,,Satellite,Verified
948,Pune,Maharashtra,Industrial,2023-02-09,2023,2,Thursday,Winter,3124458,207.8,115.11,110.54,116.84,26.06,9.1,138.44,36.21,22.4,52.1,10.9,0,575986,4758,9.4,6,289,134,52,,,CPCB,Unverified
949,Kanpur,Uttar Pradesh,Industrial,2023-08-08,2023,8,Tuesday,Monsoon,2920496,164.3,50.64,108.51,66.77,35.68,3.33,96.06,38.31,33.0,67.0,11.3,16.8,762134,4377,32.4,20,168,100,30,,,Satellite,Verified
950,Ghaziabad,Uttar Pradesh,Industrial,2023-07-31,2023,7,Monday,Monsoon,1636068,36.8,12.02,19.32,13.37,28.17,6.91,24.9,49.7,24.5,67.3,10.6,0,455347,2561,38.9,23,26,11,3,,,State PCB,Verified
951,Bangalore,Karnataka,IT Hub,2023-06-27,2023,6,Tuesday,Monsoon,8443675,163.2,76.47,139.17,77.89,55.83,4.77,90.76,2.62,44.0,51.0,8.4,0,1727107,16314,42.4,12,651,310,185,,,State PCB,Verified
952,Pune,Maharashtra,Industrial,2022-11-23,2022,11,Wednesday,Winter,3124458,208.3,105.93,151.24,117.38,57.99,19.77,96.92,11.07,36.0,53.3,11.4,0,1016655,5704,36.3,6,333,144,93,,,Satellite,Verified
953,Bangalore,Karnataka,IT Hub,2022-11-07,2022,11,Monday,Winter,8443675,260.8,149.14,200.19,14.66,108.92,11.27,124.39,5.32,31.6,65.8,0.6,0,1949159,5953,29.3,16,755,459,200,,,Satellite,Auto
954,Nagpur,Maharashtra,Commercial,2022-10-29,2022,10,Saturday,Post-Monsoon,2405665,183.2,58.89,132.17,139.25,9.38,11.69,59.22,48.56,24.0,49.3,7.1,4.0,502265,3517,33.4,5,138,66,21,,,State PCB,Manual Entry
955,Delhi,Delhi,Urban,2023-02-25,2023,2,Saturday,Winter,16787941,10,4.79,6.73,115.93,47.8,8.95,52.93,17.88,31.5,75.3,12.3,0,3911941,10283,37.3,25,675,343,150,,,Satellite,Manual Entry
956,Patna,Bihar,Administrative,2023-02-04,2023,2,Saturday,Winter,1684222,109.5,65.11,80.94,165.1,10.22,2.85,148.75,35.34,22.2,48.2,17.5,9.3,362773,1761,12.4,23,137,91,38,,,Ground Sensor,Unverified
957,Nagpur,Maharashtra,Commercial,2023-02-18,2023,2,Saturday,Winter,2405665,117.8,40.06,89.71,76.38,9.72,8.47,21.04,2.11,34.4,64.4,25.5,0.9,478509,2005,43.4,8,127,65,31,,,Ground Sensor,Verified
958,Jodhpur,Rajasthan,Tourist,2022-01-06,2022,1,Thursday,Winter,1137815,291.8,158.67,193.64,106.32,77.59,20.76,124.55,5.91,28.2,67.3,14.5,0,301811,758,14.2,20,123,78,21,,,State PCB,Unverified
959,Lucknow,Uttar Pradesh,Administrative,2022-01-14,2022,1,Friday,Winter,2815601,190.3,87.68,130.99,147.41,62.23,7.97,98.78,30.18,34.3,63.2,21.7,2.6,635075,3964,33.2,10,221,113,59,,,CPCB,Manual Entry
960,Pune,Maharashtra,Industrial,2022-11-23,2022,11,Wednesday,Winter,3124458,,,205.3,113.04,69.17,19.45,21.0,46.54,24.1,53.0,20.3,4.5,822337,6157,10.1,20,452,243,84,,,CPCB,Verified
961,Jodhpur,Rajasthan,Tourist,2022-11-04,2022,11,Friday,Winter,1137815,153.6,50.78,94.45,147.48,106.04,5.62,30.04,17.31,28.8,24.9,1.0,0.4,384663,1017,34.3,23,100,52,21,,,CPCB,Unverified
962,Chennai,Tamil Nadu,Coastal,2023-10-19,2023,10,Thursday,Post-Monsoon,7088000,72.1,34.84,36.71,41.31,36.99,17.68,92.7,35.81,27.4,100,15.1,0,1414902,5095,33.7,11,217,129,56,,,State PCB,Auto
963,Agra,Uttar Pradesh,Tourist,2023-08-13,2023,8,Sunday,Monsoon,1585704,109.6,33.32,90.46,53.09,57.63,10.33,121.95,30.03,23.3,92.1,7.3,1.6,440675,2544,30.5,25,78,45,16,,,State PCB,Auto
964,Mumbai,Maharashtra,Industrial,2023-01-22,2023,1,Sunday,Winter,12478447,204.2,81.56,139.63,49.96,86.4,8.24,136.18,5.07,29.0,51.0,17.9,3.4,3654437,7532,13.8,3,885,500,151,,,State PCB,Auto
965,Amritsar,Punjab,Tourist,2023-02-13,2023,2,Monday,Winter,1132761,,,119.75,108.38,48.77,6.17,79.78,42.03,31.2,50.3,15.6,0,306248,1713,13.5,19,86,38,16,,,CPCB,Manual Entry
965,Amritsar,Punjab,Tourist,2023-02-13,2023,2,Monday,Winter,1132761,,,119.75,108.38,48.77,6.17,79.78,42.03,31.2,50.3,15.6,0,306248,1713,13.5,19,86,38,16,,,CPCB,Manual Entry
966,Pune,Maharashtra,Industrial,2022-08-15,2022,8,Monday,Monsoon,3124458,79.8,39.66,59.7,35.38,37.49,4.28,141.02,42.57,23.6,82.3,14.7,0,682635,2872,12.4,25,133,58,28,,,CPCB,Auto
967,Hyderabad,Telangana,IT Hub,2022-04-12,2022,4,Tuesday,Summer,6809970,10,4.8,8.32,14.2,12.68,7.95,140.59,9.66,29.8,82.2,18.2,0,1668554,5549,44.4,14,72,46,15,,,State PCB,Verified
968,Ghaziabad,Uttar Pradesh,Industrial,2022-08-25,2022,8,Thursday,Monsoon,1636068,608.6,23.76,34.95,32.42,47.64,9.31,20.99,8.41,,74.7,19.5,10.9,473327,1337,29.1,3,52,28,11,,,Satellite,Auto
969,Kolkata,West Bengal,Urban,2023-01-21,2023,1,Saturday,Winter,4496694,271.7,112.21,213.88,57.24,58.68,11.14,67.9,48.52,40.2,48.3,21.0,0,1496266,3778,44.1,7,312,197,80,,,CPCB,Auto
970,Meerut,Uttar Pradesh,Industrial,2023-10-05,2023,10,Thursday,Post-Monsoon,1309023,112.0,49.34,97.03,82.55,12.79,6.37,57.65,36.96,32.5,41.6,12.6,0,301429,2140,41.8,24,55,32,15,,,Ground Sensor,Auto
971,Patna,Bihar,Administrative,2023-12-30,2023,12,Saturday,Winter,1684222,158.0,55.77,108.74,152.03,50.9,3.24,121.89,8.85,29.2,86.6,16.8,0,419628,1029,7.8,6,152,63,25,,,Ground Sensor,Verified
972,Nagpur,Maharashtra,Commercial,2023-10-07,2023,10,Saturday,Post-Monsoon,2405665,230.9,126.5,173.91,38.99,28.15,3.23,108.91,7.03,25.1,69.1,16.0,0,693021,3802,24.9,5,183,93,33,,,State PCB,Manual Entry
973,Pune,Maharashtra,Industrial,2022-01-23,2022,1,Sunday,Winter,3124458,358.4,133.83,298.18,133.03,32.79,15.97,93.4,35.15,32.7,81.9,5.3,3.0,794706,4371,13.3,18,347,227,71,,,Satellite,Verified
974,Bhopal,Madhya Pradesh,Administrative,2023-11-06,2023,11,Monday,Winter,1795648,201.0,93.69,164.93,90.53,42.96,2.15,148.11,44.88,31.8,54.7,20.6,4.9,526916,979,20.7,8,130,65,33,,,State PCB,Manual Entry
975,Chennai,Tamil Nadu,Coastal,2022-05-28,2022,5,Saturday,Summer,7088000,10,3.95,6.38,127.43,80.54,8.35,128.47,33.96,29.9,46.9,21.2,0,1589343,8235,37.6,21,375,197,65,,,Satellite,Verified
976,Mumbai,Maharashtra,Industrial,2022-11-11,2022,11,Friday,Winter,12478447,43.2,18.23,23.98,14.9,50.39,3.33,93.77,17.02,21.0,56.2,20.5,5.7,2361174,14132,24.7,22,235,125,49,,,Satellite,Verified
977,Agra,Uttar Pradesh,Tourist,2023-03-28,2023,3,Tuesday,Summer,1585704,,,64.8,27.76,16.31,2.31,76.82,39.35,25.2,58.7,12.4,2.6,526146,1890,31.7,25,67,40,18,,,Satellite,Auto
978,Amritsar,Punjab,Tourist,2023-08-04,2023,8,Friday,Monsoon,1132761,119.3,52.37,101.48,38.32,52.35,3.54,105.21,23.49,31.3,87.7,9.4,3.8,291089,1722,14.7,17,61,42,10,,,State PCB,Verified
979,Srinagar,Jammu & Kashmir,Tourist,2023-08-05,2023,8,Saturday,Monsoon,1180570,87.1,27.82,75.73,47.78,46.83,5.22,71.41,20.94,22.0,62.1,15.2,32.2,316909,945,38.0,3,35,24,9,,,CPCB,Manual Entry
980,Visakhapatnam,Andhra Pradesh,Coastal,2022-10-02,2022,10,Sunday,Post-Monsoon,1728128,16.3,5.52,13.5,114.07,84.27,4.14,149.07,11.41,35.0,35.6,1.3,7.6,460747,3296,34.6,5,105,61,23,,,Ground Sensor,Verified
981,Ranchi,Jharkhand,Industrial,2022-12-10,2022,12,Saturday,Winter,1073440,144.5,83.13,123.75,149.01,69.94,1.19,148.1,45.94,23.3,54.1,21.3,8.6,219783,1537,13.6,4,116,49,27,,,CPCB,Verified
982,Kolkata,West Bengal,Urban,2022-12-06,2022,12,Tuesday,Winter,4496694,231.6,89.77,125.99,67.13,101.46,15.22,136.29,32.47,25.6,58.4,21.3,0,1250544,7356,7.5,4,400,194,98,,,CPCB,Manual Entry
983,Nagpur,Maharashtra,Commercial,2023-01-30,2023,1,Monday,Winter,2405665,237.1,120.0,197.6,43.4,73.6,2.79,86.96,11.64,23.5,53.5,16.9,0,688402,1246,16.3,6,229,127,45,,,Ground Sensor,Manual Entry
984,Delhi,Delhi,Urban,2022-04-04,2022,4,Monday,Summer,16787941,141.6,83.33,105.22,29.73,43.66,15.09,33.35,44.98,17.9,55.7,10.0,0,3315303,10746,37.0,16,841,570,179,,,Ground Sensor,Auto
985,Indore,Madhya Pradesh,Commercial,2022-12-31,2022,12,Saturday,Winter,1994397,75.1,27.08,43.53,77.73,57.03,1.55,61.71,2.38,22.0,84.3,10.6,0,577210,1197,26.8,10,88,43,22,,,State PCB,Unverified
986,Coimbatore,Tamil Nadu,Industrial,2023-11-03,2023,11,Friday,Winter,1061447,223.9,107.0,180.07,39.12,23.72,8.82,38.46,23.94,29.5,37.4,9.9,0.5,250652,1827,39.8,3,79,41,17,,,State PCB,Verified
987,Bangalore,Karnataka,IT Hub,2023-06-12,2023,6,Monday,Monsoon,8443675,84.4,46.24,48.25,69.7,27.94,6.47,104.16,13.5,31.9,77.4,14.4,4.6,1979104,15301,14.5,20,374,183,62,,,State PCB,Verified
988,Vadodara,Gujarat,Industrial,2023-08-01,2023,8,Tuesday,Monsoon,1670806,82.9,47.83,45.58,67.07,4.2,5.34,127.72,28.22,26.9,48.2,5.2,6.7,430232,2707,16.7,13,78,34,20,,,Ground Sensor,Auto
989,Pune,Maharashtra,Industrial,2022-01-02,2022,1,Sunday,Winter,3124458,187.2,81.01,99.8,25.27,93.86,15.24,56.23,10.48,25.2,49.5,5.8,8.9,747669,4649,23.8,22,224,136,48,,,Ground Sensor,Verified
990,Varanasi,Uttar Pradesh,Tourist,2023-08-17,2023,8,Thursday,Monsoon,1198491,28.8,13.68,19.88,38.54,43.67,5.1,120.34,20.73,21.6,64.6,4.5,0,292667,2135,29.6,14,27,17,4,,,Satellite,Unverified
991,Varanasi,Uttar Pradesh,Tourist,2023-01-24,2023,1,Tuesday,Winter,1198491,151.7,81.01,113.71,161.41,26.14,17.71,95.33,38.25,21.1,61.1,20.4,1.8,356979,1458,24.7,23,95,39,15,,,CPCB,Manual Entry
992,Delhi,Delhi,Urban,2023-12-20,2023,12,Wednesday,Winter,16787941,183.3,60.29,96.74,123.16,102.5,9.21,23.99,2.6,19.7,74.9,10.2,0,5432548,31302,13.1,13,1504,991,432,,,State PCB,Manual Entry
993,Bhopal,Madhya Pradesh,Administrative,2022-04-02,2022,4,Saturday,Summer,1795648,119.6,56.36,82.4,22.05,26.3,4.42,136.51,25.76,25.8,35.8,16.4,4.6,396498,1317,24.8,7,76,32,22,,,Ground Sensor,Auto
994,Kanpur,Uttar Pradesh,Industrial,2022-05-30,2022,5,Monday,Summer,2920496,70.3,37.5,39.13,58.53,32.98,14.24,96.99,9.16,25.8,30.7,11.6,2.1,542759,5317,31.6,5,130,57,30,,,Ground Sensor,Verified
995,Surat,Gujarat,Industrial,2022-03-30,2022,3,Wednesday,Summer,4467797,77.4,31.06,45.15,28.33,77.89,6.94,104.72,36.75,22.6,82.4,5.6,1.9,1486713,7896,38.3,9,204,104,52,,,CPCB,Verified
996,Delhi,Delhi,Urban,2022-02-08,2022,2,Tuesday,Winter,16787941,235.3,112.2,167.21,105.66,31.65,11.93,87.74,36.63,30.5,44.0,19.0,0,3516961,24603,7.6,20,1773,887,519,,,State PCB,Verified
997,Agra,Uttar Pradesh,Tourist,2022-08-24,2022,8,Wednesday,Monsoon,1585704,128.2,46.93,86.81,42.54,17.39,4.92,42.15,45.89,29.9,94.8,13.6,42.8,467218,1813,27.9,17,46,30,12,,,Satellite,Auto
998,Ranchi,Jharkhand,Industrial,2022-01-04,2022,1,Tuesday,Winter,1073440,292.4,164.21,252.81,47.92,111.32,18.22,31.48,48.99,19.8,16.0,-2.7,0,194746,1523,25.2,7,115,52,24,,,CPCB,Manual Entry
999,Bangalore,Karnataka,IT Hub,2023-11-15,2023,11,Wednesday,Winter,8443675,132.5,79.46,105.13,68.82,10.02,15.49,72.72,24.81,30.7,20.2,13.6,0,2768297,5808,42.1,16,489,314,89,,,Satellite,Verified
1000,Chennai,Tamil Nadu,Coastal,2023-11-02,2023,11,Thursday,Winter,7088000,177.0,74.15,143.42,112.54,55.29,8.85,96.98,10.02,20.1,68.9,15.5,0,1962517,10856,44.6,13,540,280,157,,,CPCB,Auto
1001,Lucknow,Uttar Pradesh,Administrative,2023-08-18,2023,8,Friday,Monsoon,2815601,32.7,15.34,17.71,34.19,38.76,5.6,39.8,16.81,20.7,41.3,7.8,0,596776,3760,42.0,25,86,48,16,,,Satellite,Verified
1002,Ludhiana,Punjab,Industrial,2023-03-28,2023,3,Tuesday,Summer,1618879,216.1,71.93,189.96,57.89,45.33,9.84,94.32,47.72,40.9,98.5,19.9,0,387974,1034,44.1,19,95,40,15,,,CPCB,Manual Entry
1003,Ludhiana,Punjab,Industrial,2022-02-14,2022,2,Monday,Winter,1618879,286.7,108.53,211.51,112.34,61.9,9.78,128.59,25.07,,20.0,2.4,0,504394,2241,18.6,3,117,50,32,,,Ground Sensor,Verified
1004,Bhopal,Madhya Pradesh,Administrative,2022-10-09,2022,10,Sunday,Post-Monsoon,1795648,,,70.91,15.03,65.54,11.05,39.4,9.88,28.7,72.8,3.2,0,516747,940,24.9,9,47,19,12,,,State PCB,Manual Entry
1005,Faridabad,Haryana,Industrial,2022-06-26,2022,6,Sunday,Monsoon,1394000,147.0,62.76,88.73,73.91,29.13,2.98,142.87,37.0,21.5,58.9,13.3,11.3,436213,889,31.5,22,82,39,17,,,Ground Sensor,Auto
1006,Jaipur,Rajasthan,Tourist,2022-02-20,2022,2,Sunday,Winter,3046163,98.1,50.64,70.36,89.91,28.87,13.81,52.91,19.26,27.6,92.1,10.3,6.7,1012468,5978,25.6,24,182,95,52,,,Satellite,Unverified
1007,Faridabad,Haryana,Industrial,2022-10-31,2022,10,Monday,Post-Monsoon,1394000,35.6,17.76,31.03,98.45,91.02,11.56,131.11,41.77,22.1,71.8,28.3,3.3,307875,758,23.8,19,86,46,17,,,Satellite,Unverified
1008,Hyderabad,Telangana,IT Hub,2023-10-29,2023,10,Sunday,Post-Monsoon,6809970,86.1,36.4,70.77,86.03,65.12,11.89,59.1,43.69,24.4,10,7.6,0,1262463,3647,19.4,4,422,207,113,,,Satellite,Auto
1009,Indore,Madhya Pradesh,Commercial,2022-06-19,2022,6,Sunday,Monsoon,1994397,96.9,42.39,59.34,83.22,46.4,8.62,93.73,35.15,27.0,18.1,16.4,0,688582,1938,43.8,3,114,77,28,,,CPCB,Verified
1010,Patna,Bihar,Administrative,2022-05-22,2022,5,Sunday,Summer,1684222,145.1,58.11,130.17,24.3,8.67,2.67,110.64,1.24,29.7,59.8,15.1,5.7,392391,1709,15.6,24,67,29,14,,,State PCB,Unverified
1011,Ludhiana,Punjab,Industrial,2023-05-19,2023,5,Friday,Summer,1618879,59.9,23.89,31.81,98.31,80.22,2.33,51.07,18.28,17.6,100,15.5,2.9,534936,2793,41.2,24,77,40,19,,,CPCB,Manual Entry
1012,Bhopal,Madhya Pradesh,Administrative,2022-08-17,2022,8,Wednesday,Monsoon,1795648,131.2,60.14,94.64,63.34,23.36,4.1,30.43,31.96,25.9,62.4,1.6,0,347888,1523,17.2,14,72,39,20,,,State PCB,Auto
1013,Rajkot,Gujarat,Industrial,2022-02-02,2022,2,Wednesday,Winter,1286995,253.1,111.91,181.6,30.58,54.84,5.72,52.52,5.68,24.2,81.4,2.3,0,313606,1460,22.0,6,96,63,16,,,Ground Sensor,Verified
1014,Visakhapatnam,Andhra Pradesh,Coastal,2022-09-21,2022,9,Wednesday,Monsoon,1728128,29.9,13.7,21.08,72.14,28.62,2.11,96.59,46.71,22.8,66.7,6.9,0,316990,3052,22.4,18,71,41,20,,,Satellite,Manual Entry
1015,Delhi,Delhi,Urban,2023-12-31,2023,12,Sunday,Winter,16787941,130.7,62.37,72.85,140.42,103.01,14.99,74.44,12.15,37.7,76.1,1.7,3.7,5252604,29239,17.3,14,1568,888,460,,,CPCB,Manual Entry
1016,Meerut,Uttar Pradesh,Industrial,2022-06-05,2022,6,Sunday,Monsoon,1309023,89.0,28.23,57.66,74.81,26.29,4.36,131.67,8.09,33.8,88.6,15.6,12.2,340522,2160,7.6,25,52,28,12,,,CPCB,Manual Entry
1017,Meerut,Uttar Pradesh,Industrial,2022-09-22,2022,9,Thursday,Monsoon,1309023,103.5,57.46,60.15,32.18,28.27,7.06,49.25,39.98,31.2,83.0,6.0,18.7,365863,1604,10.9,21,57,24,8,,,Ground Sensor,Unverified
1018,Nagpur,Maharashtra,Commercial,2022-12-14,2022,12,Wednesday,Winter,2405665,92.4,50.15,79.84,46.9,23.98,2.96,75.56,34.58,30.3,63.3,7.7,0.9,685985,1768,8.0,13,102,48,23,,,Ground Sensor,Auto
1019,Ludhiana,Punjab,Industrial,2023-05-11,2023,5,Thursday,Summer,1618879,153.7,52.41,108.41,65.6,5.58,10.81,65.01,30.15,29.2,36.3,5.4,0,361382,1581,36.0,15,54,37,8,,,State PCB,Auto
1020,Vadodara,Gujarat,Industrial,2023-09-20,2023,9,Wednesday,Monsoon,1670806,117.0,36.31,68.48,85.06,39.63,9.95,42.11,16.49,17.1,79.9,20.3,11.3,314243,856,32.4,17,95,60,18,,,Satellite,Verified
1021,Vadodara,Gujarat,Industrial,2023-12-30,2023,12,Saturday,Winter,1670806,172.6,73.72,121.15,20.88,100.31,17.55,106.45,22.87,22.2,96.5,17.3,0,380507,986,14.4,24,100,44,15,,,Satellite,Unverified
1022,Hyderabad,Telangana,IT Hub,2022-02-02,2022,2,Wednesday,Winter,6809970,235.0,124.86,187.1,119.51,15.06,15.97,70.28,6.96,29.5,39.8,11.3,1.3,1848022,10317,44.6,15,689,409,175,,,Ground Sensor,Manual Entry
1023,Meerut,Uttar Pradesh,Industrial,2023-05-13,2023,5,Saturday,Summer,1309023,108.2,33.86,69.43,20.78,63.15,2.14,26.55,24.22,30.2,69.8,12.2,1.3,429531,708,9.2,9,47,26,11,,,Satellite,Verified
1024,Ludhiana,Punjab,Industrial,2022-04-23,2022,4,Saturday,Summer,1618879,220.5,124.49,161.76,20.74,27.35,10.8,67.03,46.8,20.1,70.9,7.9,0,398588,1088,22.6,24,88,46,14,,,Ground Sensor,Unverified
1025,Ranchi,Jharkhand,Industrial,2023-03-12,2023,3,Sunday,Summer,1073440,146.4,48.59,116.64,103.55,36.99,12.93,90.71,47.06,35.5,43.8,17.0,0,347613,1381,34.2,9,72,46,11,,,Satellite,Auto
1026,Chennai,Tamil Nadu,Coastal,2022-11-06,2022,11,Sunday,Winter,7088000,195.0,75.89,128.01,72.71,58.9,4.86,48.39,15.55,26.7,53.0,1.9,2.9,2100270,5395,14.1,22,514,263,99,,,Ground Sensor,Unverified
1027,Jodhpur,Rajasthan,Tourist,2023-03-02,2023,3,Thursday,Summer,1137815,141.9,53.24,88.75,76.18,52.14,10.01,137.31,46.42,29.9,65.3,19.4,1.5,210282,1492,21.1,10,64,37,15,,,CPCB,Manual Entry
1028,Coimbatore,Tamil Nadu,Industrial,2022-07-05,2022,7,Tuesday,Monsoon,1061447,68.1,35.68,37.99,86.28,59.32,6.83,105.97,9.22,35.2,52.2,8.0,0,198942,951,8.8,20,54,36,9,,,State PCB,Unverified
1029,Jaipur,Rajasthan,Tourist,2023-05-07,2023,5,Sunday,Summer,3046163,171.1,55.84,93.39,95.28,69.25,15.64,104.76,42.55,31.7,30.2,13.1,0,981494,3902,28.3,17,182,104,51,,,CPCB,Manual Entry
1030,Hyderabad,Telangana,IT Hub,2022-05-19,2022,5,Thursday,Summer,6809970,127.2,42.22,69.92,44.78,75.93,13.16,148.42,18.44,27.2,34.7,9.3,0.6,2314590,13292,32.4,25,314,171,76,,,State PCB,Verified
1031,Patna,Bihar,Administrative,2022-07-24,2022,7,Sunday,Monsoon,1684222,109.4,47.96,96.52,76.21,28.99,2.31,132.68,21.31,23.7,45.1,14.5,0,463656,1021,32.6,21,87,58,19,,,CPCB,Auto
1032,Visakhapatnam,Andhra Pradesh,Coastal,2022-06-20,2022,6,Monday,Monsoon,1728128,122.9,62.62,67.07,24.59,50.06,5.81,75.38,25.19,32.6,88.1,14.8,18.1,546815,2655,8.1,22,74,32,20,,,Satellite,Manual Entry
1033,Coimbatore,Tamil Nadu,Industrial,2022-02-07,2022,2,Monday,Winter,1061447,182.6,92.56,152.3,51.37,77.62,12.91,117.47,19.21,25.6,63.9,5.0,0,365675,1912,38.2,7,82,55,19,,,Satellite,Unverified
1034,Agra,Uttar Pradesh,Tourist,2023-10-10,2023,10,Tuesday,Post-Monsoon,1585704,213.9,74.05,184.84,114.59,86.28,2.44,125.13,4.42,17.4,40.7,6.5,8.4,303425,2550,24.7,16,166,113,31,,,CPCB,Unverified
1035,Rajkot,Gujarat,Industrial,2022-07-12,2022,7,Tuesday,Monsoon,1286995,88.1,44.81,57.95,54.64,18.44,3.18,127.23,36.44,29.2,43.5,10.2,17.4,401435,1807,21.0,24,39,24,8,,,CPCB,Auto
1036,Rajkot,Gujarat,Industrial,2023-11-09,2023,11,Thursday,Winter,1286995,224.5,87.96,191.48,103.21,55.81,13.48,138.91,2.57,39.0,57.5,18.2,0,332499,1871,42.0,16,123,61,35,,,CPCB,Verified
1037,Jodhpur,Rajasthan,Tourist,2022-07-31,2022,7,Sunday,Monsoon,1137815,109.8,39.26,73.71,9.87,42.7,1.69,105.39,35.62,38.9,90.9,10.5,8.4,238008,860,26.0,10,37,17,9,,,CPCB,Auto
1038,Varanasi,Uttar Pradesh,Tourist,2022-09-09,2022,9,Friday,Monsoon,1198491,,,69.74,33.3,54.48,1.4,90.76,32.79,25.7,74.7,7.4,43.4,393518,1085,16.2,14,51,30,8,,,Satellite,Auto
1039,Patna,Bihar,Administrative,2022-12-26,2022,12,Monday,Winter,1684222,127.6,42.79,101.34,79.57,13.84,7.53,148.66,1.4,10.0,65.3,7.4,0,480962,2408,17.4,23,61,27,9,,,Satellite,Verified
1040,Varanasi,Uttar Pradesh,Tourist,2023-10-11,2023,10,Wednesday,Post-Monsoon,1198491,213.3,103.88,150.02,120.85,40.7,1.92,137.24,39.22,33.3,62.3,5.8,4.7,252654,1638,14.7,15,133,54,39,,,Ground Sensor,Auto
1041,Agra,Uttar Pradesh,Tourist,2022-06-27,2022,6,Monday,Monsoon,1585704,106.0,39.23,75.78,15.19,17.82,9.45,101.26,27.55,17.7,60.8,3.8,25.8,347561,2681,16.8,15,32,19,8,,,State PCB,Unverified
1042,Jaipur,Rajasthan,Tourist,2023-02-24,2023,2,Friday,Winter,3046163,192.9,68.95,158.66,117.88,63.57,5.37,50.96,11.23,15.0,94.3,11.5,0,1015682,2685,37.5,8,188,99,50,,,State PCB,Auto
1043,Agra,Uttar Pradesh,Tourist,2022-05-17,2022,5,Tuesday,Summer,1585704,90.7,39.45,52.77,110.36,7.29,14.3,41.2,38.2,25.5,19.7,7.3,0,386034,1439,5.3,21,103,56,25,,,Ground Sensor,Manual Entry
1044,Surat,Gujarat,Industrial,2022-08-03,2022,8,Wednesday,Monsoon,4467797,89.2,35.39,48.03,78.61,26.52,0.86,79.53,40.33,27.2,59.7,12.8,0,1062611,3147,44.4,22,202,108,58,,,Ground Sensor,Auto
1045,Patna,Bihar,Administrative,2023-04-06,2023,4,Thursday,Summer,1684222,72.5,27.37,36.73,95.8,43.25,14.16,103.52,43.74,22.2,74.2,7.2,8.3,481027,3136,25.9,25,68,46,12,,,Ground Sensor,Verified
1046,Surat,Gujarat,Industrial,2023-02-06,2023,2,Monday,Winter,4467797,229.4,101.87,147.58,80.55,41.21,13.95,29.95,36.67,26.6,61.9,17.7,3.6,1026388,6006,13.3,14,379,172,73,,,Ground Sensor,Manual Entry
1047,Mumbai,Maharashtra,Industrial,2022-10-12,2022,10,Wednesday,Post-Monsoon,12478447,91.0,44.92,73.94,65.93,69.67,14.36,49.81,17.81,43.7,95.8,15.2,1.0,2623607,16739,11.7,13,539,350,124,,,CPCB,Manual Entry
1048,Delhi,Delhi,Urban,2022-05-14,2022,5,Saturday,Summer,16787941,95.6,38.16,85.29,93.58,25.36,5.71,111.74,25.03,27.5,26.4,15.6,0,5854992,10190,16.5,10,817,512,185,,,Ground Sensor,Verified
1049,Varanasi,Uttar Pradesh,Tourist,2023-01-30,2023,1,Monday,Winter,1198491,212.8,77.92,167.68,27.03,87.83,17.96,38.37,27.91,37.0,47.1,15.8,6.4,258187,1963,41.3,25,76,41,15,,,Satellite,Auto
1050,Ludhiana,Punjab,Industrial,2023-05-02,2023,5,Tuesday,Summer,1618879,125.8,39.59,73.79,50.63,17.6,15.63,117.16,11.57,25.8,75.3,8.8,0,431389,2260,26.5,24,65,40,12,,,State PCB,Unverified
1051,Kanpur,Uttar Pradesh,Industrial,2023-03-27,2023,3,Monday,Summer,2920496,131.8,67.79,105.09,16.79,78.33,13.92,135.17,15.77,24.9,74.8,7.0,2.9,730973,2055,32.9,19,128,66,29,,,Ground Sensor,Auto
1052,Jaipur,Rajasthan,Tourist,2023-05-23,2023,5,Tuesday,Summer,3046163,118.5,69.92,99.98,85.21,61.94,10.92,142.32,42.13,27.0,49.4,9.6,3.1,936645,5120,36.4,18,248,163,72,,,Ground Sensor,Auto
1053,Lucknow,Uttar Pradesh,Administrative,2022-01-26,2022,1,Wednesday,Winter,2815601,177.8,104.47,123.06,85.96,15.45,12.81,65.6,15.6,32.5,89.8,16.6,1.6,606349,4034,27.8,11,164,67,42,,,Ground Sensor,Manual Entry
1054,Nagpur,Maharashtra,Commercial,2023-01-01,2023,1,Sunday,Winter,2405665,70.8,36.64,39.63,128.71,82.85,7.67,88.29,47.97,22.1,85.3,8.4,3.7,506753,1925,6.3,24,191,130,40,,,CPCB,Verified
1055,Jaipur,Rajasthan,Tourist,2023-04-23,2023,4,Sunday,Summer,3046163,376.3,196.06,198.69,100.01,72.73,9.88,117.95,18.72,33.7,52.9,13.2,0,842289,4884,9.1,13,455,317,74,,,Ground Sensor,Manual Entry
1056,Nagpur,Maharashtra,Commercial,2023-03-13,2023,3,Monday,Summer,2405665,67.2,21.7,53.21,67.92,40.57,2.03,103.57,32.75,16.1,57.9,10.7,5.4,671670,2645,40.4,25,100,63,20,,,Satellite,Unverified
1057,Kanpur,Uttar Pradesh,Industrial,2023-02-18,2023,2,Saturday,Winter,2920496,124.4,51.32,88.42,109.3,36.0,4.03,50.25,12.35,37.0,56.7,4.2,2.6,667570,1536,26.4,8,165,89,30,,,CPCB,Manual Entry
1058,Delhi,Delhi,Urban,2022-12-30,2022,12,Friday,Winter,16787941,256.3,82.05,217.9,95.92,46.49,6.96,59.98,43.51,30.4,86.0,17.6,3.4,5135606,16945,10.1,9,1107,542,216,,,Satellite,Manual Entry
1059,Kolkata,West Bengal,Urban,2022-01-18,2022,1,Tuesday,Winter,4496694,297.4,149.2,257.71,48.79,59.98,13.8,128.98,49.61,22.4,27.7,9.7,0,1125591,8492,8.6,9,478,259,78,,,CPCB,Unverified
1060,Mumbai,Maharashtra,Industrial,2022-05-25,2022,5,Wednesday,Summer,12478447,830.4,11.83,18.9,43.37,83.44,7.22,61.38,40.92,,99.9,21.5,0,3019729,9379,40.1,22,369,208,73,,,Satellite,Verified
1061,Srinagar,Jammu & Kashmir,Tourist,2022-06-24,2022,6,Friday,Monsoon,1180570,149.1,61.49,96.05,50.3,53.65,9.79,68.98,17.91,26.2,49.9,9.1,13.1,330431,1141,33.7,4,70,40,16,,,State PCB,Verified
1062,Ghaziabad,Uttar Pradesh,Industrial,2022-09-22,2022,9,Thursday,Monsoon,1636068,175.3,98.12,100.88,17.99,37.88,9.25,60.53,8.69,21.9,22.1,3.1,0,361845,2690,11.9,19,70,40,20,,,Ground Sensor,Unverified
1063,Lucknow,Uttar Pradesh,Administrative,2022-04-03,2022,4,Sunday,Summer,2815601,193.6,81.39,112.01,21.15,78.32,6.23,45.45,3.64,27.6,73.1,13.6,3.7,648887,3307,6.9,16,163,98,26,,,Satellite,Manual Entry
1064,Surat,Gujarat,Industrial,2023-04-13,2023,4,Thursday,Summer,4467797,245.2,103.49,204.95,63.29,67.32,5.42,148.43,15.88,30.7,27.8,15.2,5.9,911569,8525,7.2,12,405,234,81,,,CPCB,Verified
1065,Patna,Bihar,Administrative,2022-04-18,2022,4,Monday,Summer,1684222,230.3,136.98,150.24,85.52,6.92,14.83,135.46,42.64,21.4,55.9,3.6,2.6,532231,1154,10.0,24,,77,33,,,Ground Sensor,Manual Entry
1066,Srinagar,Jammu & Kashmir,Tourist,2023-10-16,2023,10,Monday,Post-Monsoon,1180570,198.3,83.4,150.72,62.3,61.65,14.16,144.1,2.49,30.2,74.9,0.5,0,229832,597,30.4,23,73,34,18,,,State PCB,Unverified
1067,Vadodara,Gujarat,Industrial,2023-10-05,2023,10,Thursday,Post-Monsoon,1670806,57.0,19.81,29.21,138.74,65.49,16.48,54.75,17.64,31.4,49.5,12.1,2.7,567534,1198,33.7,4,102,49,18,,,CPCB,Unverified
1068,Srinagar,Jammu & Kashmir,Tourist,2023-10-09,2023,10,Monday,Post-Monsoon,1180570,76.8,44.89,50.69,118.39,9.95,10.21,42.56,46.83,28.5,62.9,14.4,0,390402,1056,43.6,4,83,43,24,,,CPCB,Manual Entry
1068,Srinagar,Jammu & Kashmir,Tourist,2023-10-09,2023,10,Monday,Post-Monsoon,1180570,76.8,44.89,50.69,118.39,9.95,10.21,42.56,46.83,28.5,62.9,14.4,0,390402,1056,43.6,4,83,43,24,,,CPCB,Manual Entry
1069,Agra,Uttar Pradesh,Tourist,2023-10-01,2023,10,Sunday,Post-Monsoon,1585704,112.2,61.58,59.42,63.39,92.31,7.85,36.64,46.45,29.0,56.4,14.3,2.0,481381,1253,28.6,24,97,65,21,,,CPCB,Verified
1070,Pune,Maharashtra,Industrial,2023-06-06,2023,6,Tuesday,Monsoon,3124458,134.2,70.84,106.27,78.19,33.06,9.05,119.49,36.76,28.7,14.4,6.6,0,875318,5093,43.3,10,169,108,43,,,State PCB,Unverified
1071,Coimbatore,Tamil Nadu,Industrial,2023-01-03,2023,1,Tuesday,Winter,1061447,154.0,87.0,136.0,76.96,29.58,1.84,93.37,36.71,37.1,83.0,1.1,1.3,237227,1343,35.8,13,71,45,16,,,State PCB,Unverified
1072,Kanpur,Uttar Pradesh,Industrial,2023-11-11,2023,11,Saturday,Winter,2920496,270.4,96.18,231.03,94.93,24.3,11.59,20.21,38.43,24.3,48.6,11.4,0.2,971670,3712,38.3,18,212,131,53,,,Ground Sensor,Verified
1073,Agra,Uttar Pradesh,Tourist,2023-02-13,2023,2,Monday,Winter,1585704,198.0,75.96,162.53,47.7,109.22,15.6,94.69,41.72,23.6,61.8,13.0,6.6,307305,1928,29.0,8,131,79,33,,,Ground Sensor,Manual Entry
1074,Vadodara,Gujarat,Industrial,2023-12-27,2023,12,Wednesday,Winter,1670806,122.3,72.15,64.28,111.96,108.93,8.53,135.35,46.5,29.7,44.1,14.3,5.8,334209,2381,29.5,14,147,70,26,,,CPCB,Manual Entry
1075,Ludhiana,Punjab,Industrial,2023-10-19,2023,10,Thursday,Post-Monsoon,1618879,231.2,99.58,197.59,92.7,45.65,11.02,50.89,36.41,30.2,56.7,17.4,0,430190,1255,6.5,13,151,78,26,,,State PCB,Unverified
1076,Srinagar,Jammu & Kashmir,Tourist,2022-10-15,2022,10,Saturday,Post-Monsoon,1180570,205.5,108.45,167.82,40.38,75.51,11.04,82.35,21.1,35.7,86.8,14.5,1.4,351817,2281,16.0,9,100,66,29,,,Satellite,Verified
1077,Chennai,Tamil Nadu,Coastal,2022-12-08,2022,12,Thursday,Winter,7088000,100.0,56.13,67.57,51.27,90.43,11.4,72.03,37.6,33.8,71.2,11.6,5.1,1294845,6149,22.5,11,347,179,84,,,Ground Sensor,Unverified
1078,Bhopal,Madhya Pradesh,Administrative,2022-05-20,2022,5,Friday,Summer,1795648,195.0,70.55,169.63,114.16,30.16,9.7,33.92,34.85,30.1,50.9,1.2,0,514473,2736,44.2,14,147,74,22,,,State PCB,Unverified
1079,Ranchi,Jharkhand,Industrial,2022-01-21,2022,1,Friday,Winter,1073440,249.8,125.44,170.29,148.71,64.65,2.51,40.63,9.94,26.8,100,7.3,4.3,286651,1001,38.3,18,115,61,27,,,CPCB,Verified
1080,Agra,Uttar Pradesh,Tourist,2023-06-01,2023,6,Thursday,Monsoon,1585704,141.0,57.98,79.16,63.4,19.35,1.42,59.89,39.26,31.6,44.1,19.6,0,431398,2029,18.5,21,83,39,22,,,Ground Sensor,Auto
1081,Patna,Bihar,Administrative,2022-12-25,2022,12,Sunday,Winter,1684222,208.5,86.28,130.89,152.28,57.55,8.04,59.39,31.03,20.5,34.8,8.7,0,584893,1933,21.4,21,159,87,31,,,State PCB,Verified
1082,Ghaziabad,Uttar Pradesh,Industrial,2023-08-20,2023,8,Sunday,Monsoon,1636068,91.9,52.33,63.87,85.6,42.78,3.62,34.63,11.31,39.0,41.4,8.3,27.1,325028,3148,35.7,22,101,54,28,,,State PCB,Verified
1083,Ghaziabad,Uttar Pradesh,Industrial,2023-11-07,2023,11,Tuesday,Winter,1636068,177.8,67.33,127.05,34.56,44.0,8.12,145.05,17.5,27.8,74.2,10.0,11.3,470794,1576,23.7,22,75,37,18,,,State PCB,Unverified
1084,Ranchi,Jharkhand,Industrial,2022-05-29,2022,5,Sunday,Summer,1073440,10,4.05,5.07,104.8,67.36,13.08,128.77,24.81,23.3,29.1,5.5,0,312495,1184,41.4,23,43,28,9,,,State PCB,Auto
1085,Hyderabad,Telangana,IT Hub,2022-09-02,2022,9,Friday,Monsoon,6809970,134.6,48.99,106.92,72.44,39.64,5.2,59.08,23.79,27.9,96.3,18.5,4.7,2055071,6004,37.4,25,432,259,96,,,Satellite,Verified
1086,Vadodara,Gujarat,Industrial,2022-12-24,2022,12,Saturday,Winter,1670806,159.3,95.32,112.66,47.38,105.58,8.27,119.66,2.82,17.8,47.4,12.9,1.8,322852,1707,9.2,4,139,83,21,,,Ground Sensor,Manual Entry
1087,Coimbatore,Tamil Nadu,Industrial,2022-02-04,2022,2,Friday,Winter,1061447,150.3,67.15,101.18,106.0,106.14,7.05,108.39,20.5,26.9,50.8,14.3,0,331915,1588,21.1,10,100,67,21,,,State PCB,Auto
1088,Bhopal,Madhya Pradesh,Administrative,2022-09-03,2022,9,Saturday,Monsoon,1795648,55.8,22.7,39.67,41.12,31.26,5.32,37.27,27.38,36.8,58.9,14.5,11.1,573613,2926,29.1,12,54,22,9,,,Satellite,Unverified
1089,Patna,Bihar,Administrative,2023-02-19,2023,2,Sunday,Winter,1684222,316.7,175.89,275.29,62.3,81.79,15.46,73.83,38.66,42.7,27.4,10.3,11.2,359283,2781,41.6,24,228,136,56,,,Satellite,Auto
1090,Ghaziabad,Uttar Pradesh,Industrial,2023-01-09,2023,1,Monday,Winter,1636068,140.8,77.04,99.3,164.04,42.98,19.96,107.02,12.63,26.3,55.3,1.2,6.9,516975,1165,42.6,6,,95,31,,,State PCB,Unverified
1091,Pune,Maharashtra,Industrial,2022-06-20,2022,6,Monday,Monsoon,3124458,76.0,24.51,57.02,21.23,52.5,9.13,30.74,6.3,16.6,61.9,3.1,0,1010116,5358,17.7,11,102,52,26,,,Satellite,Auto
1092,Srinagar,Jammu & Kashmir,Tourist,2023-01-17,2023,1,Tuesday,Winter,1180570,167.0,84.49,104.67,58.11,15.02,11.27,123.65,34.69,23.2,42.8,3.2,0.4,289178,1387,7.3,20,67,27,13,,,CPCB,Unverified
1093,Indore,Madhya Pradesh,Commercial,2023-03-16,2023,3,Thursday,Summer,1994397,118.9,53.96,96.55,75.98,79.57,14.3,142.08,13.75,25.7,49.4,16.4,0,536051,1590,9.5,17,115,79,32,,,State PCB,Auto
1094,Mumbai,Maharashtra,Industrial,2022-07-20,2022,7,Wednesday,Monsoon,12478447,144.8,77.22,125.68,46.17,30.91,8.34,21.37,21.67,28.1,49.1,6.5,15.9,3232609,8941,24.3,5,700,280,149,,,State PCB,Verified
1095,Bhopal,Madhya Pradesh,Administrative,2022-05-31,2022,5,Tuesday,Summer,1795648,135.0,42.2,96.98,113.31,38.07,1.34,58.97,25.55,30.2,46.9,13.7,8.4,372618,3173,22.2,12,118,75,22,,,CPCB,Auto
1096,Delhi,Delhi,Urban,2022-11-27,2022,11,Sunday,Winter,16787941,158.6,58.55,122.53,73.58,102.73,16.86,93.99,48.3,16.1,53.6,2.2,0,3394807,28900,32.3,6,1440,880,344,,,Satellite,Verified
1097,Pune,Maharashtra,Industrial,2023-02-11,2023,2,Saturday,Winter,3124458,138.0,82.55,76.87,74.25,107.22,10.09,42.77,48.08,30.6,56.5,12.1,9.6,949417,5222,10.6,6,232,104,62,,,CPCB,Auto
1098,Kanpur,Uttar Pradesh,Industrial,2022-10-10,2022,10,Monday,Post-Monsoon,2920496,119.7,66.17,88.73,38.27,95.43,10.09,118.28,41.55,27.6,73.6,22.7,0.8,705460,2508,18.5,11,200,131,44,,,State PCB,Manual Entry
1099,Kolkata,West Bengal,Urban,2022-01-27,2022,1,Thursday,Winter,4496694,176.6,99.37,140.14,60.86,102.27,16.23,39.57,27.61,31.9,84.2,2.1,8.3,1255000,5500,35.3,22,384,260,77,,,Ground Sensor,Auto
1100,Chennai,Tamil Nadu,Coastal,2023-05-13,2023,5,Saturday,Summer,7088000,130.6,52.72,91.44,120.81,79.19,5.39,36.84,45.59,23.0,59.4,11.4,4.3,1927567,6009,14.6,15,579,328,114,,,CPCB,Auto
1101,Ludhiana,Punjab,Industrial,2023-02-18,2023,2,Saturday,Winter,1618879,690.1,98.15,189.97,81.08,13.37,8.57,49.18,16.91,42.8,49.1,21.8,0,416631,2351,23.9,10,130,84,31,,,Satellite,Auto
1102,Amritsar,Punjab,Tourist,2023-04-08,2023,4,Saturday,Summer,1132761,92.3,41.52,82.31,131.34,33.57,12.98,59.29,14.76,39.6,54.2,11.6,0,288394,1929,20.5,13,86,48,25,,,State PCB,Auto
1103,Delhi,Delhi,Urban,2023-04-11,2023,4,Tuesday,Summer,16787941,259.1,123.92,217.5,118.81,35.19,9.8,135.67,40.33,24.6,65.2,17.4,3.9,5856456,20296,34.7,16,1476,789,285,,,State PCB,Auto
1104,Bangalore,Karnataka,IT Hub,2022-06-20,2022,6,Monday,Monsoon,8443675,56.4,21.93,35.82,85.32,42.02,8.62,95.4,30.83,34.8,58.5,21.1,0,2118236,14896,41.9,23,357,206,85,,,Ground Sensor,Verified
1105,Pune,Maharashtra,Industrial,2023-06-16,2023,6,Friday,Monsoon,3124458,90.7,30.81,60.22,52.7,5.65,8.72,77.57,22.59,17.6,67.3,2.1,10.0,671353,4210,23.7,8,110,48,20,,,Ground Sensor,Verified
1106,Varanasi,Uttar Pradesh,Tourist,2022-03-29,2022,3,Tuesday,Summer,1198491,204.1,75.81,131.22,26.73,54.76,3.3,105.89,2.59,30.9,18.3,8.8,3.8,249134,945,13.6,21,75,35,20,,,Satellite,Manual Entry
1107,Nagpur,Maharashtra,Commercial,2022-01-24,2022,1,Monday,Winter,2405665,150.2,80.53,124.01,151.0,94.62,20.02,69.12,49.26,27.7,74.3,17.3,0,573617,1673,36.1,22,225,126,46,,,State PCB,Manual Entry
1108,Ahmedabad,Gujarat,Industrial,2023-05-09,2023,5,Tuesday,Summer,5570585,138.9,74.39,117.3,43.05,49.31,13.76,63.72,27.05,25.5,63.4,6.6,9.0,1600973,9174,19.0,12,310,124,54,,,CPCB,Manual Entry
1109,Ahmedabad,Gujarat,Industrial,2023-03-31,2023,3,Friday,Summer,5570585,239.0,101.12,214.48,128.45,35.63,13.32,82.36,43.12,37.6,52.4,7.8,0,1378557,8456,11.8,10,393,242,115,,,Ground Sensor,Verified
1110,Jodhpur,Rajasthan,Tourist,2022-04-06,2022,4,Wednesday,Summer,1137815,73.5,29.24,48.56,61.18,22.73,9.99,94.97,7.45,19.2,69.7,4.8,1.4,376096,1417,11.3,12,47,28,8,,,Ground Sensor,Unverified
1111,Coimbatore,Tamil Nadu,Industrial,2022-04-26,2022,4,Tuesday,Summer,1061447,107.8,47.68,82.67,58.47,30.28,7.36,50.48,38.25,18.8,53.8,10.8,1.1,205240,596,11.0,3,48,23,12,,,State PCB,Verified
1112,Chennai,Tamil Nadu,Coastal,2023-05-16,2023,5,Tuesday,Summer,7088000,105.9,40.4,69.83,75.11,56.61,11.05,110.5,3.72,33.9,75.6,8.0,4.0,2059345,3734,27.8,11,300,135,75,,,CPCB,Unverified
1113,Ranchi,Jharkhand,Industrial,2023-02-12,2023,2,Sunday,Winter,1073440,245.5,77.73,175.25,132.12,37.7,11.72,142.05,10.24,48.9,64.4,5.0,0.8,357836,1645,22.0,5,76,42,18,,,Satellite,Auto
1114,Agra,Uttar Pradesh,Tourist,2022-06-07,2022,6,Tuesday,Monsoon,1585704,938.5,33.22,82.02,51.35,31.88,1.46,102.45,1.34,36.0,38.8,19.2,0,549932,3112,7.9,7,63,25,10,,,State PCB,Manual Entry
1115,Bangalore,Karnataka,IT Hub,2022-09-01,2022,9,Thursday,Monsoon,8443675,78.2,28.77,43.76,54.12,51.1,9.42,94.8,42.7,28.3,33.5,4.0,4.3,1667912,11004,37.4,5,406,273,116,,,State PCB,Auto
1116,Chennai,Tamil Nadu,Coastal,2022-10-17,2022,10,Monday,Post-Monsoon,7088000,13.1,7.46,8.97,121.62,47.35,12.71,34.39,39.79,15.2,55.3,15.6,0,1562890,7924,42.0,10,344,173,55,,,State PCB,Manual Entry
1117,Meerut,Uttar Pradesh,Industrial,2023-08-12,2023,8,Saturday,Monsoon,1309023,80.1,46.92,71.06,82.98,44.68,2.94,140.12,22.28,30.2,37.8,15.4,0,278188,1254,40.9,19,76,38,14,,,Ground Sensor,Manual Entry
1118,Bhopal,Madhya Pradesh,Administrative,2022-04-23,2022,4,Saturday,Summer,1795648,,56.83,68.97,119.21,76.99,10.88,128.54,31.06,35.0,29.4,7.6,2.4,520803,2623,43.4,23,114,61,31,,,CPCB,Manual Entry
1119,Mumbai,Maharashtra,Industrial,2023-09-08,2023,9,Friday,Monsoon,12478447,191.1,61.11,148.99,47.34,30.63,1.76,134.27,20.87,20.8,10.5,13.6,0,2801272,9117,7.1,5,456,238,109,,,Satellite,Verified
1120,Srinagar,Jammu & Kashmir,Tourist,2022-04-13,2022,4,Wednesday,Summer,1180570,128.2,47.74,112.49,24.75,43.46,13.62,71.48,45.66,23.9,57.3,27.2,0,370643,2146,29.4,10,46,25,7,,,Satellite,Manual Entry
1121,Indore,Madhya Pradesh,Commercial,2022-11-10,2022,11,Thursday,Winter,1994397,270.4,94.38,197.4,112.16,94.58,20.25,104.16,16.83,20.8,70.3,8.3,0,629297,1243,11.8,16,175,115,26,,,State PCB,Manual Entry
1122,Indore,Madhya Pradesh,Commercial,2022-08-30,2022,8,Tuesday,Monsoon,1994397,92.6,47.76,51.59,53.93,36.07,8.02,102.7,22.18,28.7,71.2,6.9,19.2,461080,2348,17.7,24,88,57,22,,,Satellite,Unverified
1123,Meerut,Uttar Pradesh,Industrial,2022-09-12,2022,9,Monday,Monsoon,1309023,52.9,17.85,39.55,56.89,44.48,8.53,115.51,22.7,17.5,90.1,16.0,1.4,279341,2531,17.8,9,49,25,7,,,State PCB,Manual Entry
1124,Hyderabad,Telangana,IT Hub,2023-06-10,2023,6,Saturday,Monsoon,6809970,35.2,14.11,20.41,75.75,50.21,1.45,48.77,1.96,30.4,44.0,12.6,5.3,2012117,3920,12.1,12,338,178,55,,,Satellite,Verified
1125,Meerut,Uttar Pradesh,Industrial,2023-08-07,2023,8,Monday,Monsoon,1309023,834.5,85.71,107.01,75.06,12.6,3.0,65.09,16.89,,62.8,12.0,13.0,256951,710,26.4,18,89,45,18,,,Satellite,Verified
1126,Jaipur,Rajasthan,Tourist,2022-06-05,2022,6,Sunday,Monsoon,3046163,131.8,66.72,81.68,35.62,20.94,1.23,100.68,19.2,37.4,54.0,13.8,0,969144,5824,15.0,14,150,63,24,,,Satellite,Unverified
1126,Jaipur,Rajasthan,Tourist,2022-06-05,2022,6,Sunday,Monsoon,3046163,131.8,66.72,81.68,35.62,20.94,1.23,100.68,19.2,37.4,54.0,13.8,0,969144,5824,15.0,14,150,63,24,,,Satellite,Unverified
1127,Patna,Bihar,Administrative,2022-09-09,2022,9,Friday,Monsoon,1684222,169.3,56.89,112.43,77.24,7.94,7.66,89.74,18.87,29.5,80.2,10.0,4.2,526231,1999,7.2,22,101,49,19,,,Ground Sensor,Manual Entry
1128,Varanasi,Uttar Pradesh,Tourist,2023-10-30,2023,10,Monday,Post-Monsoon,1198491,164.2,69.97,111.38,127.8,33.55,12.53,110.05,21.7,36.1,47.7,11.8,0,237998,740,39.0,9,82,51,21,,,Ground Sensor,Verified
1129,Vadodara,Gujarat,Industrial,2023-09-01,2023,9,Friday,Monsoon,1670806,106.4,63.02,69.84,16.95,56.53,6.41,34.8,48.38,34.3,35.6,13.2,0,495325,3172,6.4,21,87,35,17,,,Ground Sensor,Unverified
1130,Nagpur,Maharashtra,Commercial,2023-05-06,2023,5,Saturday,Summer,2405665,202.3,71.37,103.92,68.98,18.38,8.34,127.14,36.48,31.9,59.0,6.1,0,616001,3484,23.6,10,131,66,25,,,CPCB,Unverified
1131,Delhi,Delhi,Urban,2023-02-14,2023,2,Tuesday,Winter,16787941,30.9,14.11,22.87,110.84,66.82,2.8,53.19,48.87,16.0,49.4,9.5,0,4127815,15027,33.9,17,717,380,164,,,Satellite,Auto
1132,Jodhpur,Rajasthan,Tourist,2022-04-14,2022,4,Thursday,Summer,1137815,148.9,48.42,92.58,63.16,34.47,10.24,67.51,20.71,34.1,59.7,12.0,0,382007,1688,6.3,14,46,31,7,,,Satellite,Auto
1133,Surat,Gujarat,Industrial,2022-08-08,2022,8,Monday,Monsoon,4467797,100.4,44.46,82.07,9.02,15.0,4.49,109.38,24.57,37.0,50.1,10.1,0,1220048,6746,7.3,14,84,36,15,,,Satellite,Manual Entry
1134,Surat,Gujarat,Industrial,2022-01-25,2022,1,Tuesday,Winter,4467797,219.5,109.18,197.25,59.55,111.22,11.0,116.77,2.79,11.5,42.6,16.3,0,1180909,6463,20.1,15,343,189,58,,,State PCB,Manual Entry
1135,Ahmedabad,Gujarat,Industrial,2023-06-23,2023,6,Friday,Monsoon,5570585,109.1,33.64,79.89,31.51,21.35,7.06,100.4,12.08,39.7,90.5,13.0,3.4,1941740,7518,35.2,7,169,83,32,,,Ground Sensor,Unverified
1136,Kanpur,Uttar Pradesh,Industrial,2022-04-13,2022,4,Wednesday,Summer,2920496,115.0,52.53,94.27,29.97,33.29,7.76,62.55,20.81,32.2,60.3,16.2,1.7,999297,1630,44.0,6,106,57,29,,,CPCB,Manual Entry
1137,Visakhapatnam,Andhra Pradesh,Coastal,2023-08-01,2023,8,Tuesday,Monsoon,1728128,91.0,30.09,64.3,59.4,47.19,5.89,138.07,17.5,13.1,41.9,15.3,0,560718,1427,16.0,23,58,32,11,,,Ground Sensor,Unverified
1138,Patna,Bihar,Administrative,2022-03-26,2022,3,Saturday,Summer,1684222,37.8,15.02,26.03,84.99,73.9,13.47,131.22,14.81,27.5,63.3,20.8,10.3,501887,1218,7.8,17,83,54,14,,,CPCB,Manual Entry
1139,Kanpur,Uttar Pradesh,Industrial,2022-02-12,2022,2,Saturday,Winter,2920496,186.5,102.68,101.42,96.08,80.02,8.42,69.48,29.77,31.1,71.3,15.3,5.9,858103,3250,36.3,5,248,101,54,,,CPCB,Verified
1140,Ghaziabad,Uttar Pradesh,Industrial,2023-08-18,2023,8,Friday,Monsoon,1636068,145.8,78.94,108.84,68.03,51.39,4.49,105.51,30.36,37.8,39.2,5.6,15.3,510617,1528,8.7,5,130,60,21,,,CPCB,Verified
1141,Lucknow,Uttar Pradesh,Administrative,2022-01-10,2022,1,Monday,Winter,2815601,248.8,81.06,194.46,38.11,73.8,9.73,96.34,1.11,25.7,57.9,13.6,0.9,863327,4754,16.8,19,198,132,43,,,State PCB,Verified
1142,Mumbai,Maharashtra,Industrial,2022-07-22,2022,7,Friday,Monsoon,12478447,99.2,32.86,81.67,36.68,54.96,3.33,81.59,47.37,32.1,74.6,20.0,2.0,3923162,14755,42.5,11,409,190,113,,,Ground Sensor,Verified
1143,Agra,Uttar Pradesh,Tourist,2022-08-24,2022,8,Wednesday,Monsoon,1585704,97.9,36.08,78.22,89.91,20.0,2.4,101.91,48.21,31.8,94.2,16.9,14.0,490051,1865,6.8,18,66,27,16,,,Ground Sensor,Unverified
1144,Chennai,Tamil Nadu,Coastal,2023-12-03,2023,12,Sunday,Winter,7088000,187.0,103.0,99.55,167.45,70.27,13.77,58.39,39.55,30.9,72.4,25.5,3.2,1301527,6530,17.0,20,706,392,155,,,Satellite,Manual Entry
1145,Visakhapatnam,Andhra Pradesh,Coastal,2022-03-13,2022,3,Sunday,Summer,1728128,16.4,6.13,13.5,14.07,9.92,14.78,123.73,1.19,31.5,80.8,15.0,8.6,503149,1675,37.6,4,18,10,4,,,CPCB,Verified
1146,Srinagar,Jammu & Kashmir,Tourist,2022-03-17,2022,3,Thursday,Summer,1180570,110.0,47.59,80.23,102.83,74.15,16.38,56.14,2.16,33.6,52.6,8.1,10.3,375097,1182,14.3,24,83,44,15,,,Ground Sensor,Manual Entry
1147,Kanpur,Uttar Pradesh,Industrial,2022-06-15,2022,6,Wednesday,Monsoon,2920496,113.5,50.37,87.57,75.03,44.64,4.29,137.89,43.95,51.1,60.8,6.8,0,615112,4204,9.5,22,194,90,40,,,Ground Sensor,Unverified
1148,Kolkata,West Bengal,Urban,2023-04-11,2023,4,Tuesday,Summer,4496694,67.5,24.63,49.07,47.72,40.77,15.11,55.5,25.27,24.9,14.7,15.3,7.2,1237610,4602,14.7,22,154,101,45,,,Ground Sensor,Auto
1149,Vadodara,Gujarat,Industrial,2023-04-10,2023,4,Monday,Summer,1670806,118.8,38.41,103.33,40.21,53.06,13.17,136.29,24.6,22.7,43.3,7.9,1.4,404088,2442,29.3,6,66,30,13,,,CPCB,Auto
1150,Bangalore,Karnataka,IT Hub,2022-12-14,2022,12,Wednesday,Winter,8443675,183.7,56.47,143.13,104.47,71.3,19.67,68.23,13.89,26.2,73.0,4.3,0,2162731,5508,19.4,3,545,377,134,,,State PCB,Unverified
1151,Jaipur,Rajasthan,Tourist,2023-11-09,2023,11,Thursday,Winter,3046163,262.0,155.82,206.93,165.78,48.74,15.87,145.43,18.74,37.1,86.6,20.1,0,869964,2316,36.4,6,479,192,119,,,CPCB,Verified
1152,Ghaziabad,Uttar Pradesh,Industrial,2022-12-01,2022,12,Thursday,Winter,1636068,126.7,54.14,84.41,144.3,55.27,12.11,122.41,48.43,27.8,31.9,24.7,5.8,532410,820,35.6,19,141,79,24,,,Ground Sensor,Verified
1153,Ludhiana,Punjab,Industrial,2023-11-28,2023,11,Tuesday,Winter,1618879,119.3,61.15,86.4,76.35,20.42,14.38,48.35,4.01,12.5,47.5,5.7,0,560834,3113,42.5,13,76,53,21,,,CPCB,Unverified
1154,Bangalore,Karnataka,IT Hub,2022-03-15,2022,3,Tuesday,Summer,8443675,147.9,78.65,105.36,27.48,17.03,7.1,117.58,26.79,42.8,56.3,16.3,3.7,2435770,12167,21.5,6,421,273,72,,,Ground Sensor,Unverified
1155,Patna,Bihar,Administrative,2023-06-03,2023,6,Saturday,Monsoon,1684222,131.4,63.47,69.2,77.43,28.19,0.54,51.7,12.04,44.4,53.4,10.9,0,354606,1709,30.4,15,109,61,30,,,CPCB,Unverified
1156,Nagpur,Maharashtra,Commercial,2023-09-09,2023,9,Saturday,Monsoon,2405665,84.6,31.48,62.03,57.41,38.88,3.86,131.81,46.88,21.3,100,8.0,10.9,556234,3080,30.2,25,106,50,30,,,Ground Sensor,Verified
1157,Ranchi,Jharkhand,Industrial,2022-04-29,2022,4,Friday,Summer,1073440,237.4,87.08,123.12,42.16,55.41,8.84,61.66,25.48,34.3,75.5,14.8,0,313645,1654,11.7,18,74,49,18,,,CPCB,Unverified
1158,Srinagar,Jammu & Kashmir,Tourist,2022-12-31,2022,12,Saturday,Winter,1180570,83.2,39.37,64.51,16.43,83.62,20.08,143.98,23.93,31.7,68.4,11.0,0,357976,973,36.9,8,39,21,6,,,Satellite,Auto
1159,Indore,Madhya Pradesh,Commercial,2022-08-21,2022,8,Sunday,Monsoon,1994397,,,45.11,76.02,58.69,9.65,61.06,17.97,7.1,33.6,8.6,19.5,450341,1252,43.5,17,85,51,25,,,Ground Sensor,Unverified
1160,Kanpur,Uttar Pradesh,Industrial,2023-02-07,2023,2,Tuesday,Winter,2920496,279.5,164.19,191.55,80.39,17.86,8.1,92.23,36.78,30.9,71.5,14.2,0,705165,5649,28.1,8,222,151,56,,,State PCB,Auto
1161,Ahmedabad,Gujarat,Industrial,2022-06-25,2022,6,Saturday,Monsoon,5570585,101.1,44.62,79.48,50.79,8.43,7.3,49.84,21.91,25.8,32.9,22.7,0,1005233,3902,16.8,20,161,86,24,,,CPCB,Auto
1162,Varanasi,Uttar Pradesh,Tourist,2022-06-14,2022,6,Tuesday,Monsoon,1198491,91.0,40.67,70.9,70.37,15.53,4.68,28.61,31.61,27.1,41.5,19.9,17.8,219461,1252,32.5,11,40,22,9,,,State PCB,Auto
1162,Varanasi,Uttar Pradesh,Tourist,2022-06-14,2022,6,Tuesday,Monsoon,1198491,91.0,40.67,70.9,70.37,15.53,4.68,28.61,31.61,27.1,41.5,19.9,17.8,219461,1252,32.5,11,40,22,9,,,State PCB,Auto
1163,Ludhiana,Punjab,Industrial,2023-08-10,2023,8,Thursday,Monsoon,1618879,128.1,43.86,113.05,9.99,37.85,9.85,112.23,11.83,12.9,80.2,6.7,11.6,445006,2574,15.2,11,43,20,11,,,CPCB,Verified
1164,Nagpur,Maharashtra,Commercial,2022-04-12,2022,4,Tuesday,Summer,2405665,,,50.93,77.14,29.44,12.26,91.8,5.89,30.5,58.8,9.3,0,819641,4198,8.8,14,98,39,16,,,CPCB,Auto
1165,Agra,Uttar Pradesh,Tourist,2023-08-10,2023,8,Thursday,Monsoon,1585704,110.1,65.34,73.36,67.79,47.22,1.7,128.74,35.71,19.4,82.2,10.9,0,499244,2107,44.4,23,73,40,16,,,Satellite,Unverified
1166,Kanpur,Uttar Pradesh,Industrial,2022-10-05,2022,10,Wednesday,Post-Monsoon,2920496,145.9,80.99,90.79,143.35,21.69,6.51,133.15,10.73,8.1,37.4,19.8,8.6,911106,5039,23.5,25,223,135,61,,,State PCB,Auto
1167,Delhi,Delhi,Urban,2022-08-15,2022,8,Monday,Monsoon,16787941,145.0,47.1,98.35,51.35,4.8,2.96,53.11,48.23,31.2,36.6,12.2,3.3,5188640,20251,39.0,12,720,381,194,,,State PCB,Unverified
1168,Agra,Uttar Pradesh,Tourist,2022-08-14,2022,8,Sunday,Monsoon,1585704,54.1,31.82,43.7,62.01,24.25,9.94,25.88,37.09,37.2,47.7,16.9,0,449127,2820,28.7,20,48,21,10,,,Satellite,Manual Entry
1169,Indore,Madhya Pradesh,Commercial,2023-02-26,2023,2,Sunday,Winter,1994397,263.3,155.71,178.19,52.52,87.54,14.56,31.41,20.06,6.8,43.0,21.2,0,552397,3724,31.4,8,156,97,43,,,State PCB,Unverified
1170,Nagpur,Maharashtra,Commercial,2023-12-28,2023,12,Thursday,Winter,2405665,49.9,15.87,43.2,44.15,55.14,14.52,29.15,33.91,26.1,32.4,2.5,0,435895,4769,9.7,10,77,39,12,,,Ground Sensor,Unverified
1171,Indore,Madhya Pradesh,Commercial,2022-04-18,2022,4,Monday,Summer,1994397,92.9,45.5,80.94,95.21,82.64,15.1,131.32,11.8,18.9,57.0,5.0,0,478595,3476,27.4,22,133,82,39,,,CPCB,Manual Entry
1172,Ludhiana,Punjab,Industrial,2022-08-29,2022,8,Monday,Monsoon,1618879,142.9,72.76,74.39,82.52,35.73,7.39,81.13,25.33,26.3,54.3,19.7,0,491750,2810,30.7,11,117,57,29,,,Satellite,Manual Entry
1173,Kolkata,West Bengal,Urban,2022-02-14,2022,2,Monday,Winter,4496694,95.1,41.42,69.67,141.56,85.1,3.45,103.23,46.39,26.7,74.2,13.3,0,1568885,2984,15.0,21,340,231,88,,,State PCB,Manual Entry
1174,Meerut,Uttar Pradesh,Industrial,2023-10-15,2023,10,Sunday,Post-Monsoon,1309023,135.1,42.72,111.43,104.93,57.51,8.07,85.82,16.4,18.0,45.8,11.8,0,383830,2220,38.0,12,65,35,12,,,Ground Sensor,Unverified
1175,Delhi,Delhi,Urban,2023-03-30,2023,3,Thursday,Summer,16787941,95.3,47.21,51.35,94.09,43.94,15.82,32.21,46.14,24.6,50.1,7.3,0,3029289,21182,12.9,25,853,490,146,,,Satellite,Verified
1176,Ahmedabad,Gujarat,Industrial,2022-07-13,2022,7,Wednesday,Monsoon,5570585,51.3,20.64,45.27,34.98,46.83,8.29,49.15,38.48,33.8,100,8.7,0,1187907,6617,9.8,22,149,89,29,,,Satellite,Verified
1177,Pune,Maharashtra,Industrial,2022-05-24,2022,5,Tuesday,Summer,3124458,87.8,51.85,52.53,69.33,11.67,7.31,99.61,44.43,17.2,43.9,9.8,4.4,802212,6195,9.5,11,,76,26,,,Ground Sensor,Manual Entry
1178,Jaipur,Rajasthan,Tourist,2023-01-05,2023,1,Thursday,Winter,3046163,54.9,29.62,29.88,38.66,64.86,5.76,106.15,5.57,22.4,44.9,6.9,0.2,984719,3007,11.8,7,113,58,32,,,State PCB,Verified
1179,Kanpur,Uttar Pradesh,Industrial,2023-01-31,2023,1,Tuesday,Winter,2920496,47.7,18.54,31.83,121.03,33.07,0.79,53.37,19.12,30.7,43.1,10.4,2.8,728200,4551,26.6,24,149,81,33,,,State PCB,Unverified
1180,Meerut,Uttar Pradesh,Industrial,2022-05-21,2022,5,Saturday,Summer,1309023,23.8,8.52,18.81,18.47,61.47,7.11,23.8,9.72,29.2,59.2,7.5,0,454386,2294,5.7,24,35,18,10,,,CPCB,Auto
1181,Kanpur,Uttar Pradesh,Industrial,2022-12-12,2022,12,Monday,Winter,2920496,132.7,66.77,87.63,84.52,70.58,9.46,142.01,23.65,30.6,56.3,10.5,2.6,544889,2367,23.3,22,236,112,57,,,State PCB,Verified
1182,Nagpur,Maharashtra,Commercial,2022-07-06,2022,7,Wednesday,Monsoon,2405665,622.2,32.35,53.76,64.12,16.76,8.36,131.17,4.56,18.0,38.4,7.5,0,493017,1211,11.9,16,82,33,13,,,State PCB,Unverified
1183,Visakhapatnam,Andhra Pradesh,Coastal,2022-08-27,2022,8,Saturday,Monsoon,1728128,138.9,68.86,94.15,30.58,29.29,0.96,57.19,28.42,18.0,61.4,20.1,0,572723,3283,31.4,25,61,27,10,,,CPCB,Verified
1184,Hyderabad,Telangana,IT Hub,2023-03-08,2023,3,Wednesday,Summer,6809970,218.9,124.9,132.13,96.15,35.67,9.79,37.86,44.17,26.5,56.8,12.1,0,2177322,10011,32.8,11,727,498,157,,,Satellite,Unverified
1185,Kanpur,Uttar Pradesh,Industrial,2023-04-18,2023,4,Tuesday,Summer,2920496,96.8,35.35,69.68,95.08,44.22,9.28,89.72,1.69,40.4,60.7,7.1,0,763282,3467,41.2,19,185,129,30,,,Ground Sensor,Unverified
1186,Vadodara,Gujarat,Industrial,2022-11-10,2022,11,Thursday,Winter,1670806,234.6,126.37,130.09,136.68,22.4,8.84,113.54,35.66,36.0,60.6,7.4,0.8,356380,2070,20.5,25,180,122,27,,,CPCB,Unverified
1187,Chennai,Tamil Nadu,Coastal,2023-12-08,2023,12,Friday,Winter,7088000,183.5,101.26,138.82,72.21,111.94,20.38,95.04,19.02,36.2,68.8,0.7,0,2336346,11634,14.5,14,778,342,196,,,Satellite,Verified
1188,Ghaziabad,Uttar Pradesh,Industrial,2023-02-13,2023,2,Monday,Winter,1636068,190.4,91.62,169.63,99.68,34.48,1.1,77.2,46.62,24.7,60.7,12.2,0,405852,2958,31.0,4,102,46,22,,,Satellite,Verified
1189,Lucknow,Uttar Pradesh,Administrative,2022-08-20,2022,8,Saturday,Monsoon,2815601,91.5,33.63,81.44,55.27,44.93,6.87,78.89,8.43,35.0,49.2,9.4,0,539056,1555,23.8,6,133,90,20,,,Satellite,Verified
1190,Amritsar,Punjab,Tourist,2022-06-30,2022,6,Thursday,Monsoon,1132761,110.4,44.65,67.97,46.57,42.34,10.49,49.85,34.45,28.2,63.7,14.2,14.2,377444,1366,30.9,24,57,36,12,,,Satellite,Unverified
1191,Ranchi,Jharkhand,Industrial,2023-09-06,2023,9,Wednesday,Monsoon,1073440,95.9,40.91,70.75,69.25,29.14,3.74,128.08,9.18,34.9,84.0,7.7,0,240284,1580,19.0,9,38,16,7,,,CPCB,Manual Entry
1192,Chennai,Tamil Nadu,Coastal,2022-07-12,2022,7,Tuesday,Monsoon,7088000,104.6,62.24,84.41,79.14,48.15,9.03,71.41,29.1,46.8,65.7,4.0,0,2090464,7549,24.9,5,519,337,102,,,Ground Sensor,Manual Entry
1193,Agra,Uttar Pradesh,Tourist,2023-11-05,2023,11,Sunday,Winter,1585704,,,134.34,59.93,82.98,11.18,30.25,14.37,20.7,44.4,14.7,8.2,376382,1746,15.2,13,90,37,18,,,Ground Sensor,Unverified
1194,Hyderabad,Telangana,IT Hub,2022-09-22,2022,9,Thursday,Monsoon,6809970,75.9,26.07,51.33,56.27,9.22,1.64,109.89,3.78,32.3,54.2,6.5,3.0,1844272,7596,44.8,13,200,110,46,,,State PCB,Verified
1195,Ahmedabad,Gujarat,Industrial,2023-01-01,2023,1,Sunday,Winter,5570585,154.4,84.59,102.62,91.01,29.01,17.32,79.01,35.03,20.8,35.0,12.5,0.6,1721818,10178,18.8,18,325,213,61,,,State PCB,Verified
1196,Surat,Gujarat,Industrial,2022-12-06,2022,12,Tuesday,Winter,4467797,140.5,76.83,99.31,150.19,57.85,16.77,132.38,36.19,42.3,64.6,13.7,1.2,1542266,3945,5.2,8,454,219,88,,,Ground Sensor,Verified
1197,Bhopal,Madhya Pradesh,Administrative,2023-07-15,2023,7,Saturday,Monsoon,1795648,64.0,36.83,49.45,88.9,53.23,1.25,75.87,23.44,18.1,60.1,14.0,0,367191,3139,22.1,19,83,44,24,,,Ground Sensor,Auto
1198,Bhopal,Madhya Pradesh,Administrative,2022-12-05,2022,12,Monday,Winter,1795648,163.5,61.72,111.34,59.42,14.27,6.34,35.02,30.91,34.9,92.0,11.7,0,388245,3577,22.4,25,102,61,30,,,CPCB,Unverified
1199,Jaipur,Rajasthan,Tourist,2023-01-21,2023,1,Saturday,Winter,3046163,124.3,70.68,87.78,18.19,23.09,6.36,147.07,15.03,25.0,86.2,2.7,4.3,729282,2066,37.1,7,145,100,30,,,State PCB,Verified
1200,Faridabad,Haryana,Industrial,2023-04-22,2023,4,Saturday,Summer,1394000,205.0,99.24,145.05,115.83,85.34,2.18,24.57,35.62,,16.9,16.2,1.1,449271,2704,35.0,18,113,75,27,,,Ground Sensor,Unverified
1201,Lucknow,Uttar Pradesh,Administrative,2022-11-02,2022,11,Wednesday,Winter,2815601,207.3,90.6,176.18,78.43,97.47,16.94,33.67,31.65,31.1,90.0,0.4,1.4,773704,3469,8.1,25,263,108,55,,,Satellite,Manual Entry
1202,Visakhapatnam,Andhra Pradesh,Coastal,2023-02-15,2023,2,Wednesday,Winter,1728128,130.6,51.95,108.83,26.31,104.66,4.05,131.09,34.35,33.2,64.9,14.9,9.2,464802,2264,38.4,22,87,35,25,,,Satellite,Unverified
1203,Vadodara,Gujarat,Industrial,2023-05-29,2023,5,Monday,Summer,1670806,92.1,52.24,82.66,112.72,87.19,7.71,24.68,8.55,28.6,89.7,13.9,0,475965,2227,39.6,9,150,64,39,,,CPCB,Unverified
1204,Ranchi,Jharkhand,Industrial,2023-03-19,2023,3,Sunday,Summer,1073440,212.2,126.06,116.86,64.54,77.5,8.21,70.6,21.95,24.7,31.5,9.7,0,289787,1726,25.2,18,118,72,20,,,State PCB,Manual Entry
1205,Indore,Madhya Pradesh,Commercial,2022-03-23,2022,3,Wednesday,Summer,1994397,201.1,118.06,101.15,33.02,49.8,13.69,54.57,32.03,33.2,29.1,20.5,0.2,483856,1723,10.2,17,166,75,48,,,CPCB,Verified
1206,Jaipur,Rajasthan,Tourist,2022-12-05,2022,12,Monday,Winter,3046163,203.8,104.31,140.23,23.38,20.21,10.08,116.91,33.79,37.6,77.7,17.4,3.9,1026169,1626,34.1,7,185,117,28,,,Satellite,Manual Entry
1207,Srinagar,Jammu & Kashmir,Tourist,2023-02-25,2023,2,Saturday,Winter,1180570,53.5,24.4,42.28,121.86,30.41,12.45,78.48,45.86,25.8,61.5,16.9,3.5,407392,1542,30.5,12,79,40,18,,,Ground Sensor,Unverified
1208,Visakhapatnam,Andhra Pradesh,Coastal,2023-02-05,2023,2,Sunday,Winter,1728128,304.7,122.81,226.57,59.74,108.36,11.15,140.57,13.96,8.3,48.8,5.8,1.4,363448,3062,18.2,20,196,87,45,,,Ground Sensor,Verified
1209,Mumbai,Maharashtra,Industrial,2023-11-07,2023,11,Tuesday,Winter,12478447,231.1,128.22,197.97,50.83,71.57,19.78,95.75,30.05,39.0,17.7,10.7,1.5,3121342,18147,42.8,4,1107,511,180,,,State PCB,Verified
1210,Rajkot,Gujarat,Industrial,2022-05-01,2022,5,Sunday,Summer,1286995,150.9,67.87,127.83,56.49,50.4,4.5,75.16,31.6,47.3,42.1,23.3,1.2,349988,676,16.2,9,59,38,10,,,Ground Sensor,Verified
1211,Bangalore,Karnataka,IT Hub,2023-10-14,2023,10,Saturday,Post-Monsoon,8443675,,,90.63,79.52,47.47,17.96,140.38,18.92,17.9,71.6,1.0,3.1,2478417,7968,27.8,14,640,321,128,,,Satellite,Manual Entry
1212,Jodhpur,Rajasthan,Tourist,2023-10-27,2023,10,Friday,Post-Monsoon,1137815,161.8,55.06,126.89,22.95,16.33,9.54,133.79,47.9,39.2,58.2,14.3,1.6,235843,1103,37.4,4,42,25,8,,,State PCB,Verified
1213,Nagpur,Maharashtra,Commercial,2023-10-28,2023,10,Saturday,Post-Monsoon,2405665,215.9,85.07,183.42,92.55,69.88,2.21,128.19,19.34,26.1,76.1,18.4,6.8,449525,4114,40.3,17,158,93,41,,,State PCB,Manual Entry
1214,Delhi,Delhi,Urban,2022-07-13,2022,7,Wednesday,Monsoon,16787941,114.7,63.96,65.27,84.82,47.95,8.4,56.99,49.57,21.2,91.1,12.6,0,4267601,15685,8.6,25,,787,292,,,CPCB,Manual Entry
1215,Rajkot,Gujarat,Industrial,2023-11-07,2023,11,Tuesday,Winter,1286995,42.8,14.95,29.58,62.82,66.66,15.06,56.7,41.05,23.2,50.4,20.6,7.6,283439,940,28.8,6,46,18,10,,,Satellite,Unverified
1216,Jaipur,Rajasthan,Tourist,2023-05-30,2023,5,Tuesday,Summer,3046163,126.0,45.44,93.28,93.96,41.17,3.36,80.02,27.8,19.2,79.9,15.6,0.5,946018,2211,33.3,19,,115,55,,,State PCB,Verified
1217,Chennai,Tamil Nadu,Coastal,2022-10-24,2022,10,Monday,Post-Monsoon,7088000,189.5,90.51,117.89,16.54,61.63,17.14,26.6,27.71,25.0,58.7,7.5,3.8,2251338,5221,39.8,4,325,185,81,,,CPCB,Unverified
1218,Pune,Maharashtra,Industrial,2022-11-25,2022,11,Friday,Winter,3124458,104.8,57.12,61.08,82.11,22.92,16.14,134.53,31.68,34.4,10,-4.5,7.2,931967,1886,32.6,21,169,68,41,,,Ground Sensor,Manual Entry
1219,Delhi,Delhi,Urban,2022-11-25,2022,11,Friday,Winter,16787941,162.1,88.17,83.01,50.83,28.62,3.93,119.25,49.32,26.0,95.5,6.7,0,5756340,10323,7.3,25,1177,638,245,,,Satellite,Unverified
1220,Kanpur,Uttar Pradesh,Industrial,2023-12-26,2023,12,Tuesday,Winter,2920496,236.3,86.91,196.16,130.41,28.94,8.71,128.58,33.44,21.2,82.9,10.2,6.1,949079,4721,35.2,3,275,136,77,,,Ground Sensor,Unverified
1221,Delhi,Delhi,Urban,2023-03-11,2023,3,Saturday,Summer,16787941,183.8,77.15,125.86,12.65,54.49,5.03,138.82,43.27,35.9,56.0,2.6,0,3412605,27679,9.3,24,695,374,107,,,CPCB,Verified
1222,Coimbatore,Tamil Nadu,Industrial,2023-05-23,2023,5,Tuesday,Summer,1061447,157.9,78.45,114.3,34.95,20.56,5.31,129.77,40.15,25.8,25.1,19.0,1.6,350156,1393,11.8,17,51,23,14,,,CPCB,Auto
1223,Hyderabad,Telangana,IT Hub,2022-05-26,2022,5,Thursday,Summer,6809970,93.4,42.72,79.93,121.51,74.67,2.8,68.6,47.33,27.7,41.3,14.9,1.0,1943804,4572,13.6,12,507,266,77,,,State PCB,Unverified
1224,Patna,Bihar,Administrative,2023-05-23,2023,5,Tuesday,Summer,1684222,15.3,7.11,10.65,58.96,51.91,10.68,38.9,12.79,23.4,75.4,12.5,1.3,407406,1628,34.5,25,52,33,11,,,Ground Sensor,Unverified
1225,Bhopal,Madhya Pradesh,Administrative,2022-04-01,2022,4,Friday,Summer,1795648,189.3,64.17,124.94,23.78,32.97,14.75,94.76,24.56,34.0,63.6,11.4,1.0,354792,2916,12.1,6,66,42,13,,,State PCB,Auto
1226,Jodhpur,Rajasthan,Tourist,2022-03-12,2022,3,Saturday,Summer,1137815,210.6,70.64,131.14,122.01,76.43,14.55,29.9,26.3,32.4,76.7,20.6,4.6,270530,1645,34.7,19,90,45,16,,,Ground Sensor,Manual Entry
1227,Srinagar,Jammu & Kashmir,Tourist,2022-08-26,2022,8,Friday,Monsoon,1180570,102.6,46.19,55.0,29.52,5.29,3.53,123.91,14.36,25.5,45.1,7.9,21.5,347886,1985,8.4,22,27,12,4,,,State PCB,Unverified
1228,Bhopal,Madhya Pradesh,Administrative,2022-06-03,2022,6,Friday,Monsoon,1795648,202.0,83.42,148.45,82.34,42.39,7.88,104.71,36.61,22.3,63.3,2.1,9.9,485119,2339,18.0,24,134,88,39,,,CPCB,Unverified
1229,Jaipur,Rajasthan,Tourist,2022-01-31,2022,1,Monday,Winter,3046163,109.6,58.54,81.28,27.1,78.71,19.11,24.31,6.56,33.4,93.5,15.0,0,938568,5851,27.5,9,132,85,32,,,Ground Sensor,Auto
1230,Delhi,Delhi,Urban,2022-01-16,2022,1,Sunday,Winter,16787941,164.8,73.53,120.02,123.73,67.52,18.49,36.13,40.75,23.4,44.4,8.9,0,4242597,16686,32.9,25,1167,496,304,,,Satellite,Auto
1231,Bangalore,Karnataka,IT Hub,2023-05-02,2023,5,Tuesday,Summer,8443675,241.1,97.14,168.84,128.03,14.76,15.97,116.52,49.81,42.5,43.2,8.1,0,1908721,10060,28.4,10,766,371,201,,,CPCB,Auto
1232,Rajkot,Gujarat,Industrial,2022-08-06,2022,8,Saturday,Monsoon,1286995,24.6,10.49,21.23,49.94,31.11,1.37,144.22,42.76,23.3,80.5,14.1,0,254290,1962,21.2,5,36,21,7,,,State PCB,Verified
1233,Ranchi,Jharkhand,Industrial,2022-10-05,2022,10,Wednesday,Post-Monsoon,1073440,193.3,108.67,156.82,136.07,33.16,5.5,110.85,42.81,33.8,87.8,3.8,0,237968,1685,40.7,9,115,73,32,,,Ground Sensor,Unverified
1234,Varanasi,Uttar Pradesh,Tourist,2023-07-02,2023,7,Sunday,Monsoon,1198491,121.4,67.7,92.65,54.84,34.96,7.55,26.28,7.79,16.2,74.6,8.1,0,311967,2087,34.2,5,58,32,16,,,Ground Sensor,Verified
1235,Varanasi,Uttar Pradesh,Tourist,2023-06-19,2023,6,Monday,Monsoon,1198491,20.7,11.11,12.64,84.42,56.4,5.68,94.99,6.68,25.2,64.0,16.2,0.3,293522,1767,14.6,21,63,44,17,,,Satellite,Unverified
1236,Amritsar,Punjab,Tourist,2022-11-06,2022,11,Sunday,Winter,1132761,244.4,143.68,201.71,117.26,103.31,18.12,119.5,48.53,21.4,69.3,18.5,0.2,260202,1712,23.8,20,165,90,24,,,State PCB,Manual Entry
1237,Ahmedabad,Gujarat,Industrial,2022-06-26,2022,6,Sunday,Monsoon,5570585,50.9,20.37,27.37,14.64,40.3,8.76,127.68,27.98,30.5,70.3,3.9,9.2,1059906,6203,22.2,9,115,71,19,,,State PCB,Manual Entry
1238,Indore,Madhya Pradesh,Commercial,2022-03-06,2022,3,Sunday,Summer,1994397,91.2,49.93,64.91,128.99,68.9,0.57,21.8,34.46,32.4,59.9,11.2,1.2,692565,2334,26.1,19,174,95,46,,,Ground Sensor,Auto
1239,Ludhiana,Punjab,Industrial,2023-08-17,2023,8,Thursday,Monsoon,1618879,42.2,15.5,21.71,73.55,48.44,8.06,94.18,44.58,21.6,58.5,11.5,13.6,482736,1866,42.4,8,71,39,19,,,Satellite,Verified
1240,Ranchi,Jharkhand,Industrial,2023-05-02,2023,5,Tuesday,Summer,1073440,170.1,64.76,108.22,49.32,16.49,8.06,66.86,14.53,16.6,63.5,4.9,0,300151,1339,6.6,12,51,20,14,,,State PCB,Unverified
1241,Delhi,Delhi,Urban,2022-07-10,2022,7,Sunday,Monsoon,16787941,96.9,41.78,55.41,57.95,58.69,1.01,36.25,37.42,19.0,23.0,3.6,35.6,4081264,19557,6.3,17,708,413,182,,,Satellite,Verified
1242,Amritsar,Punjab,Tourist,2023-01-26,2023,1,Thursday,Winter,1132761,186.7,84.85,104.3,36.87,55.82,15.82,67.85,7.13,31.4,56.5,8.1,1.3,393278,671,21.0,16,76,49,21,,,State PCB,Unverified
1243,Bangalore,Karnataka,IT Hub,2023-05-20,2023,5,Saturday,Summer,8443675,,27.56,37.58,42.2,17.83,15.6,110.63,8.81,37.1,52.0,0.4,2.8,2715426,14527,28.2,6,241,109,48,,,State PCB,Auto
1244,Ghaziabad,Uttar Pradesh,Industrial,2023-12-17,2023,12,Sunday,Winter,1636068,176.3,81.64,129.37,35.96,28.8,19.69,24.42,37.41,25.4,73.2,12.3,1.7,484400,2369,16.2,15,86,55,15,,,CPCB,Unverified
1245,Kanpur,Uttar Pradesh,Industrial,2023-10-24,2023,10,Tuesday,Post-Monsoon,2920496,267.2,119.17,192.08,133.69,30.24,4.41,33.13,26.66,25.3,32.8,12.2,0,582125,5619,44.1,23,297,153,45,,,Satellite,Manual Entry
1246,Lucknow,Uttar Pradesh,Administrative,2022-11-06,2022,11,Sunday,Winter,2815601,165.7,54.46,115.27,121.3,90.11,10.11,106.93,22.32,15.9,73.4,12.8,5.6,601686,5503,29.7,11,275,145,63,,,State PCB,Unverified
1247,Meerut,Uttar Pradesh,Industrial,2023-08-09,2023,8,Wednesday,Monsoon,1309023,158.4,49.32,117.41,58.12,37.9,10.31,108.0,26.38,29.1,73.5,11.6,2.0,272337,1820,43.6,14,57,32,14,,,CPCB,Unverified
1248,Surat,Gujarat,Industrial,2022-01-12,2022,1,Wednesday,Winter,4467797,116.7,66.92,88.66,76.34,77.46,1.45,104.01,11.93,33.2,53.9,18.0,3.8,1235797,6781,34.0,5,295,130,70,,,CPCB,Unverified
1249,Visakhapatnam,Andhra Pradesh,Coastal,2022-12-09,2022,12,Friday,Winter,1728128,217.9,77.49,121.75,86.33,24.73,2.79,65.82,38.21,28.6,90.0,9.8,6.0,600669,1454,16.6,9,117,68,33,,,Satellite,Manual Entry
1250,Faridabad,Haryana,Industrial,2022-10-20,2022,10,Thursday,Post-Monsoon,1394000,95.3,47.53,61.68,21.83,11.24,9.14,24.07,8.33,32.4,62.1,11.1,5.4,361765,1123,11.7,15,44,20,11,,,Ground Sensor,Unverified
1251,Amritsar,Punjab,Tourist,2023-12-23,2023,12,Saturday,Winter,1132761,293.1,160.63,166.48,126.38,36.93,10.95,54.83,11.48,36.4,57.3,3.7,5.5,315637,623,33.8,3,99,55,21,,,State PCB,Unverified
1252,Patna,Bihar,Administrative,2022-11-13,2022,11,Sunday,Winter,1684222,138.8,73.87,100.38,101.94,79.54,14.19,86.83,31.09,40.7,48.9,8.5,0,319846,2903,41.7,12,145,84,32,,,Satellite,Verified
1253,Mumbai,Maharashtra,Industrial,2022-10-20,2022,10,Thursday,Post-Monsoon,12478447,162.9,65.97,113.42,44.59,30.47,8.17,94.7,15.71,40.2,41.8,6.1,0,3390712,20616,42.8,13,710,442,190,,,CPCB,Manual Entry
1254,Nagpur,Maharashtra,Commercial,2023-03-24,2023,3,Friday,Summer,2405665,42.7,19.88,28.88,107.66,30.49,7.72,31.77,26.9,47.6,60.5,4.9,4.2,766442,2482,13.6,4,122,63,24,,,Satellite,Verified
1255,Bangalore,Karnataka,IT Hub,2022-09-03,2022,9,Saturday,Monsoon,8443675,92.7,29.06,78.25,60.71,50.36,4.62,71.13,30.8,24.0,47.9,13.8,30.5,1853159,7402,12.5,6,337,168,100,,,Ground Sensor,Verified
1256,Ghaziabad,Uttar Pradesh,Industrial,2022-08-29,2022,8,Monday,Monsoon,1636068,82.6,37.68,42.77,34.73,21.21,7.14,69.63,1.03,27.9,48.9,22.3,8.6,417230,1945,40.3,16,,32,13,,,State PCB,Verified
1257,Faridabad,Haryana,Industrial,2022-12-13,2022,12,Tuesday,Winter,1394000,257.9,80.8,206.79,125.96,92.7,8.92,60.69,18.21,31.0,29.4,9.7,0,402225,2585,17.6,22,101,64,19,,,State PCB,Manual Entry
1258,Bangalore,Karnataka,IT Hub,2023-07-11,2023,7,Tuesday,Monsoon,8443675,41.0,17.25,22.16,25.93,21.4,8.52,119.63,2.27,34.4,29.9,-2.8,0,1536457,16779,37.4,17,198,83,55,,,Satellite,Verified
1259,Nagpur,Maharashtra,Commercial,2023-11-01,2023,11,Wednesday,Winter,2405665,197.4,107.1,145.91,107.57,87.93,3.05,138.74,31.65,27.6,54.6,10.1,2.6,471825,4136,21.5,17,,125,77,,,Ground Sensor,Auto
1260,Chennai,Tamil Nadu,Coastal,2023-05-10,2023,5,Wednesday,Summer,7088000,152.2,59.86,133.79,83.29,22.33,3.15,128.63,47.95,28.1,30.4,8.6,2.8,1716421,8757,11.1,21,475,204,101,,,State PCB,Verified
1261,Ludhiana,Punjab,Industrial,2022-07-19,2022,7,Tuesday,Monsoon,1618879,10,3.84,6.41,86.84,6.12,9.85,131.75,40.61,30.5,61.7,16.1,4.5,531596,986,19.0,7,58,31,13,,,Satellite,Verified
1262,Nagpur,Maharashtra,Commercial,2023-02-14,2023,2,Tuesday,Winter,2405665,274.6,156.23,245.15,153.39,89.84,15.74,113.71,32.83,35.6,100,2.3,0,818750,2752,27.2,4,318,136,52,,,CPCB,Verified
1263,Jodhpur,Rajasthan,Tourist,2022-05-05,2022,5,Thursday,Summer,1137815,80.8,40.42,44.66,91.85,58.72,4.22,108.34,42.34,32.7,54.1,14.3,4.4,374021,1435,22.2,7,66,40,11,,,Satellite,Manual Entry
1264,Agra,Uttar Pradesh,Tourist,2023-03-17,2023,3,Friday,Summer,1585704,,,50.47,109.67,75.28,14.61,111.51,32.03,23.9,41.6,9.4,0,382285,1610,13.7,16,79,34,12,,,CPCB,Auto
1265,Faridabad,Haryana,Industrial,2022-10-08,2022,10,Saturday,Post-Monsoon,1394000,105.3,56.08,92.27,129.47,75.18,5.01,117.13,40.56,36.8,25.4,9.2,0,369306,910,15.9,21,87,55,24,,,Satellite,Manual Entry
1265,Faridabad,Haryana,Industrial,2022-10-08,2022,10,Saturday,Post-Monsoon,1394000,105.3,56.08,92.27,129.47,75.18,5.01,117.13,40.56,36.8,25.4,9.2,0,369306,910,15.9,21,87,55,24,,,Satellite,Manual Entry
1266,Chennai,Tamil Nadu,Coastal,2022-11-09,2022,11,Wednesday,Winter,7088000,151.7,52.02,113.39,16.48,72.13,9.92,131.72,32.88,32.2,53.1,17.2,0,2031471,6602,29.0,14,285,147,46,,,CPCB,Auto
1267,Ranchi,Jharkhand,Industrial,2022-10-20,2022,10,Thursday,Post-Monsoon,1073440,75.6,36.95,41.51,142.58,66.51,7.13,87.44,29.54,28.3,100,13.4,4.8,304306,1254,10.5,20,75,32,15,,,CPCB,Unverified
1268,Lucknow,Uttar Pradesh,Administrative,2023-09-04,2023,9,Monday,Monsoon,2815601,87.8,40.1,53.4,85.15,53.03,6.84,102.07,39.52,18.1,75.1,16.1,15.2,582148,3509,7.5,14,153,92,23,,,Ground Sensor,Unverified
1269,Pune,Maharashtra,Industrial,2022-03-30,2022,3,Wednesday,Summer,3124458,,,77.71,35.57,17.99,13.75,70.74,2.66,23.6,27.2,10.7,0,881205,5679,7.3,7,105,45,30,,,Satellite,Unverified
1270,Surat,Gujarat,Industrial,2022-07-23,2022,7,Saturday,Monsoon,4467797,89.4,47.42,51.45,17.32,19.06,10.36,22.17,31.02,30.8,47.3,9.7,0,900568,7044,41.9,21,107,62,30,,,Satellite,Unverified
1271,Amritsar,Punjab,Tourist,2022-04-22,2022,4,Friday,Summer,1132761,659.3,79.46,127.81,45.01,8.05,14.96,140.41,24.79,21.8,65.3,21.1,1.8,366200,1357,32.6,12,64,36,14,,,CPCB,Auto
1272,Srinagar,Jammu & Kashmir,Tourist,2023-06-28,2023,6,Wednesday,Monsoon,1180570,71.5,24.62,38.43,48.1,56.64,9.79,137.16,26.34,16.4,59.6,22.5,0,326270,856,23.5,22,40,27,8,,,Ground Sensor,Unverified
1273,Varanasi,Uttar Pradesh,Tourist,2022-12-07,2022,12,Wednesday,Winter,1198491,125.7,74.39,101.9,148.13,98.02,9.17,119.74,15.72,34.9,35.6,10.9,3.3,316375,1725,30.6,9,107,52,19,,,CPCB,Auto
1274,Visakhapatnam,Andhra Pradesh,Coastal,2023-11-27,2023,11,Monday,Winter,1728128,304.0,142.01,174.69,17.89,11.84,5.77,63.73,12.29,27.6,47.2,15.4,0.4,601028,2008,6.8,7,115,59,23,,,Ground Sensor,Manual Entry
1275,Surat,Gujarat,Industrial,2023-12-25,2023,12,Monday,Winter,4467797,152.0,49.19,116.41,22.56,56.63,4.91,108.92,41.26,19.1,55.9,6.2,0,1086304,7260,6.4,12,146,64,36,,,CPCB,Manual Entry
1276,Faridabad,Haryana,Industrial,2022-09-27,2022,9,Tuesday,Monsoon,1394000,118.1,43.23,89.09,17.55,49.05,1.26,139.86,18.42,14.5,38.3,-4.5,13.7,418660,1349,29.5,18,57,26,13,,,Satellite,Unverified
1277,Ahmedabad,Gujarat,Industrial,2022-09-06,2022,9,Tuesday,Monsoon,5570585,152.4,88.39,86.26,43.15,38.36,0.68,23.27,3.24,,67.7,20.2,6.9,1570573,5829,33.7,23,360,219,97,,,CPCB,Auto
1278,Visakhapatnam,Andhra Pradesh,Coastal,2023-02-18,2023,2,Saturday,Winter,1728128,246.5,77.92,193.32,157.28,99.68,3.05,94.45,8.52,23.6,51.3,0.4,4.4,462351,2136,13.4,6,160,105,46,,,State PCB,Unverified
1279,Ranchi,Jharkhand,Industrial,2023-09-09,2023,9,Saturday,Monsoon,1073440,74.6,43.21,50.43,31.41,15.38,1.65,60.59,47.15,37.2,56.7,0.9,8.0,277768,1277,5.7,15,37,20,5,,,Satellite,Auto
1280,Mumbai,Maharashtra,Industrial,2022-01-04,2022,1,Tuesday,Winter,12478447,257.8,129.35,175.26,162.2,21.62,18.05,91.45,8.58,31.4,50.5,9.1,0,2502637,21756,43.3,8,1184,777,251,,,Satellite,Auto
1281,Bangalore,Karnataka,IT Hub,2023-03-13,2023,3,Monday,Summer,8443675,135.3,64.9,78.36,12.34,30.2,12.98,103.7,49.92,42.1,49.1,13.5,1.6,2095304,16464,14.3,8,246,118,49,,,Satellite,Unverified
1282,Surat,Gujarat,Industrial,2023-06-18,2023,6,Sunday,Monsoon,4467797,,,6.11,79.96,35.39,1.6,87.71,16.16,33.4,43.6,24.8,27.6,941917,2428,8.5,25,147,69,34,,,State PCB,Auto
1283,Jaipur,Rajasthan,Tourist,2023-10-03,2023,10,Tuesday,Post-Monsoon,3046163,184.0,93.25,145.48,88.48,89.31,13.44,126.63,40.52,26.9,53.5,4.4,0.9,676085,4144,21.4,25,223,96,58,,,Ground Sensor,Unverified
1284,Bhopal,Madhya Pradesh,Administrative,2023-02-14,2023,2,Tuesday,Winter,1795648,212.0,92.93,150.07,87.34,45.44,4.95,122.48,21.83,31.6,93.4,15.9,2.6,505034,2473,43.4,23,118,76,27,,,Satellite,Unverified
1285,Patna,Bihar,Administrative,2023-05-19,2023,5,Friday,Summer,1684222,167.2,80.65,84.47,109.18,75.59,2.38,132.57,2.62,23.9,72.7,13.9,3.7,580034,1619,25.0,8,120,55,35,,,Satellite,Verified
1286,Chennai,Tamil Nadu,Coastal,2022-01-03,2022,1,Monday,Winter,7088000,222.9,124.65,158.23,74.64,91.02,8.5,126.51,41.34,33.7,32.2,23.4,1.9,2457629,10547,24.2,19,695,296,206,,,CPCB,Auto
1287,Indore,Madhya Pradesh,Commercial,2023-09-20,2023,9,Wednesday,Monsoon,1994397,134.9,67.45,88.36,22.47,5.81,7.72,35.36,40.25,25.1,61.6,5.4,0,417799,2085,11.3,11,83,47,17,,,Ground Sensor,Verified
1288,Varanasi,Uttar Pradesh,Tourist,2023-10-24,2023,10,Tuesday,Post-Monsoon,1198491,175.4,71.76,151.87,70.6,23.59,13.97,83.56,1.35,33.4,72.0,10.8,0,412353,1814,39.0,3,59,37,15,,,Ground Sensor,Manual Entry
1288,Varanasi,Uttar Pradesh,Tourist,2023-10-24,2023,10,Tuesday,Post-Monsoon,1198491,175.4,71.76,151.87,70.6,23.59,13.97,83.56,1.35,33.4,72.0,10.8,0,412353,1814,39.0,3,59,37,15,,,Ground Sensor,Manual Entry
1289,Patna,Bihar,Administrative,2022-10-08,2022,10,Saturday,Post-Monsoon,1684222,275.8,105.23,192.67,34.2,24.07,9.13,129.16,33.23,38.2,37.5,8.5,4.2,552793,1508,20.4,11,93,49,24,,,Satellite,Auto
1290,Amritsar,Punjab,Tourist,2022-03-22,2022,3,Tuesday,Summer,1132761,75.4,40.9,44.87,114.29,80.34,14.32,104.21,36.13,40.5,63.0,13.0,0,236566,1666,26.0,15,81,39,22,,,State PCB,Manual Entry
1291,Surat,Gujarat,Industrial,2022-01-28,2022,1,Friday,Winter,4467797,244.6,90.78,201.04,67.81,65.17,19.82,120.47,24.62,33.8,60.7,14.1,7.3,1086650,4934,21.3,15,278,171,46,,,CPCB,Manual Entry
1292,Faridabad,Haryana,Industrial,2022-01-30,2022,1,Sunday,Winter,1394000,97.8,30.96,80.29,56.32,43.93,15.35,70.22,9.66,29.4,75.4,11.7,2.8,441017,2536,23.1,21,53,29,14,,,State PCB,Manual Entry
1293,Srinagar,Jammu & Kashmir,Tourist,2023-02-09,2023,2,Thursday,Winter,1180570,188.6,83.01,143.15,55.04,110.26,16.71,137.1,43.32,27.8,44.9,20.7,0,393817,938,18.4,7,100,58,18,,,Satellite,Verified
1294,Delhi,Delhi,Urban,2022-04-01,2022,4,Friday,Summer,16787941,227.4,97.96,157.6,75.53,61.77,10.06,34.95,15.65,29.5,33.4,11.1,0,4361281,21447,8.5,11,1616,1064,247,,,Satellite,Auto
1295,Ranchi,Jharkhand,Industrial,2023-11-03,2023,11,Friday,Winter,1073440,205.8,84.67,161.03,86.85,68.95,18.06,22.98,40.62,,88.0,9.6,0,199004,1761,18.4,18,64,33,14,,,CPCB,Verified
1296,Hyderabad,Telangana,IT Hub,2023-09-07,2023,9,Thursday,Monsoon,6809970,132.7,55.72,71.41,25.52,9.93,2.42,80.02,18.83,43.1,45.1,6.3,0,2036045,13272,25.0,3,272,129,57,,,CPCB,Auto
1297,Coimbatore,Tamil Nadu,Industrial,2022-03-09,2022,3,Wednesday,Summer,1061447,229.3,120.99,172.28,102.21,75.21,6.35,135.24,41.11,27.0,83.3,19.2,0,328443,1614,43.8,3,94,52,17,,,Satellite,Auto
1298,Pune,Maharashtra,Industrial,2023-03-20,2023,3,Monday,Summer,3124458,191.8,73.93,147.96,116.03,77.91,10.44,82.3,26.19,24.9,50.2,9.4,4.4,997509,2709,14.8,5,282,145,84,,,Satellite,Manual Entry
1299,Jaipur,Rajasthan,Tourist,2022-10-01,2022,10,Saturday,Post-Monsoon,3046163,93.7,53.11,67.52,98.99,87.09,17.94,96.39,2.17,49.4,58.6,20.2,2.2,740815,1546,30.0,4,240,120,51,,,Satellite,Unverified
1300,Pune,Maharashtra,Industrial,2023-10-27,2023,10,Friday,Post-Monsoon,3124458,189.9,110.95,144.96,65.09,23.63,0.97,98.05,44.69,29.0,75.9,9.0,4.6,1077122,6148,37.1,11,174,100,41,,,CPCB,Unverified
1301,Varanasi,Uttar Pradesh,Tourist,2023-04-20,2023,4,Thursday,Summer,1198491,130.5,47.3,73.75,25.21,76.98,10.57,66.45,5.58,35.0,57.4,15.1,1.3,231699,2302,39.2,19,43,17,12,,,CPCB,Manual Entry
1302,Visakhapatnam,Andhra Pradesh,Coastal,2022-05-08,2022,5,Sunday,Summer,1728128,146.1,54.23,129.59,121.05,34.09,9.01,112.15,11.66,26.0,38.5,11.3,3.4,571052,2385,33.7,23,119,74,22,,,State PCB,Verified
1303,Kanpur,Uttar Pradesh,Industrial,2022-03-28,2022,3,Monday,Summer,2920496,69.9,32.22,48.55,115.01,20.99,8.77,37.95,46.66,34.4,38.7,13.8,0,696129,5275,26.1,19,148,79,31,,,CPCB,Manual Entry
1304,Jodhpur,Rajasthan,Tourist,2022-12-13,2022,12,Tuesday,Winter,1137815,133.8,77.72,73.51,79.18,83.31,17.56,62.68,15.86,24.7,58.9,5.4,6.7,207687,1778,9.6,25,77,43,18,,,CPCB,Unverified
1305,Meerut,Uttar Pradesh,Industrial,2022-09-19,2022,9,Monday,Monsoon,1309023,142.2,54.94,111.58,10.89,55.36,0.67,141.26,21.24,34.7,52.2,6.4,23.6,407774,1067,7.5,25,58,32,9,,,State PCB,Auto
1306,Indore,Madhya Pradesh,Commercial,2022-12-04,2022,12,Sunday,Winter,1994397,141.3,61.56,98.74,89.95,46.07,18.44,68.09,44.09,41.0,70.3,14.8,0,608754,3427,5.7,4,112,64,27,,,Satellite,Manual Entry
1307,Agra,Uttar Pradesh,Tourist,2022-10-19,2022,10,Wednesday,Post-Monsoon,1585704,197.8,91.85,123.5,102.81,43.44,16.2,139.86,42.43,34.6,73.0,14.5,5.9,497872,2360,13.8,3,126,56,25,,,Ground Sensor,Auto
1308,Indore,Madhya Pradesh,Commercial,2022-09-27,2022,9,Tuesday,Monsoon,1994397,712.9,18.81,25.04,20.28,47.39,2.04,39.18,24.65,,36.9,20.3,30.8,680556,3071,30.5,4,41,17,11,,,Satellite,Manual Entry
1309,Vadodara,Gujarat,Industrial,2022-09-04,2022,9,Sunday,Monsoon,1670806,70.4,37.79,45.12,58.86,22.66,9.41,140.07,40.27,36.1,54.5,2.8,0,361724,1770,39.4,16,80,47,20,,,CPCB,Manual Entry
1310,Ludhiana,Punjab,Industrial,2022-01-08,2022,1,Saturday,Winter,1618879,137.8,65.35,70.56,78.28,82.34,6.66,30.33,5.35,41.7,85.6,7.2,0,317127,2553,20.3,4,110,51,22,,,State PCB,Verified
1311,Varanasi,Uttar Pradesh,Tourist,2023-11-28,2023,11,Tuesday,Winter,1198491,134.3,57.24,95.3,161.17,99.75,20.66,91.02,32.67,31.4,61.3,4.8,6.2,328167,1672,6.7,15,92,46,16,,,CPCB,Unverified
1312,Varanasi,Uttar Pradesh,Tourist,2023-11-26,2023,11,Sunday,Winter,1198491,169.6,98.7,114.17,90.97,11.47,19.17,106.54,44.58,15.5,32.6,9.7,0,418307,712,43.1,17,88,40,17,,,Ground Sensor,Auto
1313,Patna,Bihar,Administrative,2023-02-18,2023,2,Saturday,Winter,1684222,160.3,60.03,136.69,149.62,91.46,15.7,90.68,15.65,26.4,47.8,16.0,7.3,427698,2056,38.9,11,128,82,25,,,State PCB,Unverified
1314,Ludhiana,Punjab,Industrial,2023-05-22,2023,5,Monday,Summer,1618879,90.6,33.69,66.82,89.8,48.26,11.45,91.46,22.74,23.0,69.8,8.2,0,436288,2421,29.4,21,77,52,15,,,Satellite,Unverified
1315,Chennai,Tamil Nadu,Coastal,2022-12-01,2022,12,Thursday,Winter,7088000,155.0,61.87,104.63,61.89,22.14,13.19,21.33,8.48,,84.5,12.7,0,2406987,12104,21.7,19,316,216,65,,,CPCB,Unverified
1316,Ghaziabad,Uttar Pradesh,Industrial,2022-05-23,2022,5,Monday,Summer,1636068,48.1,17.95,38.94,87.25,78.18,2.73,69.88,25.04,21.5,62.6,13.8,0,491131,2716,13.2,16,66,34,16,,,Satellite,Manual Entry
1317,Bhopal,Madhya Pradesh,Administrative,2023-05-29,2023,5,Monday,Summer,1795648,151.8,56.69,132.28,106.25,32.55,6.69,124.01,44.58,24.1,40.5,3.0,5.4,602851,3539,32.1,4,132,71,27,,,Satellite,Verified
1317,Bhopal,Madhya Pradesh,Administrative,2023-05-29,2023,5,Monday,Summer,1795648,151.8,56.69,132.28,106.25,32.55,6.69,124.01,44.58,24.1,40.5,3.0,5.4,602851,3539,32.1,4,132,71,27,,,Satellite,Verified
1318,Visakhapatnam,Andhra Pradesh,Coastal,2023-03-18,2023,3,Saturday,Summer,1728128,167.6,72.57,114.38,23.07,35.91,1.36,62.35,31.95,45.8,89.3,3.7,8.9,317438,1746,40.2,20,73,31,13,,,CPCB,Manual Entry
1319,Pune,Maharashtra,Industrial,2022-07-10,2022,7,Sunday,Monsoon,3124458,129.8,58.44,113.14,81.67,26.86,11.2,44.2,25.01,17.1,33.3,6.8,6.4,671000,2011,25.2,5,166,112,43,,,Ground Sensor,Verified
1320,Delhi,Delhi,Urban,2023-01-08,2023,1,Sunday,Winter,16787941,142.2,49.12,105.44,95.43,43.71,18.97,105.06,41.84,23.7,96.2,5.1,4.1,3081561,29729,29.8,6,992,606,201,,,Satellite,Unverified
1321,Surat,Gujarat,Industrial,2023-05-31,2023,5,Wednesday,Summer,4467797,151.0,87.96,75.86,69.56,65.85,12.39,67.62,11.82,25.8,57.3,12.4,1.1,1547291,2962,42.4,17,332,178,66,,,Ground Sensor,Unverified
1322,Ghaziabad,Uttar Pradesh,Industrial,2022-06-08,2022,6,Wednesday,Monsoon,1636068,10,3.13,5.98,57.79,28.7,3.08,31.31,21.27,21.2,70.7,16.1,7.8,406219,3037,35.5,11,51,25,7,,,Satellite,Manual Entry
1323,Bangalore,Karnataka,IT Hub,2023-03-08,2023,3,Wednesday,Summer,8443675,111.1,35.14,66.32,87.12,44.53,1.47,79.11,16.39,29.2,100,12.6,0,2728459,12900,5.1,17,422,230,90,,,CPCB,Unverified
1324,Chennai,Tamil Nadu,Coastal,2023-12-16,2023,12,Saturday,Winter,7088000,282.4,129.01,237.19,83.86,79.26,4.81,43.43,12.81,29.6,47.7,15.3,0,2383250,3721,28.3,13,809,389,155,,,Ground Sensor,Manual Entry
1325,Bhopal,Madhya Pradesh,Administrative,2022-02-27,2022,2,Sunday,Winter,1795648,262.9,93.71,221.93,122.76,30.86,3.7,42.96,34.49,21.6,39.1,15.9,0,424232,1195,39.2,23,117,72,22,,,Satellite,Manual Entry
1326,Vadodara,Gujarat,Industrial,2023-06-01,2023,6,Thursday,Monsoon,1670806,179.3,55.56,112.34,11.62,16.2,3.47,120.71,36.45,29.3,80.5,12.1,3.3,437649,2770,7.1,21,55,25,14,,,Satellite,Verified
1327,Nagpur,Maharashtra,Commercial,2022-09-27,2022,9,Tuesday,Monsoon,2405665,107.4,33.3,81.52,15.41,29.76,9.38,117.07,22.6,46.3,69.8,14.5,0,502386,4445,41.4,21,69,32,12,,,CPCB,Auto
1328,Meerut,Uttar Pradesh,Industrial,2023-07-07,2023,7,Friday,Monsoon,1309023,17.1,7.04,12.16,44.96,37.79,4.45,66.1,5.63,33.6,55.6,9.1,0,242417,2031,40.7,21,,24,10,,,Ground Sensor,Unverified
1329,Ahmedabad,Gujarat,Industrial,2023-10-29,2023,10,Sunday,Post-Monsoon,5570585,234.7,140.5,152.66,96.95,8.51,11.08,126.16,36.41,32.8,77.9,13.5,0,1881593,10055,13.1,14,588,407,117,,,Ground Sensor,Auto
1330,Ranchi,Jharkhand,Industrial,2023-01-13,2023,1,Friday,Winter,1073440,75.8,22.88,45.79,41.71,8.3,11.62,104.24,21.84,20.7,33.8,4.5,2.6,342633,1197,31.3,5,29,20,7,,,Ground Sensor,Verified
1331,Amritsar,Punjab,Tourist,2022-05-01,2022,5,Sunday,Summer,1132761,224.5,130.6,132.02,112.45,53.98,1.63,56.18,29.02,29.8,62.9,9.9,0,241699,797,18.8,24,125,75,28,,,Ground Sensor,Auto
1332,Ghaziabad,Uttar Pradesh,Industrial,2023-05-18,2023,5,Thursday,Summer,1636068,146.9,81.58,119.58,21.24,60.86,7.95,110.7,25.82,30.7,53.7,6.2,0,476957,2622,24.6,9,105,51,16,,,Satellite,Auto
1333,Rajkot,Gujarat,Industrial,2023-07-31,2023,7,Monday,Monsoon,1286995,48.1,26.24,26.94,36.71,49.65,9.56,146.22,19.05,5.5,62.8,25.7,22.6,376693,2182,19.1,4,47,29,11,,,CPCB,Auto
1334,Indore,Madhya Pradesh,Commercial,2022-09-30,2022,9,Friday,Monsoon,1994397,14.4,8.14,11.39,41.83,30.35,4.32,35.68,7.41,37.8,81.0,11.5,21.3,691385,2490,42.1,24,48,24,14,,,Satellite,Manual Entry
1335,Pune,Maharashtra,Industrial,2023-07-04,2023,7,Tuesday,Monsoon,3124458,101.3,47.97,69.67,17.75,23.48,8.78,129.51,30.97,35.9,78.1,14.2,4.4,627781,3350,43.5,21,95,54,22,,,Satellite,Unverified
1336,Varanasi,Uttar Pradesh,Tourist,2022-02-08,2022,2,Tuesday,Winter,1198491,292.1,106.28,154.96,131.76,57.23,5.1,61.72,20.27,37.6,86.5,10.9,0,263025,1191,10.4,24,108,56,18,,,Ground Sensor,Manual Entry
1337,Bhopal,Madhya Pradesh,Administrative,2023-06-01,2023,6,Thursday,Monsoon,1795648,116.4,40.41,85.68,62.32,14.83,8.49,35.89,12.31,31.6,95.4,10.2,11.9,457682,2137,14.8,23,68,45,10,,,Ground Sensor,Manual Entry
1338,Ghaziabad,Uttar Pradesh,Industrial,2023-10-22,2023,10,Sunday,Post-Monsoon,1636068,191.5,94.68,119.95,139.44,68.35,9.21,82.73,42.41,34.0,68.0,14.8,1.9,378284,1558,32.8,5,146,73,32,,,Ground Sensor,Manual Entry
1339,Delhi,Delhi,Urban,2023-08-25,2023,8,Friday,Monsoon,16787941,166.3,57.78,124.34,50.03,44.99,2.42,96.9,42.88,44.3,42.2,13.7,0,3754101,13416,36.6,3,672,376,190,,,Satellite,Manual Entry
1340,Mumbai,Maharashtra,Industrial,2023-02-14,2023,2,Tuesday,Winter,12478447,260.7,123.0,158.74,133.2,67.82,19.29,54.58,6.2,28.7,52.7,8.3,8.5,3899748,17338,28.4,6,1192,545,228,,,CPCB,Verified
1341,Ranchi,Jharkhand,Industrial,2023-06-22,2023,6,Thursday,Monsoon,1073440,112.5,63.37,83.94,57.93,56.52,7.35,47.84,8.63,19.0,76.2,5.1,5.5,367171,875,9.0,13,55,30,13,,,CPCB,Unverified
1342,Lucknow,Uttar Pradesh,Administrative,2023-04-15,2023,4,Saturday,Summer,2815601,209.0,85.85,108.93,22.19,86.16,7.12,129.4,44.06,30.7,70.9,14.7,0,661572,3165,38.2,13,144,96,42,,,Ground Sensor,Unverified
1343,Bangalore,Karnataka,IT Hub,2023-11-11,2023,11,Saturday,Winter,8443675,182.0,81.37,153.63,129.62,32.84,6.69,55.91,19.77,34.5,100,17.6,0,2849326,10203,36.8,10,543,325,115,,,CPCB,Verified
1344,Indore,Madhya Pradesh,Commercial,2023-08-15,2023,8,Tuesday,Monsoon,1994397,71.0,42.51,45.66,39.77,22.72,1.19,102.21,37.17,28.0,59.4,14.4,15.9,395165,2008,18.5,11,55,30,15,,,CPCB,Manual Entry
1345,Jaipur,Rajasthan,Tourist,2022-05-05,2022,5,Thursday,Summer,3046163,731.3,75.51,112.95,108.24,17.09,5.98,142.25,40.21,,99.5,17.3,0,834122,3530,27.0,21,222,133,57,,,Satellite,Unverified
1346,Hyderabad,Telangana,IT Hub,2022-03-29,2022,3,Tuesday,Summer,6809970,25.5,13.89,21.57,88.82,13.97,5.07,94.16,45.61,27.5,69.7,12.5,1.3,1323146,11735,28.1,9,305,185,63,,,Satellite,Unverified
1347,Patna,Bihar,Administrative,2022-11-26,2022,11,Saturday,Winter,1684222,277.1,152.02,229.51,18.7,54.27,18.77,39.78,31.34,42.3,43.0,11.8,0,447234,3268,8.0,20,129,65,25,,,State PCB,Verified
1348,Ahmedabad,Gujarat,Industrial,2023-11-09,2023,11,Thursday,Winter,5570585,282.0,117.23,241.07,64.35,70.7,2.77,74.12,47.87,24.4,35.4,27.6,0.7,1183950,4034,8.9,4,383,228,108,,,State PCB,Unverified
1348,Ahmedabad,Gujarat,Industrial,2023-11-09,2023,11,Thursday,Winter,5570585,282.0,117.23,241.07,64.35,70.7,2.77,74.12,47.87,24.4,35.4,27.6,0.7,1183950,4034,8.9,4,383,228,108,,,State PCB,Unverified
1349,Surat,Gujarat,Industrial,2022-09-10,2022,9,Saturday,Monsoon,4467797,32.5,18.88,28.81,80.19,12.69,6.21,77.33,2.93,20.5,66.3,10.8,12.5,1501991,3560,35.1,18,197,133,49,,,Ground Sensor,Auto
1350,Srinagar,Jammu & Kashmir,Tourist,2023-04-27,2023,4,Thursday,Summer,1180570,90.9,46.37,78.0,71.4,76.72,1.75,78.35,17.56,48.2,70.4,0.9,3.8,256387,653,31.9,22,78,51,11,,,Ground Sensor,Unverified
1351,Lucknow,Uttar Pradesh,Administrative,2023-04-19,2023,4,Wednesday,Summer,2815601,157.4,85.18,87.34,44.46,41.16,5.16,28.42,37.5,23.1,38.7,8.2,0,739144,4972,14.4,20,184,126,47,,,State PCB,Unverified
1352,Vadodara,Gujarat,Industrial,2023-11-05,2023,11,Sunday,Winter,1670806,259.6,139.81,182.91,43.37,47.04,4.59,107.18,9.15,34.1,72.7,5.5,0.3,552015,2683,19.1,17,107,48,30,,,State PCB,Verified
1353,Visakhapatnam,Andhra Pradesh,Coastal,2023-09-21,2023,9,Thursday,Monsoon,1728128,101.3,48.7,74.12,13.34,8.29,5.01,95.22,10.17,32.6,66.3,12.0,28.5,522560,1761,5.1,18,52,36,15,,,Satellite,Manual Entry
1354,Varanasi,Uttar Pradesh,Tourist,2023-08-15,2023,8,Tuesday,Monsoon,1198491,41.0,17.2,33.31,45.13,32.13,8.03,73.9,38.67,19.0,63.6,26.0,17.5,288750,1697,16.1,8,38,21,9,,,Satellite,Manual Entry
1355,Surat,Gujarat,Industrial,2022-04-14,2022,4,Thursday,Summer,4467797,19.6,7.03,16.42,33.86,8.35,5.77,28.75,15.41,23.2,53.3,10.9,0,1372069,8425,18.7,24,55,31,12,,,Ground Sensor,Unverified
1356,Nagpur,Maharashtra,Commercial,2022-12-31,2022,12,Saturday,Winter,2405665,180.9,100.6,143.58,52.78,58.58,10.78,139.81,7.98,26.9,60.9,15.2,4.1,638453,4125,12.9,24,201,138,60,,,CPCB,Unverified
1357,Visakhapatnam,Andhra Pradesh,Coastal,2022-03-24,2022,3,Thursday,Summer,1728128,90.9,39.31,77.71,116.66,72.82,10.98,94.13,12.27,34.4,54.1,3.5,3.1,531142,3138,22.6,13,144,62,41,,,Ground Sensor,Unverified
1358,Ludhiana,Punjab,Industrial,2023-05-25,2023,5,Thursday,Summer,1618879,175.8,57.38,130.57,126.43,25.18,16.31,136.7,49.82,24.5,48.1,11.9,1.4,492852,1621,6.1,10,137,91,34,,,CPCB,Verified
1359,Ahmedabad,Gujarat,Industrial,2023-12-23,2023,12,Saturday,Winter,5570585,323.5,137.58,232.57,71.32,16.73,1.46,25.79,4.32,29.8,66.5,11.9,6.0,1426714,3910,27.0,20,413,217,88,,,State PCB,Unverified
1360,Ludhiana,Punjab,Industrial,2022-03-07,2022,3,Monday,Summer,1618879,,,109.73,12.3,60.34,15.9,56.41,32.57,38.7,52.1,8.0,0.4,327095,914,16.8,15,60,39,16,,,CPCB,Manual Entry
1361,Kolkata,West Bengal,Urban,2022-07-24,2022,7,Sunday,Monsoon,4496694,62.6,21.09,39.75,35.05,45.67,6.59,37.31,36.32,29.8,10,10.7,0,986770,8724,10.2,5,127,83,32,,,CPCB,Auto
1362,Rajkot,Gujarat,Industrial,2023-07-22,2023,7,Saturday,Monsoon,1286995,161.3,72.17,111.4,43.63,24.62,1.07,85.01,23.77,19.7,91.3,16.9,0.1,444094,1074,16.1,18,62,36,10,,,Satellite,Manual Entry
1363,Kolkata,West Bengal,Urban,2023-08-25,2023,8,Friday,Monsoon,4496694,849.9,32.62,55.25,48.86,56.03,9.17,30.98,37.09,15.6,68.7,10.6,23.3,1496503,2454,17.5,24,224,128,47,,,CPCB,Manual Entry
1364,Jodhpur,Rajasthan,Tourist,2023-05-12,2023,5,Friday,Summer,1137815,167.4,81.36,144.46,23.83,86.72,10.72,51.0,20.17,19.0,72.1,16.4,0.4,241792,970,15.1,16,57,24,13,,,Satellite,Auto
1365,Jodhpur,Rajasthan,Tourist,2023-04-13,2023,4,Thursday,Summer,1137815,193.8,58.64,172.67,100.4,84.99,1.74,66.17,23.47,25.2,49.3,9.9,0,336810,1163,16.3,4,77,35,15,,,Ground Sensor,Auto
1366,Indore,Madhya Pradesh,Commercial,2023-12-17,2023,12,Sunday,Winter,1994397,335.7,154.88,275.58,156.78,24.3,15.23,114.89,48.77,24.7,70.3,2.3,2.1,623321,3028,29.7,18,182,87,48,,,CPCB,Verified
1367,Faridabad,Haryana,Industrial,2022-06-27,2022,6,Monday,Monsoon,1394000,99.8,38.76,54.1,44.1,41.36,6.22,22.03,47.24,41.9,83.5,28.7,0,381721,1551,11.0,16,43,22,12,,,Satellite,Manual Entry
1368,Ghaziabad,Uttar Pradesh,Industrial,2023-05-25,2023,5,Thursday,Summer,1636068,186.6,86.69,128.39,24.91,6.79,2.42,80.21,39.15,30.3,61.4,15.5,0,373833,1538,17.3,15,84,34,15,,,Ground Sensor,Manual Entry
1369,Agra,Uttar Pradesh,Tourist,2023-11-27,2023,11,Monday,Winter,1585704,187.5,59.61,109.77,133.47,34.38,20.2,86.75,5.95,17.1,66.3,17.1,0,444443,1132,5.9,19,112,64,21,,,State PCB,Verified
1370,Chennai,Tamil Nadu,Coastal,2023-06-08,2023,6,Thursday,Monsoon,7088000,10,3.74,5.99,74.66,55.63,7.87,126.03,5.75,37.9,62.8,8.5,0.9,2260147,4148,15.8,7,229,108,60,,,Ground Sensor,Auto
1371,Lucknow,Uttar Pradesh,Administrative,2022-01-30,2022,1,Sunday,Winter,2815601,,,167.93,134.43,41.71,8.41,60.98,43.89,25.4,48.0,16.9,2.6,559086,1688,10.5,15,300,202,46,,,CPCB,Unverified
1372,Amritsar,Punjab,Tourist,2023-02-16,2023,2,Thursday,Winter,1132761,151.3,81.0,97.49,33.8,14.92,14.4,54.42,32.69,23.6,19.3,18.3,0,347989,1187,36.0,6,46,22,7,,,Ground Sensor,Verified
1373,Varanasi,Uttar Pradesh,Tourist,2022-11-17,2022,11,Thursday,Winter,1198491,28.7,14.36,21.47,124.18,39.66,15.61,73.7,35.39,12.7,51.7,10.0,3.4,371223,2391,10.1,23,58,40,12,,,CPCB,Verified
1374,Jaipur,Rajasthan,Tourist,2023-09-19,2023,9,Tuesday,Monsoon,3046163,27.0,10.6,13.82,73.42,11.26,4.15,68.16,12.27,20.4,56.1,13.7,11.1,1031435,3045,6.1,18,97,53,14,,,Ground Sensor,Verified
1375,Coimbatore,Tamil Nadu,Industrial,2023-12-04,2023,12,Monday,Winter,1061447,,165.08,219.87,83.46,29.24,5.96,122.69,15.44,31.4,69.3,10.1,0,279236,933,36.8,10,122,58,25,,,Ground Sensor,Manual Entry
1376,Faridabad,Haryana,Industrial,2022-02-24,2022,2,Thursday,Winter,1394000,191.7,90.2,162.86,156.28,47.97,11.79,36.37,37.34,28.3,25.1,14.9,2.5,391613,2338,39.6,23,155,88,44,,,CPCB,Verified
1377,Bangalore,Karnataka,IT Hub,2022-05-05,2022,5,Thursday,Summer,8443675,75.9,23.27,63.64,13.95,18.47,6.3,125.28,18.36,30.7,80.2,17.3,3.3,2343084,16781,30.3,11,178,114,30,,,Ground Sensor,Unverified
1378,Nagpur,Maharashtra,Commercial,2022-05-20,2022,5,Friday,Summer,2405665,51.6,27.8,40.42,46.89,15.76,6.84,27.38,7.45,42.5,94.8,16.0,1.0,750778,2275,15.3,11,77,44,22,,,Ground Sensor,Manual Entry
1379,Bangalore,Karnataka,IT Hub,2023-12-04,2023,12,Monday,Winter,8443675,10,5.77,6.71,135.1,59.43,19.18,94.09,36.57,20.6,90.7,4.1,0,2028495,12114,11.9,9,564,349,158,,,Ground Sensor,Manual Entry
1380,Varanasi,Uttar Pradesh,Tourist,2023-11-06,2023,11,Monday,Winter,1198491,208.1,69.08,123.08,144.9,104.84,6.38,23.08,11.45,19.8,79.5,10.7,0,294671,1429,31.7,4,138,66,21,,,Ground Sensor,Manual Entry
1381,Varanasi,Uttar Pradesh,Tourist,2023-01-11,2023,1,Wednesday,Winter,1198491,147.0,48.49,83.12,72.18,59.99,20.13,145.43,18.16,39.6,48.0,14.5,0,338606,667,28.5,8,75,36,18,,,State PCB,Auto
1382,Ludhiana,Punjab,Industrial,2023-03-07,2023,3,Tuesday,Summer,1618879,35.6,12.61,26.67,49.52,27.36,15.07,49.8,32.3,28.9,69.6,9.3,2.5,434515,1333,38.0,14,41,25,7,,,CPCB,Unverified
1383,Nagpur,Maharashtra,Commercial,2022-01-02,2022,1,Sunday,Winter,2405665,63.3,28.29,50.81,24.43,27.34,13.45,52.68,49.84,8.2,53.1,2.4,0,830225,4545,41.1,18,56,37,8,,,CPCB,Manual Entry
1384,Hyderabad,Telangana,IT Hub,2022-01-05,2022,1,Wednesday,Winter,6809970,90.4,28.9,61.59,18.67,92.04,20.76,26.73,31.51,24.2,72.2,6.3,6.1,1347873,4734,42.7,12,251,114,73,,,CPCB,Unverified
1385,Varanasi,Uttar Pradesh,Tourist,2023-12-08,2023,12,Friday,Winter,1198491,47.0,20.48,40.62,71.46,74.08,18.87,23.48,8.32,26.5,58.9,6.7,0,250939,1607,35.1,19,59,25,10,,,Satellite,Manual Entry
1386,Hyderabad,Telangana,IT Hub,2022-09-09,2022,9,Friday,Monsoon,6809970,48.8,19.36,32.46,10.62,16.94,1.19,62.62,31.41,21.5,65.2,3.8,0,1358915,7090,5.6,20,116,47,20,,,CPCB,Auto
1387,Ranchi,Jharkhand,Industrial,2022-01-04,2022,1,Tuesday,Winter,1073440,10,5.66,6.13,24.32,42.3,4.14,123.39,14.7,45.6,44.8,18.9,2.4,292903,1331,18.6,20,18,10,4,,,CPCB,Manual Entry
1388,Coimbatore,Tamil Nadu,Industrial,2022-04-10,2022,4,Sunday,Summer,1061447,137.1,66.55,118.35,32.29,25.97,7.13,57.86,20.27,30.2,37.8,14.4,2.8,355495,989,41.8,23,50,20,13,,,Satellite,Verified
1389,Varanasi,Uttar Pradesh,Tourist,2023-12-07,2023,12,Thursday,Winter,1198491,172.0,64.98,113.62,30.33,99.06,5.99,45.14,15.5,38.8,31.1,14.3,0,375486,2255,43.7,17,76,50,16,,,Ground Sensor,Manual Entry
1390,Vadodara,Gujarat,Industrial,2022-11-19,2022,11,Saturday,Winter,1670806,80.8,47.45,43.18,74.87,92.16,9.57,103.34,48.94,31.7,57.8,14.5,0,465220,2183,7.9,8,124,57,27,,,State PCB,Verified
1391,Patna,Bihar,Administrative,2022-09-30,2022,9,Friday,Monsoon,1684222,107.3,43.66,82.4,50.53,12.03,10.1,147.68,49.34,26.7,61.3,7.4,9.6,441300,2330,22.9,15,58,24,13,,,State PCB,Auto
1392,Jodhpur,Rajasthan,Tourist,2023-12-15,2023,12,Friday,Winter,1137815,216.6,68.23,192.39,133.72,107.79,14.27,143.31,8.79,25.5,100,7.5,1.3,275254,2089,15.0,3,131,91,22,,,Satellite,Auto
1393,Varanasi,Uttar Pradesh,Tourist,2023-06-03,2023,6,Saturday,Monsoon,1198491,980.5,43.1,49.33,55.93,24.42,1.92,59.64,17.68,26.8,62.6,2.8,0,389740,2173,21.3,22,45,24,10,,,CPCB,Unverified
1394,Jodhpur,Rajasthan,Tourist,2022-10-03,2022,10,Monday,Post-Monsoon,1137815,799.0,106.85,215.75,56.67,23.01,10.84,62.01,36.88,35.8,33.0,10.1,0,290651,1797,37.1,16,74,51,19,,,Ground Sensor,Verified
1395,Ghaziabad,Uttar Pradesh,Industrial,2022-10-12,2022,10,Wednesday,Post-Monsoon,1636068,10,5.36,5.99,70.76,95.36,14.24,115.32,4.89,34.2,42.9,6.7,10.1,349277,2191,41.1,10,58,35,15,,,Ground Sensor,Auto
1396,Hyderabad,Telangana,IT Hub,2022-03-23,2022,3,Wednesday,Summer,6809970,249.3,127.72,204.4,111.73,66.47,4.62,68.71,25.58,18.6,38.0,15.1,0,1804031,4090,30.1,11,590,325,166,,,Ground Sensor,Unverified
1397,Patna,Bihar,Administrative,2022-08-01,2022,8,Monday,Monsoon,1684222,147.2,75.46,113.99,21.69,39.36,1.86,112.79,29.24,15.6,41.7,20.8,0,348746,1635,9.9,7,89,35,22,,,CPCB,Manual Entry
1398,Rajkot,Gujarat,Industrial,2022-10-07,2022,10,Friday,Post-Monsoon,1286995,204.4,109.16,136.5,133.92,49.47,6.92,127.59,14.03,26.0,57.8,5.3,0,296574,1449,8.9,24,132,61,21,,,Satellite,Manual Entry
1399,Indore,Madhya Pradesh,Commercial,2023-10-31,2023,10,Tuesday,Post-Monsoon,1994397,94.1,39.54,81.7,120.14,91.15,13.68,71.93,19.25,19.6,63.5,8.3,2.8,688770,1137,42.1,23,136,54,34,,,Ground Sensor,Manual Entry
1400,Surat,Gujarat,Industrial,2022-11-25,2022,11,Friday,Winter,4467797,208.4,85.26,128.16,109.97,61.54,11.44,97.13,25.56,26.6,82.5,11.8,0.0,930748,5123,21.6,22,405,229,102,,,Ground Sensor,Unverified
1401,Meerut,Uttar Pradesh,Industrial,2023-06-23,2023,6,Friday,Monsoon,1309023,129.1,55.44,99.94,10.36,25.12,5.58,59.69,43.18,18.4,71.0,12.3,31.9,255144,1139,27.7,10,35,19,6,,,CPCB,Verified
1402,Kolkata,West Bengal,Urban,2022-04-25,2022,4,Monday,Summer,4496694,165.7,82.94,109.39,41.44,49.37,6.02,84.76,19.21,19.0,53.8,6.7,0,866599,3549,33.3,19,275,187,55,,,CPCB,Auto
1403,Coimbatore,Tamil Nadu,Industrial,2023-07-14,2023,7,Friday,Monsoon,1061447,89.3,32.14,62.58,66.29,8.76,3.0,65.38,20.47,18.1,72.7,16.5,3.1,369162,1817,40.4,20,39,25,7,,,Satellite,Verified
1404,Indore,Madhya Pradesh,Commercial,2023-11-01,2023,11,Wednesday,Winter,1994397,140.5,81.98,92.02,21.07,19.88,13.18,95.81,6.43,27.1,74.3,3.2,6.5,675753,1914,12.8,24,88,53,15,,,Satellite,Unverified
1405,Patna,Bihar,Administrative,2023-06-22,2023,6,Thursday,Monsoon,1684222,156.8,87.51,130.88,47.53,36.93,2.45,82.58,36.62,9.5,23.6,22.4,21.6,340700,3338,35.4,24,115,63,18,,,Satellite,Unverified
1406,Ghaziabad,Uttar Pradesh,Industrial,2022-01-10,2022,1,Monday,Winter,1636068,255.0,111.24,137.79,33.81,88.46,16.97,102.8,29.03,46.4,31.5,2.4,0.5,524301,2819,6.4,15,137,71,24,,,Ground Sensor,Unverified
1407,Meerut,Uttar Pradesh,Industrial,2022-08-30,2022,8,Tuesday,Monsoon,1309023,57.3,27.52,51.21,36.61,33.11,3.51,115.13,19.78,,86.8,16.1,11.6,287923,1917,26.1,12,35,23,8,,,Satellite,Unverified
1408,Delhi,Delhi,Urban,2022-05-25,2022,5,Wednesday,Summer,16787941,198.4,70.82,174.47,16.96,28.6,0.78,144.12,30.41,21.5,58.8,7.5,1.5,4689270,32071,15.6,3,711,453,109,,,State PCB,Verified
1409,Mumbai,Maharashtra,Industrial,2023-09-27,2023,9,Wednesday,Monsoon,12478447,110.1,33.43,76.37,62.72,13.53,7.74,111.34,12.83,40.1,45.4,3.6,6.5,2714111,14403,10.1,14,423,225,67,,,State PCB,Manual Entry
1410,Surat,Gujarat,Industrial,2022-11-14,2022,11,Monday,Winter,4467797,147.8,65.08,79.64,154.01,49.66,2.85,135.87,13.11,26.7,67.0,-1.5,0.9,1006431,5334,7.4,23,303,133,48,,,State PCB,Unverified
1411,Coimbatore,Tamil Nadu,Industrial,2022-02-21,2022,2,Monday,Winter,1061447,141.8,61.11,97.7,145.62,63.66,13.14,135.09,25.71,39.4,37.0,7.9,1.5,350676,1430,6.7,17,104,60,25,,,CPCB,Unverified
1412,Indore,Madhya Pradesh,Commercial,2022-12-21,2022,12,Wednesday,Winter,1994397,101.2,54.25,63.33,116.87,16.19,6.54,43.5,39.7,21.9,100,19.6,2.0,641497,3109,8.6,3,146,90,29,,,Satellite,Unverified
1413,Nagpur,Maharashtra,Commercial,2022-09-15,2022,9,Thursday,Monsoon,2405665,121.3,68.27,79.67,31.43,15.58,2.12,121.16,40.61,24.9,64.3,17.5,23.3,834040,3756,41.8,17,106,57,18,,,State PCB,Manual Entry
1414,Hyderabad,Telangana,IT Hub,2023-04-18,2023,4,Tuesday,Summer,6809970,25.9,11.71,22.1,64.97,50.49,11.22,33.84,30.48,27.2,64.9,19.3,0.2,1276267,3848,10.6,19,193,101,47,,,Ground Sensor,Auto
1415,Srinagar,Jammu & Kashmir,Tourist,2023-04-02,2023,4,Sunday,Summer,1180570,155.4,87.84,95.31,55.73,39.59,8.2,91.86,16.14,26.2,61.1,9.4,8.0,340491,980,36.6,24,81,52,16,,,Satellite,Verified
1416,Surat,Gujarat,Industrial,2022-10-31,2022,10,Monday,Post-Monsoon,4467797,,,106.38,77.35,34.22,17.79,28.84,49.48,15.0,36.5,19.9,3.6,1236283,4824,21.3,16,282,160,80,,,State PCB,Unverified
1417,Indore,Madhya Pradesh,Commercial,2022-11-19,2022,11,Saturday,Winter,1994397,106.5,36.84,77.47,74.85,35.56,5.9,38.16,1.43,39.4,100,13.8,2.3,449030,2053,12.9,23,111,65,30,,,Ground Sensor,Auto
1418,Patna,Bihar,Administrative,2022-02-16,2022,2,Wednesday,Winter,1684222,172.9,100.41,107.68,22.84,71.98,10.28,90.87,11.81,34.5,47.5,12.3,0,480657,1348,31.8,22,115,51,32,,,Satellite,Verified
1419,Chennai,Tamil Nadu,Coastal,2023-11-21,2023,11,Tuesday,Winter,7088000,167.6,83.84,146.54,101.44,101.27,12.01,23.33,40.46,22.7,33.4,13.5,0,1341432,9346,16.8,18,638,295,191,,,CPCB,Verified
1420,Indore,Madhya Pradesh,Commercial,2023-06-02,2023,6,Friday,Monsoon,1994397,117.1,50.25,76.9,57.62,42.44,2.79,140.81,41.16,33.6,49.0,5.0,0,530399,3626,18.1,21,107,71,16,,,Ground Sensor,Unverified
1421,Coimbatore,Tamil Nadu,Industrial,2023-05-04,2023,5,Thursday,Summer,1061447,211.1,113.53,137.37,79.43,75.65,3.91,138.7,7.99,14.1,71.8,3.5,1.4,245946,1848,33.5,18,90,50,23,,,Satellite,Auto
1422,Hyderabad,Telangana,IT Hub,2022-07-17,2022,7,Sunday,Monsoon,6809970,109.5,41.18,65.78,79.92,27.96,4.7,25.98,5.91,16.2,86.0,9.8,4.7,1281592,7270,20.4,19,331,149,90,,,Ground Sensor,Unverified
1423,Jaipur,Rajasthan,Tourist,2022-09-14,2022,9,Wednesday,Monsoon,3046163,79.9,38.46,71.45,80.88,46.16,7.77,123.52,32.85,34.4,49.8,5.7,3.0,914570,3428,39.0,20,125,75,23,,,State PCB,Verified
1424,Vadodara,Gujarat,Industrial,2022-09-11,2022,9,Sunday,Monsoon,1670806,77.3,36.64,44.56,46.19,36.69,9.12,103.9,39.71,26.9,75.0,26.9,0,480153,2363,11.3,3,,30,18,,,State PCB,Verified
1425,Visakhapatnam,Andhra Pradesh,Coastal,2023-01-11,2023,1,Wednesday,Winter,1728128,101.0,35.75,50.72,37.61,67.89,8.09,48.11,46.48,28.7,97.4,6.1,0,510508,1618,24.4,8,54,30,8,,,Ground Sensor,Auto
1426,Hyderabad,Telangana,IT Hub,2022-02-05,2022,2,Saturday,Winter,6809970,206.6,83.52,104.79,144.62,32.71,14.16,79.34,32.14,23.6,38.9,16.7,0.8,1232397,4479,43.0,15,619,432,162,,,State PCB,Unverified
1427,Lucknow,Uttar Pradesh,Administrative,2022-11-13,2022,11,Sunday,Winter,2815601,173.1,79.41,104.33,47.68,97.71,19.17,82.52,19.26,33.9,67.2,5.6,1.2,561981,3372,23.1,7,205,137,51,,,State PCB,Verified
1428,Ranchi,Jharkhand,Industrial,2022-09-18,2022,9,Sunday,Monsoon,1073440,151.9,75.52,120.51,50.37,52.18,6.31,114.52,14.87,31.7,53.5,3.6,9.4,213886,1609,33.4,8,48,24,11,,,CPCB,Unverified
1429,Bangalore,Karnataka,IT Hub,2023-12-01,2023,12,Friday,Winter,8443675,229.0,119.27,146.59,123.56,47.36,8.03,105.22,3.1,30.9,72.1,17.5,3.6,2016981,7896,40.6,18,847,568,154,,,CPCB,Verified
1430,Nagpur,Maharashtra,Commercial,2023-04-02,2023,4,Sunday,Summer,2405665,113.4,48.75,98.57,107.15,66.71,7.11,37.64,30.29,27.9,63.8,14.4,2.5,537955,1813,6.6,21,159,100,27,,,Ground Sensor,Manual Entry
1431,Pune,Maharashtra,Industrial,2023-10-19,2023,10,Thursday,Post-Monsoon,3124458,217.5,121.2,133.38,100.93,38.49,4.03,99.08,14.77,,73.3,17.2,1.6,732228,4035,42.2,17,283,127,54,,,Ground Sensor,Manual Entry
1432,Patna,Bihar,Administrative,2023-04-08,2023,4,Saturday,Summer,1684222,128.1,38.71,97.65,38.49,7.45,7.72,55.44,15.41,26.4,100,15.5,1.4,559642,1054,28.8,17,60,31,13,,,State PCB,Unverified
1433,Coimbatore,Tamil Nadu,Industrial,2022-01-27,2022,1,Thursday,Winter,1061447,250.2,83.9,194.11,153.8,20.7,8.03,31.7,8.72,30.8,46.4,8.5,2.2,260234,580,12.2,4,110,63,22,,,CPCB,Verified
1434,Varanasi,Uttar Pradesh,Tourist,2023-04-26,2023,4,Wednesday,Summer,1198491,69.1,38.47,47.66,20.39,12.82,1.33,71.07,27.5,16.5,96.7,7.6,0,329040,2310,36.4,11,32,13,9,,,Ground Sensor,Verified
1435,Lucknow,Uttar Pradesh,Administrative,2023-10-12,2023,10,Thursday,Post-Monsoon,2815601,96.7,37.65,74.84,136.08,54.82,12.04,35.66,4.06,47.3,100,16.6,0,941800,4358,21.6,5,197,119,43,,,Satellite,Unverified
1436,Jaipur,Rajasthan,Tourist,2023-08-02,2023,8,Wednesday,Monsoon,3046163,89.4,39.82,65.05,72.69,29.05,3.71,29.76,45.08,29.1,75.4,7.1,7.4,627317,2462,14.2,17,106,64,21,,,State PCB,Auto
1437,Indore,Madhya Pradesh,Commercial,2023-11-04,2023,11,Saturday,Winter,1994397,143.4,48.87,121.15,126.19,13.23,19.32,102.69,32.57,30.6,74.4,5.7,0,438911,3117,29.8,9,125,86,36,,,Satellite,Auto
1438,Jodhpur,Rajasthan,Tourist,2023-12-02,2023,12,Saturday,Winter,1137815,149.9,85.49,76.74,139.6,32.48,10.91,106.58,10.58,24.6,40.8,7.4,1.3,260126,799,33.9,15,96,55,17,,,Satellite,Unverified
1439,Rajkot,Gujarat,Industrial,2022-09-03,2022,9,Saturday,Monsoon,1286995,63.8,30.68,46.01,53.11,40.96,4.78,122.57,8.62,28.1,100,19.6,0,419136,2371,9.2,16,59,34,9,,,Satellite,Verified
1440,Kolkata,West Bengal,Urban,2022-09-26,2022,9,Monday,Monsoon,4496694,89.5,36.92,69.47,28.57,42.51,4.11,146.4,21.36,24.0,30.8,18.3,0,1487380,3563,19.5,25,147,71,27,,,Satellite,Unverified
1441,Jaipur,Rajasthan,Tourist,2022-10-25,2022,10,Tuesday,Post-Monsoon,3046163,143.9,83.48,76.77,25.89,36.56,16.08,54.45,49.59,22.3,84.9,17.5,7.3,875473,3951,20.1,19,140,91,37,,,Satellite,Verified
1442,Hyderabad,Telangana,IT Hub,2023-10-02,2023,10,Monday,Post-Monsoon,6809970,296.2,125.1,237.23,96.7,21.63,4.98,70.36,9.72,42.3,40.6,8.0,0,2069105,6706,24.8,23,639,374,146,,,CPCB,Manual Entry
1442,Hyderabad,Telangana,IT Hub,2023-10-02,2023,10,Monday,Post-Monsoon,6809970,296.2,125.1,237.23,96.7,21.63,4.98,70.36,9.72,42.3,40.6,8.0,0,2069105,6706,24.8,23,639,374,146,,,CPCB,Manual Entry
1443,Mumbai,Maharashtra,Industrial,2023-05-31,2023,5,Wednesday,Summer,12478447,181.6,107.83,156.44,39.87,44.97,10.76,127.37,19.81,31.3,66.7,15.5,8.1,2396759,11267,28.6,6,806,425,209,,,Ground Sensor,Auto
1444,Ahmedabad,Gujarat,Industrial,2023-04-02,2023,4,Sunday,Summer,5570585,175.8,100.9,130.59,117.6,17.63,14.24,28.3,45.73,17.9,42.1,17.3,1.8,1404934,9883,9.1,8,411,174,97,,,State PCB,Unverified
1445,Chennai,Tamil Nadu,Coastal,2023-03-02,2023,3,Thursday,Summer,7088000,270.6,143.02,155.59,129.92,19.12,15.36,100.73,21.37,32.8,99.6,11.6,6.5,1411783,5379,33.1,20,763,508,144,,,Satellite,Verified
1446,Ranchi,Jharkhand,Industrial,2023-04-19,2023,4,Wednesday,Summer,1073440,122.5,59.5,98.66,85.76,72.69,12.55,78.85,43.88,37.5,99.7,9.0,0,243998,970,38.7,8,63,25,13,,,Ground Sensor,Verified
1447,Rajkot,Gujarat,Industrial,2022-12-29,2022,12,Thursday,Winter,1286995,140.7,71.95,117.79,127.94,81.41,12.87,79.4,16.86,25.7,38.9,13.2,7.8,385320,1818,25.0,21,95,44,19,,,State PCB,Auto
1448,Indore,Madhya Pradesh,Commercial,2023-03-21,2023,3,Tuesday,Summer,1994397,64.1,19.53,40.03,86.71,8.83,9.91,98.68,36.76,21.2,56.1,13.5,0,436933,1163,6.0,7,65,44,13,,,Ground Sensor,Auto
1449,Patna,Bihar,Administrative,2022-01-16,2022,1,Sunday,Winter,1684222,231.0,94.07,178.03,153.71,48.24,19.11,62.46,5.01,21.4,63.2,13.8,0,350458,1187,26.1,7,150,89,43,,,Satellite,Manual Entry
1450,Delhi,Delhi,Urban,2023-05-29,2023,5,Monday,Summer,16787941,142.9,57.84,116.4,87.62,32.04,6.51,63.73,40.25,22.3,42.5,2.7,2.9,4707685,9352,42.1,13,959,640,276,,,State PCB,Auto
1451,Jodhpur,Rajasthan,Tourist,2022-09-16,2022,9,Friday,Monsoon,1137815,33.7,17.46,26.66,69.37,22.33,2.23,142.61,46.97,23.1,58.7,0.7,0,368389,656,39.1,18,41,26,10,,,State PCB,Manual Entry
1452,Coimbatore,Tamil Nadu,Industrial,2023-12-04,2023,12,Monday,Winter,1061447,248.4,131.2,222.74,64.47,24.02,16.67,71.66,13.48,41.7,25.0,10.2,0.5,201927,887,7.4,11,86,41,18,,,Satellite,Verified
1453,Bangalore,Karnataka,IT Hub,2022-10-17,2022,10,Monday,Post-Monsoon,8443675,741.3,82.66,178.62,41.22,68.53,6.53,111.93,10.88,,97.8,7.6,0,1751000,7822,11.7,11,417,183,89,,,CPCB,Auto
1454,Faridabad,Haryana,Industrial,2022-09-09,2022,9,Friday,Monsoon,1394000,119.5,43.18,102.05,13.79,33.41,5.79,84.48,22.99,,56.1,28.5,0,462567,1091,33.5,22,35,19,6,,,CPCB,Auto
1455,Delhi,Delhi,Urban,2022-09-09,2022,9,Friday,Monsoon,16787941,120.3,65.11,71.31,49.13,24.77,3.43,88.79,15.77,42.3,28.4,17.2,0,4953906,24270,27.1,4,966,411,213,,,CPCB,Verified
1456,Coimbatore,Tamil Nadu,Industrial,2022-09-04,2022,9,Sunday,Monsoon,1061447,123.5,71.51,85.74,88.06,56.16,5.8,79.5,23.73,28.5,80.7,12.6,0,247206,1085,41.0,19,67,44,12,,,Satellite,Manual Entry
1457,Pune,Maharashtra,Industrial,2023-01-02,2023,1,Monday,Winter,3124458,198.6,66.01,103.32,72.8,28.45,7.1,46.71,41.31,15.3,28.5,9.7,5.0,662574,5996,7.8,23,141,71,36,,,Satellite,Verified
1458,Indore,Madhya Pradesh,Commercial,2022-01-24,2022,1,Monday,Winter,1994397,270.7,92.84,162.45,80.55,91.03,9.28,70.12,14.79,36.9,77.5,20.0,6.2,462641,2514,44.1,12,161,69,46,,,State PCB,Manual Entry
1459,Varanasi,Uttar Pradesh,Tourist,2022-05-20,2022,5,Friday,Summer,1198491,24.1,13.65,16.4,17.6,53.61,1.41,93.68,41.43,32.8,76.0,9.3,0,366605,1992,35.7,8,25,14,5,,,State PCB,Manual Entry
1459,Varanasi,Uttar Pradesh,Tourist,2022-05-20,2022,5,Friday,Summer,1198491,24.1,13.65,16.4,17.6,53.61,1.41,93.68,41.43,32.8,76.0,9.3,0,366605,1992,35.7,8,25,14,5,,,State PCB,Manual Entry
1460,Patna,Bihar,Administrative,2022-09-15,2022,9,Thursday,Monsoon,1684222,100.0,54.75,50.25,28.77,58.23,2.22,133.49,48.94,23.6,83.7,5.2,0,397711,2089,35.5,22,57,23,13,,,CPCB,Verified
1461,Jodhpur,Rajasthan,Tourist,2023-12-03,2023,12,Sunday,Winter,1137815,,97.36,169.74,20.7,105.0,14.49,49.71,25.01,29.1,10.6,20.1,0,380359,1759,23.5,25,62,37,15,,,Ground Sensor,Unverified
1462,Jaipur,Rajasthan,Tourist,2023-12-19,2023,12,Tuesday,Winter,3046163,195.5,73.2,130.08,48.12,38.3,15.85,96.36,7.25,26.1,56.6,9.6,3.8,715891,2334,33.5,24,152,90,39,,,State PCB,Auto
1463,Bhopal,Madhya Pradesh,Administrative,2023-12-05,2023,12,Tuesday,Winter,1795648,134.8,76.81,85.66,27.91,44.28,1.76,137.95,20.17,30.8,57.0,7.7,4.5,534630,1880,21.6,21,86,45,23,,,CPCB,Unverified
1464,Patna,Bihar,Administrative,2022-09-02,2022,9,Friday,Monsoon,1684222,65.3,19.88,47.52,38.07,10.47,4.87,132.27,4.52,33.3,64.8,17.2,14.6,377831,1780,21.2,21,30,13,6,,,State PCB,Auto
1465,Jodhpur,Rajasthan,Tourist,2023-08-05,2023,8,Saturday,Monsoon,1137815,94.9,41.29,75.47,33.23,50.97,7.98,70.42,24.82,24.9,81.6,12.2,0,322124,1265,7.3,8,37,21,10,,,CPCB,Manual Entry
1466,Rajkot,Gujarat,Industrial,2022-07-29,2022,7,Friday,Monsoon,1286995,33.1,19.77,18.95,36.17,35.44,1.23,52.56,12.52,38.5,70.0,10.8,1.1,388856,662,29.2,21,34,15,5,,,Ground Sensor,Unverified
1467,Indore,Madhya Pradesh,Commercial,2023-11-30,2023,11,Thursday,Winter,1994397,282.3,139.88,235.66,69.87,43.32,17.19,20.58,39.62,28.6,62.8,14.3,4.9,428864,3201,16.6,22,178,91,43,,,CPCB,Verified
1468,Faridabad,Haryana,Industrial,2022-11-02,2022,11,Wednesday,Winter,1394000,289.0,148.27,169.61,128.65,56.22,1.07,117.81,16.12,17.5,28.9,10.6,0,341194,2261,18.7,16,,88,26,,,State PCB,Verified
1469,Ahmedabad,Gujarat,Industrial,2023-07-08,2023,7,Saturday,Monsoon,5570585,157.3,47.36,131.73,78.2,41.58,8.2,62.84,33.64,24.3,65.7,16.9,10.5,1872503,10871,42.2,19,349,213,57,,,Ground Sensor,Auto
1470,Faridabad,Haryana,Industrial,2023-09-10,2023,9,Sunday,Monsoon,1394000,193.4,95.01,129.49,39.94,25.82,8.21,100.17,24.53,31.6,31.0,11.6,25.1,328262,1774,24.7,4,74,33,21,,,Satellite,Verified
1471,Ghaziabad,Uttar Pradesh,Industrial,2022-08-19,2022,8,Friday,Monsoon,1636068,760.7,81.68,107.31,59.72,14.88,8.45,105.82,8.61,,78.3,15.7,0,486031,1835,37.5,10,106,60,21,,,Ground Sensor,Verified
1472,Indore,Madhya Pradesh,Commercial,2022-03-10,2022,3,Thursday,Summer,1994397,227.1,95.25,127.35,113.76,56.86,13.24,98.47,25.52,39.2,77.2,20.1,3.8,529459,1503,16.1,17,133,81,26,,,Ground Sensor,Manual Entry
1473,Coimbatore,Tamil Nadu,Industrial,2022-04-02,2022,4,Saturday,Summer,1061447,130.9,48.93,103.44,60.39,34.54,7.15,65.03,25.9,48.2,58.5,8.9,0,260844,1867,27.5,3,53,31,13,,,State PCB,Manual Entry
1474,Vadodara,Gujarat,Industrial,2022-09-27,2022,9,Tuesday,Monsoon,1670806,67.2,33.7,53.64,28.62,52.03,5.36,128.38,49.35,24.8,65.2,10.2,29.7,453004,1930,40.3,4,60,24,15,,,CPCB,Manual Entry
1475,Agra,Uttar Pradesh,Tourist,2022-12-21,2022,12,Wednesday,Winter,1585704,,33.58,51.92,93.4,21.87,4.93,110.61,48.68,29.6,41.4,19.4,0,336178,2712,11.2,17,91,52,17,,,Ground Sensor,Verified
1476,Vadodara,Gujarat,Industrial,2022-12-02,2022,12,Friday,Winter,1670806,144.5,73.93,100.73,20.4,105.29,3.46,106.96,2.42,20.8,68.9,8.7,0,567688,1086,29.7,15,79,31,22,,,Ground Sensor,Unverified
1477,Indore,Madhya Pradesh,Commercial,2022-06-17,2022,6,Friday,Monsoon,1994397,76.1,44.4,44.13,44.11,20.36,3.1,49.09,44.9,22.1,77.6,9.3,6.7,572227,1004,16.5,9,70,45,15,,,Ground Sensor,Auto
1478,Delhi,Delhi,Urban,2022-11-22,2022,11,Tuesday,Winter,16787941,172.5,62.16,103.08,74.44,83.21,0.81,143.02,49.73,42.8,57.3,18.3,0,5151628,14464,25.1,20,1211,758,275,,,State PCB,Manual Entry
1479,Pune,Maharashtra,Industrial,2022-04-07,2022,4,Thursday,Summer,3124458,120.1,40.93,88.35,32.31,74.73,7.24,61.11,49.24,30.9,18.2,9.0,0,836310,2995,38.3,22,156,98,32,,,CPCB,Verified
1480,Mumbai,Maharashtra,Industrial,2022-03-14,2022,3,Monday,Summer,12478447,221.1,130.41,192.37,65.54,48.32,15.51,53.49,22.61,22.0,60.8,7.6,0,2763751,13761,6.3,22,1104,713,270,,,State PCB,Verified
1481,Coimbatore,Tamil Nadu,Industrial,2023-06-28,2023,6,Wednesday,Monsoon,1061447,142.5,56.35,104.05,48.57,33.21,1.94,46.15,1.65,23.0,100,7.6,2.0,334145,809,28.3,4,51,21,15,,,Satellite,Manual Entry
1482,Ranchi,Jharkhand,Industrial,2022-01-15,2022,1,Saturday,Winter,1073440,141.0,66.74,74.07,41.94,66.3,13.32,115.98,29.89,25.7,58.1,7.7,1.4,292170,1257,6.5,23,56,30,15,,,State PCB,Manual Entry
1483,Jodhpur,Rajasthan,Tourist,2022-03-14,2022,3,Monday,Summer,1137815,97.9,55.61,79.5,111.61,6.88,3.94,99.55,48.71,18.6,52.3,10.0,6.8,331014,605,32.6,21,55,25,10,,,Ground Sensor,Verified
1483,Jodhpur,Rajasthan,Tourist,2022-03-14,2022,3,Monday,Summer,1137815,97.9,55.61,79.5,111.61,6.88,3.94,99.55,48.71,18.6,52.3,10.0,6.8,331014,605,32.6,21,55,25,10,,,Ground Sensor,Verified
1484,Faridabad,Haryana,Industrial,2023-11-12,2023,11,Sunday,Winter,1394000,222.7,104.13,165.39,131.54,98.83,1.9,40.29,48.54,35.0,59.0,10.6,1.4,370235,2270,21.7,15,125,75,18,,,Ground Sensor,Verified
1485,Agra,Uttar Pradesh,Tourist,2023-10-21,2023,10,Saturday,Post-Monsoon,1585704,209.8,92.68,182.88,61.9,36.74,15.92,28.34,46.25,39.8,52.4,23.3,0,383412,2444,12.1,17,95,44,19,,,Satellite,Unverified
1486,Ranchi,Jharkhand,Industrial,2022-11-27,2022,11,Sunday,Winter,1073440,190.7,65.2,127.34,143.92,70.37,20.33,111.94,41.0,25.5,67.0,21.9,0,250642,1233,18.8,13,111,70,25,,,Satellite,Auto
1487,Bhopal,Madhya Pradesh,Administrative,2022-02-07,2022,2,Monday,Winter,1795648,165.9,70.36,140.4,166.45,7.97,13.05,46.3,37.03,25.7,99.6,11.4,1.7,537676,1375,14.9,23,149,82,31,,,Satellite,Auto
1488,Pune,Maharashtra,Industrial,2023-12-06,2023,12,Wednesday,Winter,3124458,263.0,97.92,153.23,97.23,22.83,6.8,146.3,18.62,26.7,77.3,14.3,1.5,1021097,5657,30.5,15,264,173,76,,,CPCB,Unverified
1489,Faridabad,Haryana,Industrial,2022-06-20,2022,6,Monday,Monsoon,1394000,228.8,119.37,197.51,45.78,24.99,7.61,117.17,20.09,21.7,84.5,23.7,0,388369,1664,12.2,9,108,58,27,,,CPCB,Unverified
1490,Varanasi,Uttar Pradesh,Tourist,2023-07-24,2023,7,Monday,Monsoon,1198491,93.4,37.67,83.8,46.24,46.36,8.55,110.36,21.25,48.2,94.8,13.1,12.1,340156,920,33.5,8,49,23,13,,,State PCB,Unverified
1491,Visakhapatnam,Andhra Pradesh,Coastal,2023-12-15,2023,12,Friday,Winter,1728128,692.7,218.35,239.13,67.67,78.95,5.79,115.2,45.66,,48.3,16.2,0,491126,1689,8.4,3,266,177,76,,,Ground Sensor,Unverified
1492,Mumbai,Maharashtra,Industrial,2022-07-27,2022,7,Wednesday,Monsoon,12478447,175.7,100.38,98.98,19.93,30.46,3.92,59.36,31.01,24.9,80.3,-4.4,0,3052871,14531,22.5,7,660,421,156,,,Satellite,Verified
1493,Visakhapatnam,Andhra Pradesh,Coastal,2023-03-04,2023,3,Saturday,Summer,1728128,178.2,101.97,111.48,46.35,57.07,5.3,70.26,34.58,36.8,19.8,10.2,0,480463,3070,31.0,12,122,55,29,,,State PCB,Auto
1494,Pune,Maharashtra,Industrial,2022-03-21,2022,3,Monday,Summer,3124458,133.1,55.76,79.54,114.08,29.71,1.22,80.98,37.47,32.5,57.7,12.5,0,672609,5735,16.4,24,186,77,50,,,CPCB,Verified
1495,Patna,Bihar,Administrative,2022-09-03,2022,9,Saturday,Monsoon,1684222,95.9,35.19,86.24,10.35,56.78,1.04,143.6,5.8,39.6,30.9,17.4,0,581201,2166,35.0,20,47,23,7,,,Ground Sensor,Auto
1496,Bangalore,Karnataka,IT Hub,2022-06-16,2022,6,Thursday,Monsoon,8443675,147.3,83.72,94.36,70.51,9.61,0.39,60.59,21.92,40.6,67.3,13.5,0,2581750,14232,21.8,3,425,219,64,,,Ground Sensor,Manual Entry
1497,Agra,Uttar Pradesh,Tourist,2023-11-07,2023,11,Tuesday,Winter,1585704,134.9,66.12,73.14,140.72,46.87,17.36,137.2,14.6,36.2,80.2,10.6,0,363033,3139,41.4,16,153,71,41,,,State PCB,Manual Entry
1498,Bangalore,Karnataka,IT Hub,2022-08-05,2022,8,Friday,Monsoon,8443675,60.5,32.21,44.11,36.09,45.52,9.59,21.82,4.74,44.6,78.8,8.1,0,2404865,8969,18.8,3,245,146,37,,,Ground Sensor,Auto
1499,Kolkata,West Bengal,Urban,2022-09-16,2022,9,Friday,Monsoon,4496694,68.4,25.07,39.63,17.57,46.72,3.15,94.74,16.52,26.5,58.7,22.9,21.1,1471688,6936,5.2,8,104,65,18,,,CPCB,Manual Entry
1500,Faridabad,Haryana,Industrial,2023-11-01,2023,11,Wednesday,Winter,1394000,333.7,118.23,234.78,146.37,78.41,3.52,129.82,43.77,24.1,57.0,14.5,0,352847,1395,34.5,25,122,60,19,,,CPCB,Unverified
1501,Jodhpur,Rajasthan,Tourist,2023-09-08,2023,9,Friday,Monsoon,1137815,93.6,51.08,72.58,21.42,6.33,8.59,83.22,30.42,30.6,73.8,2.3,5.7,390552,1073,32.2,10,37,25,10,,,Ground Sensor,Manual Entry
1502,Jaipur,Rajasthan,Tourist,2022-08-04,2022,8,Thursday,Monsoon,3046163,127.3,60.95,93.78,20.23,44.89,8.61,115.86,1.94,28.3,64.6,8.1,11.1,598037,4066,6.9,13,135,87,32,,,Satellite,Verified
1503,Ludhiana,Punjab,Industrial,2022-10-06,2022,10,Thursday,Post-Monsoon,1618879,228.9,102.71,124.15,89.16,81.26,2.65,36.28,11.36,24.3,50.6,12.2,0,370917,1952,23.9,18,155,88,39,,,CPCB,Verified
1504,Pune,Maharashtra,Industrial,2023-12-29,2023,12,Friday,Winter,3124458,123.8,46.65,81.42,118.66,59.93,6.32,143.25,20.41,23.8,39.5,13.3,4.2,710136,3335,20.8,4,204,81,34,,,Ground Sensor,Manual Entry
1505,Kolkata,West Bengal,Urban,2022-06-01,2022,6,Wednesday,Monsoon,4496694,117.0,35.15,78.9,56.52,31.94,2.05,129.23,7.51,28.2,13.0,9.0,4.0,974481,3914,29.3,25,165,85,28,,,Ground Sensor,Manual Entry
1506,Bangalore,Karnataka,IT Hub,2023-12-08,2023,12,Friday,Winter,8443675,176.7,101.67,117.94,58.61,65.69,1.74,106.64,5.83,31.0,81.3,16.7,2.5,1895404,12423,40.5,8,502,251,112,,,State PCB,Unverified
1507,Mumbai,Maharashtra,Industrial,2022-08-03,2022,8,Wednesday,Monsoon,12478447,164.9,67.16,121.96,18.69,43.02,9.61,25.43,33.02,24.3,72.8,11.6,0,3238881,10670,29.8,22,590,241,95,,,Satellite,Auto
1508,Surat,Gujarat,Industrial,2022-10-06,2022,10,Thursday,Post-Monsoon,4467797,106.3,55.11,61.74,126.76,46.46,8.66,55.81,29.83,20.2,42.6,5.6,3.5,1262314,4677,24.2,17,370,256,74,,,Ground Sensor,Verified
1509,Ludhiana,Punjab,Industrial,2022-02-02,2022,2,Wednesday,Winter,1618879,,42.5,72.18,45.66,101.19,11.69,130.36,29.45,16.2,81.4,8.6,0.9,321535,2447,16.1,9,105,51,25,,,State PCB,Verified
1509,Ludhiana,Punjab,Industrial,2022-02-02,2022,2,Wednesday,Winter,1618879,,42.5,72.18,45.66,101.19,11.69,130.36,29.45,16.2,81.4,8.6,0.9,321535,2447,16.1,9,105,51,25,,,State PCB,Verified
1510,Srinagar,Jammu & Kashmir,Tourist,2023-03-06,2023,3,Monday,Summer,1180570,16.1,9.35,10.51,108.92,62.77,9.31,28.67,48.47,33.5,74.4,5.3,6.8,364658,1694,11.6,21,70,38,20,,,CPCB,Auto
1511,Mumbai,Maharashtra,Industrial,2023-10-16,2023,10,Monday,Post-Monsoon,12478447,242.5,111.32,130.97,103.83,66.96,10.35,63.52,19.03,22.4,63.1,10.7,0,3212883,14031,43.8,3,958,475,224,,,CPCB,Auto
1512,Ludhiana,Punjab,Industrial,2023-09-30,2023,9,Saturday,Monsoon,1618879,113.6,58.25,95.27,29.86,20.93,0.43,117.02,14.31,22.7,64.1,6.4,15.6,528477,1108,22.8,22,68,33,18,,,Ground Sensor,Unverified
1513,Hyderabad,Telangana,IT Hub,2023-07-30,2023,7,Sunday,Monsoon,6809970,106.0,47.81,91.11,69.31,20.93,5.31,46.8,14.1,40.6,59.0,3.2,0,1398524,12228,24.2,9,257,168,74,,,Ground Sensor,Manual Entry
1514,Jaipur,Rajasthan,Tourist,2023-04-02,2023,4,Sunday,Summer,3046163,136.8,78.01,93.62,78.8,86.22,11.19,114.52,47.78,20.4,52.6,12.2,6.8,645413,4205,7.2,16,252,127,64,,,Ground Sensor,Auto
1515,Kolkata,West Bengal,Urban,2023-07-26,2023,7,Wednesday,Monsoon,4496694,121.0,48.07,95.12,7.67,39.48,5.55,140.69,35.33,27.1,100,15.2,17.2,1415808,2563,20.9,18,113,75,23,,,State PCB,Auto
1516,Ludhiana,Punjab,Industrial,2022-01-01,2022,1,Saturday,Winter,1618879,10,5.64,7.3,122.82,79.3,2.78,75.9,37.32,37.3,50.6,17.5,2.0,566492,1922,16.8,19,96,55,14,,,CPCB,Auto
1517,Srinagar,Jammu & Kashmir,Tourist,2023-02-21,2023,2,Tuesday,Winter,1180570,712.8,52.76,66.67,147.15,96.06,9.6,38.7,18.04,,67.7,0.2,0,327813,1154,10.0,16,95,49,26,,,Ground Sensor,Unverified
1518,Meerut,Uttar Pradesh,Industrial,2022-02-15,2022,2,Tuesday,Winter,1309023,147.9,45.32,114.98,30.55,81.55,14.97,24.27,40.84,20.2,54.3,13.4,0.7,429417,1579,31.9,25,48,21,12,,,Ground Sensor,Auto
1519,Nagpur,Maharashtra,Commercial,2022-11-27,2022,11,Sunday,Winter,2405665,,,151.32,50.08,73.67,6.34,101.54,32.94,25.0,40.8,8.1,0,524489,1804,23.7,24,235,146,67,,,CPCB,Unverified
1520,Visakhapatnam,Andhra Pradesh,Coastal,2022-02-02,2022,2,Wednesday,Winter,1728128,,,155.03,133.47,53.58,12.03,141.6,33.02,25.5,45.9,15.7,2.1,343441,1172,19.6,18,155,108,31,,,State PCB,Manual Entry
1521,Delhi,Delhi,Urban,2023-07-30,2023,7,Sunday,Monsoon,16787941,78.3,32.85,54.58,73.32,20.02,1.75,44.82,46.49,15.0,40.3,19.4,1.2,4260497,12758,40.0,10,832,472,199,,,CPCB,Verified
1522,Nagpur,Maharashtra,Commercial,2023-10-26,2023,10,Thursday,Post-Monsoon,2405665,193.6,61.74,103.58,117.64,91.63,15.78,78.08,47.65,38.9,83.6,15.6,0,673474,1989,15.7,11,229,103,61,,,Satellite,Verified
1523,Varanasi,Uttar Pradesh,Tourist,2022-03-09,2022,3,Wednesday,Summer,1198491,154.7,75.37,107.8,94.21,14.74,15.51,74.19,5.37,26.7,79.2,6.0,9.6,379646,1375,38.9,11,71,31,12,,,Ground Sensor,Verified
1524,Amritsar,Punjab,Tourist,2023-11-24,2023,11,Friday,Winter,1132761,10,3.01,6.08,120.41,24.62,15.33,29.4,28.36,26.6,55.1,22.3,0,330664,984,35.6,23,56,38,13,,,CPCB,Unverified
1525,Jodhpur,Rajasthan,Tourist,2023-02-16,2023,2,Thursday,Winter,1137815,127.8,58.1,88.82,156.6,33.22,15.47,87.76,1.89,13.6,56.6,11.3,0.6,369755,2120,12.7,12,92,51,17,,,CPCB,Manual Entry
1526,Delhi,Delhi,Urban,2023-07-21,2023,7,Friday,Monsoon,16787941,108.2,55.87,56.17,38.57,57.12,2.78,144.44,26.39,24.7,69.5,6.3,11.4,4833413,32604,33.1,21,905,633,148,,,CPCB,Unverified
1527,Meerut,Uttar Pradesh,Industrial,2022-03-18,2022,3,Friday,Summer,1309023,66.5,23.14,58.64,46.16,40.99,7.7,74.86,13.66,23.5,59.6,8.2,0,361574,2350,37.3,22,40,17,8,,,Satellite,Manual Entry
1528,Agra,Uttar Pradesh,Tourist,2022-03-18,2022,3,Friday,Summer,1585704,177.4,99.12,99.27,40.61,12.02,14.0,116.86,19.1,21.5,78.3,10.9,0,490033,1722,8.9,3,89,58,20,,,Satellite,Verified
1528,Agra,Uttar Pradesh,Tourist,2022-03-18,2022,3,Friday,Summer,1585704,177.4,99.12,99.27,40.61,12.02,14.0,116.86,19.1,21.5,78.3,10.9,0,490033,1722,8.9,3,89,58,20,,,Satellite,Verified
1529,Jodhpur,Rajasthan,Tourist,2023-07-20,2023,7,Thursday,Monsoon,1137815,132.9,43.6,76.33,15.65,15.99,9.8,67.33,42.15,24.1,64.2,5.2,0,302291,591,17.5,4,27,14,6,,,Satellite,Manual Entry
1530,Meerut,Uttar Pradesh,Industrial,2022-10-13,2022,10,Thursday,Post-Monsoon,1309023,215.9,119.23,166.31,74.55,53.74,10.42,140.62,7.12,32.0,78.8,7.6,3.6,279272,1381,23.3,25,133,69,22,,,State PCB,Auto
1531,Vadodara,Gujarat,Industrial,2022-08-30,2022,8,Tuesday,Monsoon,1670806,119.6,48.11,103.15,17.63,15.33,8.42,111.48,49.97,30.5,87.7,10.2,0,513318,3218,39.0,7,40,27,11,,,CPCB,Verified
1532,Ranchi,Jharkhand,Industrial,2023-04-11,2023,4,Tuesday,Summer,1073440,157.4,70.7,121.39,14.24,16.22,5.27,132.78,1.87,27.9,30.6,7.7,0,233951,1124,30.7,25,34,14,9,,,CPCB,Verified
1533,Amritsar,Punjab,Tourist,2022-08-11,2022,8,Thursday,Monsoon,1132761,109.4,55.78,90.86,43.07,41.04,5.02,80.93,29.08,33.4,80.0,13.9,0,253388,1385,8.9,24,54,33,13,,,Satellite,Verified
1534,Vadodara,Gujarat,Industrial,2022-08-24,2022,8,Wednesday,Monsoon,1670806,17.1,7.73,10.22,46.13,35.13,4.66,123.01,32.48,16.1,70.3,14.2,0,483764,1307,18.0,21,50,33,8,,,State PCB,Unverified
1535,Jaipur,Rajasthan,Tourist,2022-05-12,2022,5,Thursday,Summer,3046163,77.4,34.3,62.54,66.17,26.31,7.66,64.08,9.08,38.5,88.3,18.7,0,596590,5798,14.1,15,111,54,33,,,State PCB,Auto
1536,Rajkot,Gujarat,Industrial,2023-07-02,2023,7,Sunday,Monsoon,1286995,752.9,40.85,76.16,79.54,13.67,8.9,118.56,40.0,,77.5,8.5,0,360273,1725,22.9,18,54,29,12,,,State PCB,Unverified
1537,Visakhapatnam,Andhra Pradesh,Coastal,2022-12-15,2022,12,Thursday,Winter,1728128,188.0,59.49,168.53,157.79,39.6,2.35,74.56,33.59,39.5,43.6,5.6,0,441826,2036,27.8,16,154,64,46,,,Ground Sensor,Verified
1538,Ranchi,Jharkhand,Industrial,2022-08-19,2022,8,Friday,Monsoon,1073440,163.7,91.81,103.15,66.79,47.64,3.94,122.07,7.62,31.9,58.3,2.7,0,224773,2070,16.2,9,68,40,11,,,Ground Sensor,Unverified
1539,Nagpur,Maharashtra,Commercial,2023-11-22,2023,11,Wednesday,Winter,2405665,238.2,113.16,203.29,68.37,87.41,12.12,100.9,25.18,44.8,51.7,-4.0,0,495877,4324,9.9,3,173,71,44,,,Ground Sensor,Auto
1540,Agra,Uttar Pradesh,Tourist,2022-03-01,2022,3,Tuesday,Summer,1585704,154.3,64.6,96.91,49.94,32.18,5.98,52.94,29.55,28.1,54.1,10.0,0,455920,2658,5.1,11,97,39,21,,,Satellite,Auto
1541,Jodhpur,Rajasthan,Tourist,2022-07-07,2022,7,Thursday,Monsoon,1137815,88.8,39.54,68.34,60.39,53.06,8.21,96.58,20.31,,42.8,19.1,0,243178,645,23.6,13,65,28,10,,,State PCB,Manual Entry
1542,Pune,Maharashtra,Industrial,2022-08-29,2022,8,Monday,Monsoon,3124458,45.8,18.25,40.23,45.72,41.75,7.77,84.7,11.42,39.5,39.9,19.4,24.6,970883,4055,5.4,25,95,39,23,,,Ground Sensor,Verified
1543,Jaipur,Rajasthan,Tourist,2022-01-02,2022,1,Sunday,Winter,3046163,95.8,46.83,74.18,42.08,60.55,20.1,73.68,47.08,29.7,86.9,11.6,0,752511,5577,31.7,18,170,98,38,,,CPCB,Auto
1544,Kolkata,West Bengal,Urban,2022-06-24,2022,6,Friday,Monsoon,4496694,101.3,39.19,59.96,39.68,31.9,9.18,121.74,37.03,29.5,78.1,16.5,37.7,1457317,6112,22.8,15,176,117,35,,,Satellite,Verified
1545,Bhopal,Madhya Pradesh,Administrative,2023-07-28,2023,7,Friday,Monsoon,1795648,101.5,50.57,57.88,64.31,40.45,3.61,79.96,19.91,14.8,79.6,10.0,0,379205,1918,13.2,15,79,48,21,,,State PCB,Verified
1546,Ludhiana,Punjab,Industrial,2023-08-10,2023,8,Thursday,Monsoon,1618879,10,4.18,8.44,83.11,22.52,7.97,53.24,29.42,28.8,33.6,19.5,13.0,384114,2967,20.8,15,50,34,7,,,CPCB,Verified
1546,Ludhiana,Punjab,Industrial,2023-08-10,2023,8,Thursday,Monsoon,1618879,10,4.18,8.44,83.11,22.52,7.97,53.24,29.42,28.8,33.6,19.5,13.0,384114,2967,20.8,15,50,34,7,,,CPCB,Verified
1547,Meerut,Uttar Pradesh,Industrial,2022-09-10,2022,9,Saturday,Monsoon,1309023,134.0,64.48,86.54,20.71,55.61,10.02,119.5,30.19,19.2,47.8,5.7,11.1,249240,1362,24.0,8,59,33,15,,,Ground Sensor,Verified
1548,Surat,Gujarat,Industrial,2022-10-27,2022,10,Thursday,Post-Monsoon,4467797,144.0,78.71,99.54,18.55,17.46,4.9,120.87,41.44,23.1,62.5,15.1,0,1423498,5053,38.8,12,,75,41,,,Ground Sensor,Auto
1549,Chennai,Tamil Nadu,Coastal,2023-12-11,2023,12,Monday,Winter,7088000,179.0,60.98,133.02,24.38,34.92,14.92,104.0,4.09,16.0,40.8,12.1,0,2078865,13189,32.7,14,265,153,45,,,Satellite,Auto
1550,Varanasi,Uttar Pradesh,Tourist,2022-01-27,2022,1,Thursday,Winter,1198491,294.4,105.54,239.51,37.31,22.52,16.5,112.75,30.81,15.5,62.5,16.3,5.8,305136,1700,37.1,22,59,36,10,,,Satellite,Auto
1551,Hyderabad,Telangana,IT Hub,2023-02-25,2023,2,Saturday,Winter,6809970,152.5,69.83,95.16,127.58,34.94,6.32,66.79,2.66,21.2,20.9,12.3,7.7,2294695,4660,26.1,4,535,270,135,,,Ground Sensor,Manual Entry
1552,Nagpur,Maharashtra,Commercial,2022-11-14,2022,11,Monday,Winter,2405665,259.0,135.99,206.91,66.12,18.67,0.94,88.87,6.33,10.7,33.5,8.7,6.7,631972,2977,28.5,17,240,114,51,,,Ground Sensor,Auto
1553,Pune,Maharashtra,Industrial,2023-01-29,2023,1,Sunday,Winter,3124458,90.3,48.39,55.84,131.47,32.43,5.15,59.05,22.77,26.3,85.8,15.9,0.6,817098,5752,22.2,8,178,113,51,,,CPCB,Manual Entry
1554,Mumbai,Maharashtra,Industrial,2022-07-05,2022,7,Tuesday,Monsoon,12478447,104.2,48.43,78.73,27.7,59.27,0.92,145.27,6.65,34.5,55.7,17.1,0,2523091,14039,22.1,22,,361,134,,,Satellite,Auto
1555,Indore,Madhya Pradesh,Commercial,2022-08-30,2022,8,Tuesday,Monsoon,1994397,74.1,43.94,49.2,8.83,33.71,8.44,61.22,6.63,19.9,52.5,7.1,44.3,437598,2301,19.0,17,48,25,11,,,Satellite,Manual Entry
1556,Indore,Madhya Pradesh,Commercial,2022-04-30,2022,4,Saturday,Summer,1994397,146.6,70.89,88.14,42.76,84.54,12.08,141.25,4.16,42.3,24.6,16.6,0,444083,2423,10.7,19,108,57,18,,,Ground Sensor,Auto
1557,Kanpur,Uttar Pradesh,Industrial,2023-01-28,2023,1,Saturday,Winter,2920496,245.4,140.04,129.82,146.01,72.19,19.53,118.27,41.8,20.4,63.7,4.5,0,946878,2428,36.2,4,388,249,60,,,CPCB,Manual Entry
1558,Lucknow,Uttar Pradesh,Administrative,2022-12-26,2022,12,Monday,Winter,2815601,176.5,73.07,127.13,57.79,40.86,12.22,94.31,14.59,19.4,74.8,9.8,5.1,923106,1843,40.3,4,133,77,24,,,Ground Sensor,Manual Entry
1559,Ahmedabad,Gujarat,Industrial,2022-07-27,2022,7,Wednesday,Monsoon,5570585,140.4,57.78,114.64,79.83,24.47,10.65,60.79,45.44,19.4,47.2,6.8,0,1150844,4338,26.0,20,333,192,95,,,Satellite,Auto
1560,Visakhapatnam,Andhra Pradesh,Coastal,2023-10-30,2023,10,Monday,Post-Monsoon,1728128,179.6,91.67,123.99,37.13,82.67,7.99,26.16,46.67,24.5,34.6,14.2,3.5,565959,3055,44.8,19,111,63,27,,,Satellite,Verified
1561,Faridabad,Haryana,Industrial,2022-02-26,2022,2,Saturday,Winter,1394000,67.9,34.33,41.87,167.38,76.48,9.71,38.26,20.59,44.0,45.7,9.9,0,426383,2131,12.3,7,89,47,16,,,State PCB,Auto
1562,Visakhapatnam,Andhra Pradesh,Coastal,2022-06-12,2022,6,Sunday,Monsoon,1728128,74.5,22.69,55.74,62.83,45.25,5.0,35.74,23.48,34.5,48.8,19.2,25.2,588864,2010,33.7,21,60,35,13,,,Ground Sensor,Verified
1563,Visakhapatnam,Andhra Pradesh,Coastal,2023-11-19,2023,11,Sunday,Winter,1728128,18.9,8.5,9.49,64.72,40.12,4.77,91.58,1.11,30.7,78.8,7.0,0,439556,1426,34.6,3,59,30,15,,,State PCB,Verified
1564,Patna,Bihar,Administrative,2023-09-13,2023,9,Wednesday,Monsoon,1684222,75.0,40.03,53.53,33.7,34.55,6.39,121.58,41.57,30.6,76.3,23.0,0,431944,3058,43.4,21,59,26,11,,,CPCB,Unverified
1565,Bhopal,Madhya Pradesh,Administrative,2022-04-16,2022,4,Saturday,Summer,1795648,135.9,60.33,68.1,118.25,62.3,9.58,127.75,26.93,26.0,59.0,3.5,0,476414,3531,9.9,17,131,89,29,,,Ground Sensor,Auto
1566,Surat,Gujarat,Industrial,2023-11-14,2023,11,Tuesday,Winter,4467797,28.1,12.41,18.19,157.84,66.23,9.81,51.66,45.79,37.6,64.2,7.2,2.3,1370087,6514,19.2,3,364,198,90,,,State PCB,Manual Entry
1567,Rajkot,Gujarat,Industrial,2023-06-30,2023,6,Friday,Monsoon,1286995,64.0,31.69,50.87,52.72,5.2,6.25,61.62,16.94,22.8,64.5,7.0,6.2,310377,1555,42.6,3,33,18,5,,,CPCB,Manual Entry
1568,Delhi,Delhi,Urban,2023-04-24,2023,4,Monday,Summer,16787941,947.8,50.72,77.58,60.13,6.64,11.25,75.66,34.35,9.3,73.8,15.6,0,4268223,14209,31.2,4,627,383,135,,,Satellite,Manual Entry
1569,Vadodara,Gujarat,Industrial,2022-11-05,2022,11,Saturday,Winter,1670806,238.2,73.87,180.12,104.42,20.66,10.39,72.8,44.7,26.4,56.2,9.0,0,525030,2398,39.1,23,104,61,27,,,CPCB,Unverified
1570,Faridabad,Haryana,Industrial,2023-11-03,2023,11,Friday,Winter,1394000,104.3,43.9,72.45,148.11,38.96,7.3,86.3,37.45,34.4,35.7,12.7,1.7,436320,2312,30.9,22,120,72,22,,,Ground Sensor,Auto
1571,Rajkot,Gujarat,Industrial,2022-09-11,2022,9,Sunday,Monsoon,1286995,135.1,67.74,69.46,10.85,5.71,4.26,96.92,47.46,21.9,55.2,24.8,0,352023,2111,38.7,6,48,25,11,,,Ground Sensor,Verified
1572,Amritsar,Punjab,Tourist,2023-03-25,2023,3,Saturday,Summer,1132761,218.6,127.57,127.73,71.24,6.65,9.96,145.92,44.49,31.3,100,-4.8,2.6,375922,956,32.2,20,92,44,22,,,Ground Sensor,Manual Entry
1573,Surat,Gujarat,Industrial,2022-09-25,2022,9,Sunday,Monsoon,4467797,87.3,50.49,57.11,20.16,28.45,1.59,132.59,11.73,34.7,73.5,6.5,0,935005,8043,42.1,23,170,116,40,,,Satellite,Auto
1574,Jaipur,Rajasthan,Tourist,2023-01-08,2023,1,Sunday,Winter,3046163,208.3,97.76,146.3,134.68,19.57,19.05,104.76,5.39,28.7,47.8,18.0,2.0,692138,3271,35.8,17,,137,88,,,Ground Sensor,Manual Entry
1575,Delhi,Delhi,Urban,2022-09-29,2022,9,Thursday,Monsoon,16787941,92.9,35.18,50.33,22.79,18.44,10.91,108.68,25.51,20.7,39.9,14.5,0,3837506,33223,36.9,6,383,229,105,,,Ground Sensor,Verified
1576,Jaipur,Rajasthan,Tourist,2023-09-02,2023,9,Saturday,Monsoon,3046163,,,14.89,74.37,49.2,5.21,97.25,46.61,27.4,58.5,6.8,12.9,764197,4744,22.5,11,110,65,18,,,State PCB,Auto
1577,Rajkot,Gujarat,Industrial,2022-05-07,2022,5,Saturday,Summer,1286995,203.9,72.83,117.58,29.75,34.64,6.7,92.41,8.03,40.0,49.1,14.0,0,287632,880,28.0,14,66,33,18,,,State PCB,Manual Entry
1578,Ludhiana,Punjab,Industrial,2022-05-25,2022,5,Wednesday,Summer,1618879,179.8,73.76,154.78,71.9,10.6,14.98,104.14,26.75,22.6,61.5,12.9,1.9,399085,1308,13.5,19,70,41,17,,,State PCB,Unverified
1579,Patna,Bihar,Administrative,2023-04-27,2023,4,Thursday,Summer,1684222,162.4,56.45,97.29,29.71,39.28,7.71,139.07,22.05,23.7,100.0,8.3,5.1,448809,1154,43.8,23,74,36,15,,,Satellite,Unverified
1580,Coimbatore,Tamil Nadu,Industrial,2022-10-24,2022,10,Monday,Post-Monsoon,1061447,145.5,78.02,84.46,76.55,63.35,9.21,148.46,41.63,38.9,60.0,5.9,0,299966,1926,21.9,17,89,44,18,,,State PCB,Unverified
1581,Delhi,Delhi,Urban,2022-07-15,2022,7,Friday,Monsoon,16787941,95.6,30.85,52.53,66.34,47.46,9.88,82.88,30.25,24.3,74.2,18.6,0,4545872,13163,42.7,6,596,295,176,,,CPCB,Auto
1582,Nagpur,Maharashtra,Commercial,2022-10-14,2022,10,Friday,Post-Monsoon,2405665,146.4,54.86,81.09,19.7,16.73,10.99,85.1,41.99,27.7,57.9,3.7,8.0,462449,2478,24.4,6,89,53,16,,,State PCB,Manual Entry
1583,Faridabad,Haryana,Industrial,2022-03-30,2022,3,Wednesday,Summer,1394000,35.4,19.73,25.87,21.22,61.08,12.91,21.6,21.59,33.2,89.0,9.0,3.6,259895,992,17.4,18,46,27,12,,,State PCB,Unverified
1584,Srinagar,Jammu & Kashmir,Tourist,2022-12-11,2022,12,Sunday,Winter,1180570,,,161.03,161.58,51.76,13.72,142.56,39.04,36.5,34.0,24.8,2.0,270522,727,24.9,23,186,121,52,,,State PCB,Verified
1585,Delhi,Delhi,Urban,2023-08-01,2023,8,Tuesday,Monsoon,16787941,107.8,64.65,74.51,36.69,52.53,4.97,71.44,46.71,37.4,67.6,9.7,8.2,4138675,31812,22.7,10,904,406,175,,,State PCB,Verified
1586,Visakhapatnam,Andhra Pradesh,Coastal,2023-12-04,2023,12,Monday,Winter,1728128,213.6,82.05,123.67,16.76,72.01,12.94,144.03,2.28,27.5,96.6,15.7,0.7,427930,966,16.4,12,72,32,17,,,Satellite,Auto
1587,Agra,Uttar Pradesh,Tourist,2023-06-20,2023,6,Tuesday,Monsoon,1585704,56.5,29.09,47.31,58.32,7.3,2.2,49.69,6.74,25.6,70.8,2.8,0,332040,2160,15.2,6,55,24,14,,,State PCB,Manual Entry
1588,Bhopal,Madhya Pradesh,Administrative,2023-01-12,2023,1,Thursday,Winter,1795648,153.5,69.34,101.42,61.94,70.02,9.93,26.77,24.3,39.1,34.1,3.8,6.2,553236,1481,24.1,14,108,62,24,,,Satellite,Verified
1589,Jaipur,Rajasthan,Tourist,2022-12-11,2022,12,Sunday,Winter,3046163,,,269.24,69.57,8.43,15.76,117.2,48.5,26.0,55.5,14.5,5.0,623299,4402,28.5,19,235,110,48,,,State PCB,Unverified
1590,Ahmedabad,Gujarat,Industrial,2022-04-23,2022,4,Saturday,Summer,5570585,163.3,69.58,109.1,13.22,9.52,5.53,24.03,44.45,20.7,33.5,4.2,4.1,1009461,10605,7.2,21,165,74,48,,,Ground Sensor,Manual Entry
1591,Bangalore,Karnataka,IT Hub,2023-01-31,2023,1,Tuesday,Winter,8443675,148.5,62.29,129.87,49.59,46.81,6.64,137.54,47.72,28.4,62.3,2.9,1.9,1693656,14277,6.8,6,393,212,102,,,Satellite,Verified
1592,Vadodara,Gujarat,Industrial,2022-03-17,2022,3,Thursday,Summer,1670806,65.3,19.71,54.35,109.48,39.58,7.58,125.12,32.25,20.7,71.4,17.2,1.8,325464,2839,31.1,3,74,33,12,,,State PCB,Auto
1593,Bhopal,Madhya Pradesh,Administrative,2022-04-11,2022,4,Monday,Summer,1795648,223.7,70.77,148.95,100.84,7.29,5.25,41.79,10.47,34.4,45.6,9.9,6.7,500260,1886,33.5,24,90,45,15,,,Ground Sensor,Manual Entry
1594,Hyderabad,Telangana,IT Hub,2023-02-08,2023,2,Wednesday,Winter,6809970,248.8,109.32,215.23,110.16,102.56,19.47,97.32,36.0,27.3,33.7,17.6,2.2,2349690,6645,33.9,6,847,362,159,,,Satellite,Manual Entry
1595,Jodhpur,Rajasthan,Tourist,2022-11-09,2022,11,Wednesday,Winter,1137815,155.2,91.56,104.91,25.45,77.64,4.84,29.67,37.31,41.2,34.7,11.3,6.2,383158,1733,17.7,4,68,33,19,,,Ground Sensor,Verified
1596,Pune,Maharashtra,Industrial,2022-09-18,2022,9,Sunday,Monsoon,3124458,118.5,70.43,63.57,48.17,53.41,1.35,23.76,6.11,28.2,56.8,10.7,11.2,675654,2601,31.0,17,140,95,34,,,State PCB,Manual Entry
1597,Bhopal,Madhya Pradesh,Administrative,2023-08-25,2023,8,Friday,Monsoon,1795648,110.4,45.75,97.42,42.31,4.44,1.07,28.3,38.96,20.3,33.6,7.2,31.9,561669,2844,43.4,12,,43,15,,,Ground Sensor,Manual Entry
1598,Pune,Maharashtra,Industrial,2022-10-05,2022,10,Wednesday,Post-Monsoon,3124458,159.1,93.59,124.6,123.19,81.26,5.01,149.81,16.54,23.1,54.8,17.8,0,962308,2245,40.8,12,258,168,63,,,CPCB,Verified
1599,Patna,Bihar,Administrative,2023-06-08,2023,6,Thursday,Monsoon,1684222,110.3,41.77,57.59,50.28,57.15,6.87,65.2,31.77,25.6,69.7,-3.3,27.6,415084,1213,18.0,10,89,48,19,,,Satellite,Manual Entry
1600,Mumbai,Maharashtra,Industrial,2023-03-17,2023,3,Friday,Summer,12478447,792.9,106.72,105.73,94.61,23.09,16.19,140.7,6.11,29.5,64.9,20.9,0,3921456,18082,28.9,24,1113,449,249,,,Ground Sensor,Manual Entry
1601,Indore,Madhya Pradesh,Commercial,2023-01-20,2023,1,Friday,Winter,1994397,83.8,26.5,60.61,131.96,30.88,0.98,33.84,34.01,14.1,21.0,7.5,0,643050,1716,38.2,22,104,48,30,,,Ground Sensor,Auto
1602,Delhi,Delhi,Urban,2022-04-07,2022,4,Thursday,Summer,16787941,106.6,43.49,88.93,54.9,25.42,11.17,129.43,24.7,19.9,64.1,10.6,8.1,3633335,8860,20.9,21,821,356,163,,,Satellite,Verified
1603,Amritsar,Punjab,Tourist,2023-09-28,2023,9,Thursday,Monsoon,1132761,89.9,36.64,65.25,34.52,48.07,10.58,24.23,18.15,32.1,54.6,16.3,9.9,344457,1230,40.2,22,41,21,7,,,State PCB,Manual Entry
1604,Chennai,Tamil Nadu,Coastal,2023-03-13,2023,3,Monday,Summer,7088000,168.1,80.53,142.01,15.26,62.42,12.09,136.82,41.63,26.7,63.1,8.4,0,2351216,3819,7.2,19,450,314,117,,,CPCB,Verified
1605,Bangalore,Karnataka,IT Hub,2023-11-15,2023,11,Wednesday,Winter,8443675,190.4,104.04,130.25,103.72,70.28,18.53,39.31,41.47,31.2,72.6,16.7,2.7,2217543,5957,25.8,14,587,356,161,,,Ground Sensor,Verified
1606,Patna,Bihar,Administrative,2022-06-29,2022,6,Wednesday,Monsoon,1684222,73.6,43.24,44.5,23.13,48.25,5.78,112.09,10.24,16.5,68.7,20.3,6.9,375993,3136,5.5,11,48,32,12,,,Ground Sensor,Unverified
1607,Jodhpur,Rajasthan,Tourist,2023-05-08,2023,5,Monday,Summer,1137815,212.8,80.49,137.86,72.49,10.9,11.86,57.37,17.78,39.7,55.9,15.2,1.0,390354,1923,41.3,21,58,38,14,,,Ground Sensor,Auto
1608,Agra,Uttar Pradesh,Tourist,2023-12-25,2023,12,Monday,Winter,1585704,121.5,60.94,69.62,46.47,68.42,9.91,48.93,36.36,23.0,100,20.9,1.3,442584,995,7.9,23,79,34,22,,,CPCB,Verified
1609,Bhopal,Madhya Pradesh,Administrative,2022-12-03,2022,12,Saturday,Winter,1795648,153.1,54.54,134.42,118.17,25.7,5.98,146.66,14.67,14.3,54.5,9.7,7.3,354837,1466,11.8,4,135,59,24,,,State PCB,Manual Entry
1610,Jodhpur,Rajasthan,Tourist,2023-12-22,2023,12,Friday,Winter,1137815,237.7,138.44,190.83,124.81,38.96,12.57,128.39,13.18,21.0,84.4,12.6,0,390263,918,9.5,20,126,55,36,,,Ground Sensor,Verified
1611,Visakhapatnam,Andhra Pradesh,Coastal,2022-01-07,2022,1,Friday,Winter,1728128,307.8,149.36,253.63,46.21,14.1,2.87,50.15,46.34,31.7,45.8,10.3,0,542192,2948,44.4,17,141,64,34,,,State PCB,Verified
1612,Kolkata,West Bengal,Urban,2022-08-17,2022,8,Wednesday,Monsoon,4496694,109.4,54.87,79.89,40.14,20.97,4.36,60.12,22.54,19.6,10,13.3,38.1,1511325,4419,41.7,20,218,121,60,,,CPCB,Verified
1613,Varanasi,Uttar Pradesh,Tourist,2023-07-23,2023,7,Sunday,Monsoon,1198491,106.4,57.8,77.22,69.05,32.86,3.88,124.78,7.68,33.5,51.4,4.2,9.8,371340,2327,7.8,14,63,39,11,,,Satellite,Verified
1614,Surat,Gujarat,Industrial,2022-08-29,2022,8,Monday,Monsoon,4467797,99.8,53.02,65.09,41.83,53.91,1.04,135.72,35.21,30.0,70.0,24.7,21.5,1553791,7049,28.6,13,228,159,68,,,CPCB,Unverified
1614,Surat,Gujarat,Industrial,2022-08-29,2022,8,Monday,Monsoon,4467797,99.8,53.02,65.09,41.83,53.91,1.04,135.72,35.21,30.0,70.0,24.7,21.5,1553791,7049,28.6,13,228,159,68,,,CPCB,Unverified
1615,Kanpur,Uttar Pradesh,Industrial,2023-06-14,2023,6,Wednesday,Monsoon,2920496,129.7,70.31,85.16,75.82,28.99,7.91,36.51,22.15,34.6,57.1,18.8,23.5,982942,1725,31.4,3,167,83,28,,,State PCB,Auto
1616,Faridabad,Haryana,Industrial,2023-03-28,2023,3,Tuesday,Summer,1394000,242.4,118.13,132.81,13.93,42.65,3.08,136.66,36.68,21.4,44.3,18.1,0,256298,1186,44.1,6,95,57,14,,,Ground Sensor,Manual Entry
1617,Jaipur,Rajasthan,Tourist,2022-11-26,2022,11,Saturday,Winter,3046163,10,4.34,8.99,121.34,63.56,2.31,114.79,13.91,35.8,65.2,12.0,0.5,1044277,3175,32.6,13,130,86,26,,,Satellite,Verified
1618,Coimbatore,Tamil Nadu,Industrial,2022-06-28,2022,6,Tuesday,Monsoon,1061447,,,87.34,60.79,48.69,6.92,97.58,12.89,29.6,58.0,12.8,16.4,304321,1013,20.5,18,36,22,8,,,CPCB,Manual Entry
1619,Faridabad,Haryana,Industrial,2022-10-06,2022,10,Thursday,Post-Monsoon,1394000,215.6,98.28,108.3,18.47,9.62,5.71,22.92,35.95,25.8,59.4,17.7,0,438592,1315,19.5,3,83,53,16,,,State PCB,Manual Entry
1620,Nagpur,Maharashtra,Commercial,2023-03-12,2023,3,Sunday,Summer,2405665,101.3,34.47,68.6,18.32,85.21,9.01,110.57,30.52,27.7,51.4,8.3,0.9,797999,4062,7.4,24,86,38,21,,,Satellite,Verified
1621,Lucknow,Uttar Pradesh,Administrative,2022-09-04,2022,9,Sunday,Monsoon,2815601,173.4,74.85,144.8,77.65,47.39,3.17,102.15,34.5,40.0,24.2,13.3,29.8,823342,5116,6.6,10,213,138,35,,,State PCB,Unverified
1622,Kolkata,West Bengal,Urban,2023-08-21,2023,8,Monday,Monsoon,4496694,11.7,5.11,8.04,20.88,21.04,4.46,73.73,13.44,25.9,78.9,7.0,11.9,1534362,5655,8.4,24,70,31,17,,,State PCB,Verified
1623,Ranchi,Jharkhand,Industrial,2022-04-01,2022,4,Friday,Summer,1073440,209.7,117.24,157.89,43.89,67.04,11.41,119.77,46.74,16.8,34.0,6.7,1.9,324068,2113,17.0,19,66,43,18,,,Satellite,Verified
1624,Jodhpur,Rajasthan,Tourist,2022-01-06,2022,1,Thursday,Winter,1137815,98.5,46.51,61.42,66.32,86.88,11.75,136.62,12.5,38.4,55.1,8.9,0,348224,1935,35.1,18,66,26,19,,,Ground Sensor,Auto
1625,Faridabad,Haryana,Industrial,2022-09-18,2022,9,Sunday,Monsoon,1394000,125.7,45.47,89.55,34.03,19.17,1.98,34.5,5.88,20.8,50.1,11.3,18.0,356700,1620,21.0,4,54,28,13,,,CPCB,Verified
1626,Agra,Uttar Pradesh,Tourist,2022-07-14,2022,7,Thursday,Monsoon,1585704,134.2,76.24,75.87,76.68,10.85,6.65,104.32,11.32,12.8,72.8,1.8,5.8,289603,2680,9.7,23,89,58,17,,,Ground Sensor,Unverified
1627,Faridabad,Haryana,Industrial,2023-08-29,2023,8,Tuesday,Monsoon,1394000,53.1,22.56,27.55,32.5,19.36,5.22,145.58,45.92,15.8,75.9,11.8,0,451748,2672,35.0,25,,17,7,,,Satellite,Manual Entry
1628,Jaipur,Rajasthan,Tourist,2023-09-25,2023,9,Monday,Monsoon,3046163,133.1,51.19,100.6,72.2,42.67,9.92,61.69,40.8,33.4,74.7,7.2,0,1040149,2743,18.5,24,181,87,36,,,Ground Sensor,Auto
1629,Pune,Maharashtra,Industrial,2022-09-05,2022,9,Monday,Monsoon,3124458,127.2,75.26,63.78,82.14,22.54,11.25,136.8,47.65,17.2,65.8,3.0,23.4,812125,4036,27.9,24,213,134,47,,,Ground Sensor,Verified
1630,Rajkot,Gujarat,Industrial,2023-07-23,2023,7,Sunday,Monsoon,1286995,177.7,84.28,108.22,84.92,12.61,9.96,147.73,41.03,36.1,62.9,4.7,14.5,238466,1871,15.6,8,94,49,26,,,Satellite,Unverified
1631,Rajkot,Gujarat,Industrial,2023-01-05,2023,1,Thursday,Winter,1286995,,,243.64,29.8,44.26,10.41,133.19,23.88,33.8,49.2,11.5,0,294654,2564,22.1,13,125,64,36,,,Ground Sensor,Unverified
1632,Surat,Gujarat,Industrial,2023-09-14,2023,9,Thursday,Monsoon,4467797,99.9,35.26,51.41,39.53,7.91,5.02,81.94,4.04,24.9,52.2,20.4,12.4,820255,2658,34.5,3,111,72,21,,,Ground Sensor,Manual Entry
1632,Surat,Gujarat,Industrial,2023-09-14,2023,9,Thursday,Monsoon,4467797,99.9,35.26,51.41,39.53,7.91,5.02,81.94,4.04,24.9,52.2,20.4,12.4,820255,2658,34.5,3,111,72,21,,,Ground Sensor,Manual Entry
1633,Vadodara,Gujarat,Industrial,2022-06-09,2022,6,Thursday,Monsoon,1670806,66.3,30.91,59.52,82.22,18.55,10.32,96.72,5.7,31.9,65.5,16.1,0,460624,3105,20.4,16,87,60,20,,,Satellite,Unverified
1634,Pune,Maharashtra,Industrial,2023-08-11,2023,8,Friday,Monsoon,3124458,129.8,46.3,99.98,66.98,23.85,9.75,116.96,49.88,25.9,78.6,7.2,1.6,944573,2693,34.4,3,150,88,29,,,State PCB,Auto
1635,Bhopal,Madhya Pradesh,Administrative,2022-05-20,2022,5,Friday,Summer,1795648,185.9,93.89,98.83,65.93,22.36,1.74,40.59,3.28,32.1,44.3,15.6,4.6,508303,1646,33.1,10,135,79,33,,,State PCB,Auto
1636,Vadodara,Gujarat,Industrial,2023-04-18,2023,4,Tuesday,Summer,1670806,148.4,83.92,117.76,117.44,48.94,13.82,131.88,4.88,18.8,71.6,18.5,0,439239,1479,7.1,3,156,80,37,,,State PCB,Auto
1637,Ranchi,Jharkhand,Industrial,2023-09-28,2023,9,Thursday,Monsoon,1073440,107.2,62.94,69.93,22.57,45.9,1.47,61.18,11.8,26.7,54.5,13.2,5.3,207360,1979,28.8,11,45,19,7,,,State PCB,Auto
1638,Delhi,Delhi,Urban,2022-07-04,2022,7,Monday,Monsoon,16787941,58.4,33.69,36.0,40.14,48.77,3.83,30.26,11.27,32.0,61.8,14.1,32.2,5074607,21265,40.0,10,583,310,107,,,CPCB,Verified
1639,Varanasi,Uttar Pradesh,Tourist,2023-12-11,2023,12,Monday,Winter,1198491,258.3,113.21,187.72,28.21,106.86,8.0,143.7,40.29,28.9,60.0,20.8,0,358389,2392,38.4,18,115,53,20,,,CPCB,Verified
1640,Ghaziabad,Uttar Pradesh,Industrial,2022-01-06,2022,1,Thursday,Winter,1636068,311.9,120.65,177.38,38.1,93.84,20.58,100.16,8.75,37.5,92.3,1.0,0,567847,1838,32.7,16,116,59,22,,,CPCB,Unverified
1641,Srinagar,Jammu & Kashmir,Tourist,2023-10-28,2023,10,Saturday,Post-Monsoon,1180570,109.9,43.3,58.7,137.42,28.46,10.04,25.39,14.56,25.1,61.3,1.0,0,411975,647,34.9,5,72,29,20,,,Satellite,Auto
1642,Delhi,Delhi,Urban,2022-06-04,2022,6,Saturday,Monsoon,16787941,42.0,15.0,35.92,78.65,48.56,11.05,84.27,24.75,29.2,54.1,12.7,0,5426794,16761,15.9,8,577,312,87,,,Satellite,Verified
1643,Nagpur,Maharashtra,Commercial,2023-08-28,2023,8,Monday,Monsoon,2405665,178.1,100.25,136.25,64.61,27.1,1.57,114.76,25.11,37.9,27.1,11.7,0,750855,1597,8.9,4,133,75,36,,,CPCB,Verified
1644,Coimbatore,Tamil Nadu,Industrial,2023-05-27,2023,5,Saturday,Summer,1061447,85.7,34.81,59.64,78.36,38.62,12.32,69.58,47.92,14.0,71.9,9.0,0.8,245013,2096,35.6,15,56,32,16,,,CPCB,Verified
1645,Rajkot,Gujarat,Industrial,2022-12-21,2022,12,Wednesday,Winter,1286995,148.5,82.3,78.07,140.15,30.87,14.28,105.53,48.99,34.1,46.1,11.9,6.5,449125,726,31.6,6,91,38,23,,,CPCB,Auto
1646,Nagpur,Maharashtra,Commercial,2023-11-07,2023,11,Tuesday,Winter,2405665,,30.82,68.28,25.98,34.79,9.35,94.98,8.55,25.9,84.5,8.6,0,601151,1580,36.3,13,53,25,14,,,Ground Sensor,Auto
1647,Mumbai,Maharashtra,Industrial,2022-03-24,2022,3,Thursday,Summer,12478447,87.9,44.51,74.57,53.09,84.83,11.88,89.79,1.29,42.2,33.8,8.4,0.2,2848470,13122,41.8,18,650,280,158,,,Ground Sensor,Auto
1648,Bhopal,Madhya Pradesh,Administrative,2022-05-15,2022,5,Sunday,Summer,1795648,111.7,38.87,92.87,77.94,24.69,9.9,35.25,11.06,17.9,85.5,9.6,3.2,461339,1373,21.9,17,77,42,14,,,Satellite,Verified
1649,Jodhpur,Rajasthan,Tourist,2023-06-21,2023,6,Wednesday,Monsoon,1137815,129.3,65.09,69.94,64.18,6.28,6.82,125.09,40.6,23.7,34.0,13.2,0,368711,2256,11.6,15,56,23,14,,,CPCB,Unverified
1650,Patna,Bihar,Administrative,2022-04-09,2022,4,Saturday,Summer,1684222,137.7,63.61,77.05,70.4,59.8,13.18,130.49,43.87,12.2,63.1,13.6,0,434201,1414,40.3,6,97,48,19,,,Ground Sensor,Auto
1651,Jodhpur,Rajasthan,Tourist,2023-01-23,2023,1,Monday,Winter,1137815,81.2,42.69,54.72,77.66,110.17,8.94,124.68,18.01,39.5,25.0,11.9,0,395696,795,24.5,7,69,47,14,,,State PCB,Unverified
1652,Surat,Gujarat,Industrial,2022-10-10,2022,10,Monday,Post-Monsoon,4467797,80.2,47.96,69.38,63.11,30.14,11.26,92.69,46.64,39.2,75.7,1.9,7.6,1182460,2883,16.5,6,240,161,58,,,CPCB,Verified
1653,Patna,Bihar,Administrative,2023-02-03,2023,2,Friday,Winter,1684222,96.7,38.35,59.65,58.23,107.82,20.23,130.71,38.01,29.4,45.9,12.6,1.1,426447,1410,5.1,20,110,71,28,,,Ground Sensor,Verified
1654,Nagpur,Maharashtra,Commercial,2022-10-10,2022,10,Monday,Post-Monsoon,2405665,38.3,14.29,24.84,117.18,31.62,8.73,99.38,3.5,21.8,68.4,7.4,0,540497,1256,39.0,16,118,65,18,,,CPCB,Unverified
1655,Mumbai,Maharashtra,Industrial,2023-12-04,2023,12,Monday,Winter,12478447,162.7,94.91,84.48,155.85,90.48,18.91,35.37,31.54,34.4,52.2,7.0,1.2,2691072,16386,17.3,15,1523,856,269,,,State PCB,Manual Entry
1656,Faridabad,Haryana,Industrial,2022-01-03,2022,1,Monday,Winter,1394000,115.5,42.4,58.36,120.79,108.02,8.02,61.55,19.12,30.5,72.1,13.3,3.5,272691,1612,18.8,14,110,66,32,,,CPCB,Manual Entry
1657,Chennai,Tamil Nadu,Coastal,2023-06-10,2023,6,Saturday,Monsoon,7088000,136.2,41.85,108.86,75.29,9.48,0.61,112.71,41.42,16.7,61.3,16.6,8.1,2453586,4264,13.7,7,296,172,81,,,State PCB,Auto
1658,Vadodara,Gujarat,Industrial,2023-08-09,2023,8,Wednesday,Monsoon,1670806,140.3,60.95,98.82,76.58,15.17,6.54,39.61,19.11,21.4,76.1,5.4,1.5,417988,1866,37.5,6,69,29,13,,,State PCB,Manual Entry
1658,Vadodara,Gujarat,Industrial,2023-08-09,2023,8,Wednesday,Monsoon,1670806,140.3,60.95,98.82,76.58,15.17,6.54,39.61,19.11,21.4,76.1,5.4,1.5,417988,1866,37.5,6,69,29,13,,,State PCB,Manual Entry
1659,Jaipur,Rajasthan,Tourist,2023-01-17,2023,1,Tuesday,Winter,3046163,275.2,92.26,141.1,97.63,40.56,2.91,58.16,35.36,25.0,71.4,1.4,4.4,833431,3711,35.4,7,227,106,67,,,Satellite,Unverified
1660,Faridabad,Haryana,Industrial,2022-08-04,2022,8,Thursday,Monsoon,1394000,125.7,46.77,73.99,50.25,39.26,2.98,105.98,19.94,28.8,42.4,4.7,0,287310,730,38.4,16,46,29,8,,,Ground Sensor,Manual Entry
1661,Indore,Madhya Pradesh,Commercial,2022-02-11,2022,2,Friday,Winter,1994397,224.4,93.47,178.43,85.47,57.05,10.98,74.4,21.9,17.2,55.9,12.8,4.7,424608,1170,13.0,4,159,88,46,,,CPCB,Verified
1662,Agra,Uttar Pradesh,Tourist,2023-08-18,2023,8,Friday,Monsoon,1585704,227.9,105.44,140.83,48.75,39.24,5.45,32.91,34.93,25.0,65.7,3.9,0,521640,2353,26.1,24,128,83,26,,,CPCB,Auto
1663,Vadodara,Gujarat,Industrial,2023-08-11,2023,8,Friday,Monsoon,1670806,92.3,49.14,79.32,77.92,32.11,10.25,28.23,45.44,28.9,53.8,12.2,3.7,349559,2519,26.8,5,81,44,12,,,State PCB,Unverified
1664,Meerut,Uttar Pradesh,Industrial,2022-10-20,2022,10,Thursday,Post-Monsoon,1309023,117.0,38.64,87.09,115.78,95.41,8.31,48.2,3.02,33.1,65.3,11.5,0.9,357142,2323,44.4,20,112,53,32,,,Satellite,Unverified
1665,Pune,Maharashtra,Industrial,2022-09-19,2022,9,Monday,Monsoon,3124458,33.9,15.63,29.36,45.27,45.16,1.85,27.78,5.9,35.1,100,20.5,0,786815,4970,40.4,18,85,42,20,,,Satellite,Unverified
1666,Meerut,Uttar Pradesh,Industrial,2022-01-25,2022,1,Tuesday,Winter,1309023,107.4,49.35,84.86,15.33,80.78,9.74,42.49,48.81,30.0,29.1,15.5,0,263824,2097,44.7,5,65,36,9,,,Satellite,Auto
1667,Vadodara,Gujarat,Industrial,2023-10-14,2023,10,Saturday,Post-Monsoon,1670806,232.0,100.2,182.3,49.45,21.04,17.49,129.3,33.76,34.6,51.7,14.1,0,574976,1467,11.4,10,88,38,26,,,CPCB,Manual Entry
1668,Meerut,Uttar Pradesh,Industrial,2023-09-24,2023,9,Sunday,Monsoon,1309023,104.4,46.26,70.32,10.14,21.13,0.53,138.36,26.52,26.2,40.2,20.1,0,309517,1536,29.6,18,33,17,5,,,Satellite,Auto
1669,Surat,Gujarat,Industrial,2023-10-09,2023,10,Monday,Post-Monsoon,4467797,256.7,128.13,159.2,46.72,56.6,7.94,79.07,30.9,40.2,54.0,11.1,0,1350011,5398,17.6,11,320,169,49,,,State PCB,Auto
1669,Surat,Gujarat,Industrial,2023-10-09,2023,10,Monday,Post-Monsoon,4467797,256.7,128.13,159.2,46.72,56.6,7.94,79.07,30.9,40.2,54.0,11.1,0,1350011,5398,17.6,11,320,169,49,,,State PCB,Auto
1670,Delhi,Delhi,Urban,2022-08-21,2022,8,Sunday,Monsoon,16787941,72.0,27.41,51.99,53.66,21.31,5.71,140.39,35.6,33.9,73.0,5.1,0,4810960,8496,37.9,16,525,218,84,,,Ground Sensor,Verified
1671,Coimbatore,Tamil Nadu,Industrial,2023-03-21,2023,3,Tuesday,Summer,1061447,180.0,58.07,133.53,15.39,80.33,1.88,26.1,6.21,16.2,83.8,7.6,0,252379,1025,40.4,11,54,22,8,,,State PCB,Auto
1672,Amritsar,Punjab,Tourist,2022-11-02,2022,11,Wednesday,Winter,1132761,254.4,88.24,210.86,154.35,40.05,17.37,36.97,33.6,19.2,37.4,9.8,5.8,362676,662,44.7,14,120,55,19,,,Ground Sensor,Verified
1673,Delhi,Delhi,Urban,2023-04-04,2023,4,Tuesday,Summer,16787941,85.6,27.19,61.0,91.81,67.46,1.6,35.33,25.24,32.0,100,15.4,1.0,3117508,8959,21.8,11,814,361,178,,,Satellite,Auto
1674,Surat,Gujarat,Industrial,2022-05-24,2022,5,Tuesday,Summer,4467797,221.7,127.33,116.24,49.71,21.38,8.51,83.74,42.64,22.1,100,21.5,5.7,1336721,8112,27.0,18,280,182,79,,,Ground Sensor,Manual Entry
1675,Coimbatore,Tamil Nadu,Industrial,2022-07-11,2022,7,Monday,Monsoon,1061447,102.1,32.44,80.59,63.03,53.34,2.15,122.62,26.94,31.8,16.4,12.2,0.2,346646,1166,31.4,23,57,35,8,,,State PCB,Auto
1676,Indore,Madhya Pradesh,Commercial,2023-12-23,2023,12,Saturday,Winter,1994397,161.8,62.48,95.65,124.5,22.28,14.96,64.86,23.37,39.3,19.6,17.8,0,454728,3113,23.2,11,126,82,27,,,Ground Sensor,Manual Entry
1677,Srinagar,Jammu & Kashmir,Tourist,2023-09-28,2023,9,Thursday,Monsoon,1180570,97.9,43.5,79.78,72.61,49.06,2.67,120.56,6.04,30.3,40.3,4.6,0,387168,628,44.4,22,63,33,12,,,State PCB,Verified
1678,Nagpur,Maharashtra,Commercial,2023-10-14,2023,10,Saturday,Post-Monsoon,2405665,154.0,69.41,103.07,78.78,92.44,8.78,120.73,48.41,32.1,68.4,9.2,0,573043,2515,38.9,19,181,103,36,,,State PCB,Manual Entry
1679,Varanasi,Uttar Pradesh,Tourist,2022-12-26,2022,12,Monday,Winter,1198491,179.1,101.66,114.63,32.01,22.48,16.34,57.29,46.04,26.0,91.4,10.6,1.2,373053,1344,28.6,22,73,30,18,,,State PCB,Manual Entry
1680,Srinagar,Jammu & Kashmir,Tourist,2023-04-06,2023,4,Thursday,Summer,1180570,40.5,23.27,34.11,85.94,66.75,3.89,109.83,41.8,24.5,66.7,15.0,0,249127,1136,17.8,11,50,34,11,,,State PCB,Auto
1681,Meerut,Uttar Pradesh,Industrial,2023-04-12,2023,4,Wednesday,Summer,1309023,61.3,19.36,32.1,114.54,42.13,10.47,143.11,36.36,16.0,24.5,8.9,2.9,334381,1006,44.5,7,61,36,16,,,Ground Sensor,Unverified
1682,Mumbai,Maharashtra,Industrial,2023-05-23,2023,5,Tuesday,Summer,12478447,127.4,66.45,65.74,73.12,87.9,12.39,103.3,22.61,26.4,80.9,8.8,0,4304926,9810,20.6,6,902,478,248,,,Satellite,Manual Entry
1683,Jaipur,Rajasthan,Tourist,2022-10-02,2022,10,Sunday,Post-Monsoon,3046163,122.3,40.63,94.35,89.38,66.63,17.68,138.88,23.17,25.9,34.6,6.0,0.3,624333,4286,17.6,21,146,93,29,,,Ground Sensor,Manual Entry
1684,Indore,Madhya Pradesh,Commercial,2023-07-11,2023,7,Tuesday,Monsoon,1994397,161.8,95.04,104.28,34.85,16.34,10.83,29.19,32.73,5.7,29.2,7.4,25.0,576370,3442,38.3,6,99,50,15,,,Ground Sensor,Manual Entry
1685,Meerut,Uttar Pradesh,Industrial,2022-02-21,2022,2,Monday,Winter,1309023,231.3,79.28,189.9,137.47,89.52,4.18,88.68,16.08,20.1,43.5,20.5,0,384794,2137,9.8,7,147,61,22,,,State PCB,Verified
1686,Ranchi,Jharkhand,Industrial,2023-10-28,2023,10,Saturday,Post-Monsoon,1073440,165.6,80.18,82.98,130.84,85.84,15.12,69.8,30.31,22.9,72.2,18.7,0,317977,1678,36.7,8,119,65,29,,,Ground Sensor,Manual Entry
1687,Pune,Maharashtra,Industrial,2022-04-01,2022,4,Friday,Summer,3124458,44.8,14.48,38.23,30.79,26.96,13.2,90.08,7.57,23.2,42.0,8.3,1.9,613938,5598,36.3,6,60,35,11,,,Ground Sensor,Manual Entry
1688,Surat,Gujarat,Industrial,2023-11-26,2023,11,Sunday,Winter,4467797,,,6.54,111.48,77.26,11.92,20.82,29.16,18.3,94.2,7.3,1.5,1309161,7888,21.6,13,233,157,58,,,Ground Sensor,Verified
1689,Surat,Gujarat,Industrial,2023-11-22,2023,11,Wednesday,Winter,4467797,98.7,32.86,70.73,67.83,74.86,3.11,23.97,10.38,23.1,42.5,12.8,1.6,1073932,2940,43.1,5,203,126,43,,,Ground Sensor,Auto
1690,Varanasi,Uttar Pradesh,Tourist,2023-01-21,2023,1,Saturday,Winter,1198491,240.0,123.83,125.24,55.63,35.57,0.73,30.55,49.37,7.8,45.0,15.6,0,309743,1352,19.5,17,98,61,28,,,State PCB,Auto
1691,Bhopal,Madhya Pradesh,Administrative,2022-11-05,2022,11,Saturday,Winter,1795648,216.1,70.24,113.11,14.42,61.56,13.17,123.0,40.29,31.5,72.2,8.2,0,589541,2946,5.9,16,71,35,15,,,Ground Sensor,Manual Entry
1692,Ahmedabad,Gujarat,Industrial,2023-04-19,2023,4,Wednesday,Summer,5570585,164.7,50.04,95.79,116.9,29.95,9.21,20.01,25.05,42.9,32.1,10.5,2.1,1194371,10594,7.2,6,408,209,82,,,CPCB,Auto
1693,Nagpur,Maharashtra,Commercial,2022-05-05,2022,5,Thursday,Summer,2405665,,47.42,59.03,63.45,77.28,1.47,94.9,14.19,36.5,80.0,1.5,0,624938,3399,16.4,17,146,62,34,,,Ground Sensor,Verified
1694,Vadodara,Gujarat,Industrial,2023-04-18,2023,4,Tuesday,Summer,1670806,134.6,43.19,75.33,84.22,82.24,4.04,86.71,37.8,36.3,43.3,10.7,0,453886,3106,29.9,19,86,54,18,,,Ground Sensor,Unverified
1695,Indore,Madhya Pradesh,Commercial,2022-09-17,2022,9,Saturday,Monsoon,1994397,113.0,65.1,64.97,64.92,4.44,8.85,24.65,35.94,34.5,67.0,6.6,6.0,693967,1044,42.6,15,111,50,29,,,State PCB,Verified
1696,Chennai,Tamil Nadu,Coastal,2022-12-02,2022,12,Friday,Winter,7088000,85.5,39.02,45.0,16.74,23.73,11.55,143.17,37.86,37.2,20.8,19.9,0,2253219,4809,7.2,11,165,69,44,,,State PCB,Unverified
1697,Varanasi,Uttar Pradesh,Tourist,2022-04-19,2022,4,Tuesday,Summer,1198491,772.5,22.14,39.1,88.28,44.21,9.14,123.52,6.79,21.7,37.4,7.3,4.6,230919,1033,41.1,22,63,40,9,,,Satellite,Manual Entry
1698,Agra,Uttar Pradesh,Tourist,2022-09-26,2022,9,Monday,Monsoon,1585704,132.9,71.99,69.91,15.6,46.53,7.08,138.01,25.23,30.7,51.9,11.0,18.9,305009,3117,7.2,22,59,37,13,,,Ground Sensor,Verified
1699,Meerut,Uttar Pradesh,Industrial,2023-03-09,2023,3,Thursday,Summer,1309023,986.7,43.56,56.36,119.0,74.19,5.47,30.49,44.93,,74.2,17.6,3.6,339457,953,40.5,18,98,43,14,,,Satellite,Manual Entry
1700,Vadodara,Gujarat,Industrial,2022-06-07,2022,6,Tuesday,Monsoon,1670806,85.8,32.31,65.13,47.47,42.23,10.98,61.9,24.72,39.8,59.5,12.7,6.2,404560,2706,28.6,22,63,33,13,,,State PCB,Manual Entry
1701,Agra,Uttar Pradesh,Tourist,2022-11-08,2022,11,Tuesday,Winter,1585704,232.7,114.03,159.91,54.65,107.77,13.08,96.67,42.3,40.2,25.0,14.4,4.4,446921,882,14.3,11,106,69,28,,,State PCB,Unverified
1702,Indore,Madhya Pradesh,Commercial,2023-05-13,2023,5,Saturday,Summer,1994397,120.7,55.48,88.25,113.89,19.15,8.62,50.52,33.28,19.4,47.7,16.4,2.0,541469,1541,17.5,13,110,64,18,,,Satellite,Verified
1703,Varanasi,Uttar Pradesh,Tourist,2023-01-15,2023,1,Sunday,Winter,1198491,241.0,135.18,130.37,109.87,87.09,8.06,67.89,48.84,38.3,99.0,11.0,1.1,370185,1695,37.6,7,115,61,32,,,State PCB,Unverified
1703,Varanasi,Uttar Pradesh,Tourist,2023-01-15,2023,1,Sunday,Winter,1198491,241.0,135.18,130.37,109.87,87.09,8.06,67.89,48.84,38.3,99.0,11.0,1.1,370185,1695,37.6,7,115,61,32,,,State PCB,Unverified
1704,Lucknow,Uttar Pradesh,Administrative,2023-06-15,2023,6,Thursday,Monsoon,2815601,125.2,43.97,107.28,10.94,52.01,6.26,87.52,10.17,27.1,35.8,11.9,0,921938,4571,30.2,14,71,37,18,,,Ground Sensor,Unverified
1705,Nagpur,Maharashtra,Commercial,2022-01-20,2022,1,Thursday,Winter,2405665,109.1,50.38,90.65,34.93,22.08,4.82,111.88,5.05,26.9,41.3,15.6,1.8,584373,4270,36.0,12,94,50,14,,,Satellite,Auto
1706,Bhopal,Madhya Pradesh,Administrative,2022-12-12,2022,12,Monday,Winter,1795648,159.3,84.0,133.93,97.9,80.14,9.26,115.69,5.4,51.6,55.3,6.2,0,483482,3218,12.4,21,162,106,30,,,CPCB,Unverified
1707,Rajkot,Gujarat,Industrial,2022-06-03,2022,6,Friday,Monsoon,1286995,57.3,34.08,48.52,39.7,50.3,5.3,117.21,42.41,16.6,61.4,5.1,5.7,294702,863,11.8,3,51,34,8,,,State PCB,Manual Entry
1708,Ludhiana,Punjab,Industrial,2023-02-22,2023,2,Wednesday,Winter,1618879,121.0,66.5,93.28,137.2,20.81,12.19,115.39,6.98,19.3,57.6,0.4,0,394899,3033,29.2,11,118,68,29,,,CPCB,Auto
1709,Varanasi,Uttar Pradesh,Tourist,2023-06-26,2023,6,Monday,Monsoon,1198491,118.0,57.21,62.32,19.52,36.5,11.25,69.1,16.0,40.1,69.4,18.6,0,237286,702,20.1,13,43,19,6,,,Ground Sensor,Unverified
1710,Surat,Gujarat,Industrial,2023-10-04,2023,10,Wednesday,Post-Monsoon,4467797,44.0,13.66,32.23,92.98,12.6,4.33,41.85,26.91,19.0,40.2,-1.4,0,1520621,8195,6.2,5,189,105,39,,,Ground Sensor,Verified
1711,Lucknow,Uttar Pradesh,Administrative,2023-09-03,2023,9,Sunday,Monsoon,2815601,94.4,34.1,62.3,27.67,58.49,5.94,85.99,17.35,10.3,37.8,9.4,3.2,607047,4924,22.3,25,82,35,14,,,Ground Sensor,Auto
1712,Pune,Maharashtra,Industrial,2023-07-27,2023,7,Thursday,Monsoon,3124458,168.0,89.8,99.05,85.28,43.97,1.2,139.89,3.69,24.8,82.6,10.7,15.6,971999,6170,20.0,25,238,130,69,,,State PCB,Verified
1713,Vadodara,Gujarat,Industrial,2022-05-05,2022,5,Thursday,Summer,1670806,10,3.2,7.1,101.37,28.54,3.2,31.89,47.73,21.0,67.3,10.2,3.1,476597,1940,13.5,7,,28,10,,,CPCB,Auto
1714,Faridabad,Haryana,Industrial,2022-01-18,2022,1,Tuesday,Winter,1394000,246.1,96.61,192.3,147.77,58.86,7.09,90.78,5.5,34.1,68.4,12.5,0.2,302734,2489,11.7,15,,56,31,,,CPCB,Verified
1715,Coimbatore,Tamil Nadu,Industrial,2022-12-19,2022,12,Monday,Winter,1061447,209.8,64.12,180.35,24.69,70.21,17.73,118.51,4.16,46.4,37.3,17.2,3.8,194309,873,27.6,20,51,20,7,,,CPCB,Manual Entry
1716,Mumbai,Maharashtra,Industrial,2022-03-18,2022,3,Friday,Summer,12478447,205.9,115.26,165.2,57.97,37.47,14.35,50.71,20.75,36.6,50.8,14.8,0,3588435,11523,5.3,9,730,448,214,,,Satellite,Unverified
1717,Ahmedabad,Gujarat,Industrial,2022-07-31,2022,7,Sunday,Monsoon,5570585,84.4,35.53,48.56,18.39,58.55,0.76,129.6,29.23,31.0,52.7,14.1,6.1,1346642,3408,31.3,3,203,101,36,,,Ground Sensor,Unverified
1718,Delhi,Delhi,Urban,2023-08-24,2023,8,Thursday,Monsoon,16787941,182.1,100.26,151.32,19.86,58.62,5.57,32.14,42.28,22.1,84.1,7.2,11.6,3696792,9650,43.2,14,1161,542,344,,,State PCB,Unverified
1719,Agra,Uttar Pradesh,Tourist,2022-04-14,2022,4,Thursday,Summer,1585704,38.3,11.71,19.33,107.24,30.12,6.8,108.62,24.92,19.5,90.4,14.6,0,318119,1723,28.1,23,54,35,8,,,Satellite,Manual Entry
1720,Visakhapatnam,Andhra Pradesh,Coastal,2023-11-23,2023,11,Thursday,Winter,1728128,206.2,106.78,181.49,73.83,85.0,13.75,27.63,25.6,29.4,15.7,16.1,1.4,311706,1836,29.2,15,137,79,31,,,CPCB,Auto
1721,Ludhiana,Punjab,Industrial,2022-12-24,2022,12,Saturday,Winter,1618879,380.8,127.95,340.16,103.07,23.96,17.24,79.99,32.07,32.3,65.2,7.4,4.3,335291,1162,44.7,22,157,87,45,,,Satellite,Auto
1722,Vadodara,Gujarat,Industrial,2023-10-14,2023,10,Saturday,Post-Monsoon,1670806,192.7,90.06,154.81,77.87,92.11,0.78,135.47,13.6,38.0,55.2,0.6,1.7,536042,1796,35.1,5,147,68,32,,,State PCB,Auto
1723,Kolkata,West Bengal,Urban,2023-12-04,2023,12,Monday,Winter,4496694,332.3,193.19,210.99,23.92,38.14,12.48,66.17,47.9,17.7,66.2,11.5,0,1558602,7097,22.0,11,403,218,119,,,Ground Sensor,Unverified
1724,Coimbatore,Tamil Nadu,Industrial,2022-09-18,2022,9,Sunday,Monsoon,1061447,770.7,12.27,25.56,10.64,47.81,0.64,87.69,8.81,,85.8,19.0,20.8,311059,1234,16.8,18,16,7,2,,,State PCB,Unverified
1725,Kanpur,Uttar Pradesh,Industrial,2022-06-23,2022,6,Thursday,Monsoon,2920496,51.3,18.51,39.18,23.03,45.54,5.27,44.24,10.15,43.0,85.8,13.4,3.3,709376,4434,29.6,14,58,27,17,,,Satellite,Unverified
1726,Vadodara,Gujarat,Industrial,2022-04-27,2022,4,Wednesday,Summer,1670806,164.8,71.49,122.87,36.57,75.45,12.4,100.4,45.29,45.6,67.3,13.2,0,347223,2301,9.4,4,102,70,21,,,Ground Sensor,Manual Entry
1727,Nagpur,Maharashtra,Commercial,2022-10-12,2022,10,Wednesday,Post-Monsoon,2405665,133.1,79.87,86.58,73.19,79.49,7.25,63.02,3.34,13.0,58.7,17.6,0.9,787562,4398,27.9,21,160,102,43,,,Ground Sensor,Verified
1728,Jodhpur,Rajasthan,Tourist,2023-08-18,2023,8,Friday,Monsoon,1137815,80.9,38.33,45.98,43.13,4.22,6.04,101.72,38.47,32.6,69.2,10.5,0,337010,809,34.0,16,30,20,7,,,CPCB,Verified
1729,Ranchi,Jharkhand,Industrial,2023-07-31,2023,7,Monday,Monsoon,1073440,110.6,59.03,63.51,78.14,49.27,8.76,134.63,42.66,18.5,58.2,12.9,0,195950,1616,26.1,3,55,22,12,,,Ground Sensor,Auto
1730,Indore,Madhya Pradesh,Commercial,2023-02-16,2023,2,Thursday,Winter,1994397,204.1,97.52,158.89,148.13,68.08,13.83,115.48,17.09,37.2,25.8,10.6,0.5,479012,2448,33.3,3,248,155,50,,,CPCB,Manual Entry
1731,Ahmedabad,Gujarat,Industrial,2023-06-07,2023,6,Wednesday,Monsoon,5570585,55.3,20.02,41.86,27.77,47.16,10.44,61.27,40.25,30.4,42.0,15.3,0,1594515,7491,24.0,8,127,66,22,,,State PCB,Auto
1732,Ludhiana,Punjab,Industrial,2022-02-13,2022,2,Sunday,Winter,1618879,339.0,121.1,286.37,108.83,66.95,20.76,62.44,20.87,21.7,92.6,22.9,6.9,308706,1376,31.1,10,136,90,28,,,Ground Sensor,Auto
1733,Faridabad,Haryana,Industrial,2023-12-13,2023,12,Wednesday,Winter,1394000,76.6,40.19,39.34,68.55,82.7,2.46,33.43,39.83,24.6,68.5,16.0,3.8,307869,1220,7.7,5,83,44,19,,,Satellite,Unverified
1734,Lucknow,Uttar Pradesh,Administrative,2022-03-18,2022,3,Friday,Summer,2815601,95.2,33.95,80.36,69.27,15.34,7.53,93.0,21.29,40.0,73.1,10.6,4.8,936069,1514,36.6,10,95,51,21,,,Satellite,Verified
1735,Jaipur,Rajasthan,Tourist,2022-11-28,2022,11,Monday,Winter,3046163,306.4,130.29,190.61,153.02,110.93,2.0,32.7,20.42,22.1,33.8,10.3,0,878223,1609,15.7,20,392,232,111,,,CPCB,Manual Entry
1736,Vadodara,Gujarat,Industrial,2023-11-15,2023,11,Wednesday,Winter,1670806,213.5,87.5,150.08,167.29,17.93,8.28,76.36,26.44,44.5,51.6,13.2,0,320209,2549,16.4,15,121,82,20,,,State PCB,Unverified
1737,Patna,Bihar,Administrative,2022-03-09,2022,3,Wednesday,Summer,1684222,96.8,40.0,84.31,109.19,43.24,12.74,76.41,10.88,29.3,59.0,15.9,2.4,432410,1179,44.8,12,84,52,19,,,State PCB,Verified
1738,Ludhiana,Punjab,Industrial,2023-10-20,2023,10,Friday,Post-Monsoon,1618879,171.5,78.44,136.39,48.59,16.08,2.01,57.21,21.21,16.8,44.4,15.0,6.8,403442,2776,31.0,25,71,33,18,,,Ground Sensor,Verified
1739,Vadodara,Gujarat,Industrial,2022-03-18,2022,3,Friday,Summer,1670806,58.2,28.99,33.44,94.29,49.63,1.1,42.74,10.8,40.9,39.6,12.5,0,389054,3125,11.2,18,86,47,18,,,CPCB,Auto
1740,Hyderabad,Telangana,IT Hub,2023-02-28,2023,2,Tuesday,Winter,6809970,135.0,77.5,104.54,95.74,14.45,7.57,23.94,29.8,19.4,72.3,15.3,5.2,1507516,9631,30.4,10,388,230,77,,,CPCB,Unverified
1741,Faridabad,Haryana,Industrial,2022-07-08,2022,7,Friday,Monsoon,1394000,111.3,50.63,67.82,54.7,17.81,3.82,127.58,21.67,16.8,48.7,11.6,29.5,261047,1047,32.2,13,53,29,8,,,State PCB,Unverified
1742,Delhi,Delhi,Urban,2023-12-13,2023,12,Wednesday,Winter,16787941,138.0,57.49,99.49,23.94,67.48,8.53,24.86,5.15,27.1,52.3,19.3,7.8,3024327,15818,6.5,20,625,434,174,,,Ground Sensor,Unverified
1743,Lucknow,Uttar Pradesh,Administrative,2023-07-16,2023,7,Sunday,Monsoon,2815601,51.4,21.63,30.1,44.52,40.12,6.42,111.34,24.5,,66.4,22.6,9.9,701728,4378,32.5,23,108,49,30,,,State PCB,Auto
1744,Vadodara,Gujarat,Industrial,2023-08-06,2023,8,Sunday,Monsoon,1670806,53.8,30.02,27.96,37.18,30.44,1.18,73.68,27.89,15.6,20.3,0.0,22.6,369960,1453,8.4,19,57,37,12,,,State PCB,Manual Entry
1745,Bhopal,Madhya Pradesh,Administrative,2023-04-09,2023,4,Sunday,Summer,1795648,,33.23,52.68,94.25,28.32,5.96,50.38,4.61,29.1,100,9.7,0,457473,1738,29.8,15,104,69,18,,,State PCB,Manual Entry
1746,Jaipur,Rajasthan,Tourist,2022-11-29,2022,11,Tuesday,Winter,3046163,172.2,51.9,110.33,144.47,59.14,1.96,35.67,24.49,17.0,57.0,14.0,0,831342,1850,14.4,16,231,99,34,,,State PCB,Manual Entry
1747,Mumbai,Maharashtra,Industrial,2022-08-17,2022,8,Wednesday,Monsoon,12478447,122.2,66.73,107.92,32.58,31.36,1.35,40.38,30.94,19.8,80.6,0.7,0,2922872,8487,38.0,17,566,358,93,,,CPCB,Auto
1748,Ranchi,Jharkhand,Industrial,2023-05-30,2023,5,Tuesday,Summer,1073440,138.4,50.11,112.97,93.09,24.88,10.48,24.2,34.14,30.9,34.4,17.4,8.8,205255,2051,17.1,15,56,28,11,,,State PCB,Verified
1749,Mumbai,Maharashtra,Industrial,2023-12-03,2023,12,Sunday,Winter,12478447,257.0,134.78,128.82,66.5,13.23,18.75,148.8,24.46,22.8,32.3,10.8,4.1,2353870,13814,38.1,16,1135,708,328,,,CPCB,Manual Entry
1750,Pune,Maharashtra,Industrial,2022-03-23,2022,3,Wednesday,Summer,3124458,129.7,56.04,85.9,108.35,19.07,5.21,68.69,30.44,27.0,51.6,15.6,2.4,965629,5761,18.1,13,221,145,65,,,Satellite,Manual Entry
1751,Nagpur,Maharashtra,Commercial,2022-01-18,2022,1,Tuesday,Winter,2405665,144.5,76.96,82.72,17.3,27.41,18.38,91.05,40.83,31.5,48.5,20.7,6.1,587266,1383,32.4,19,114,74,29,,,Satellite,Verified
1752,Lucknow,Uttar Pradesh,Administrative,2022-04-21,2022,4,Thursday,Summer,2815601,119.3,46.16,60.61,61.7,23.9,5.43,77.84,17.35,36.5,85.2,17.6,4.5,622227,3309,40.8,9,97,43,24,,,Satellite,Manual Entry
1753,Pune,Maharashtra,Industrial,2022-03-13,2022,3,Sunday,Summer,3124458,133.1,47.81,119.46,97.27,32.75,7.56,99.41,2.5,24.9,72.4,13.0,0,1015267,4172,13.4,16,148,70,30,,,State PCB,Auto
1754,Rajkot,Gujarat,Industrial,2022-03-17,2022,3,Thursday,Summer,1286995,204.5,101.04,132.51,127.75,9.84,2.13,71.86,23.32,54.0,40.9,3.5,0,375278,1886,39.8,15,121,74,20,,,Ground Sensor,Verified
1755,Coimbatore,Tamil Nadu,Industrial,2023-03-08,2023,3,Wednesday,Summer,1061447,89.9,39.13,80.23,108.9,7.98,10.2,63.48,33.83,29.3,82.0,8.5,0,353851,854,28.5,15,66,36,13,,,CPCB,Unverified
1756,Varanasi,Uttar Pradesh,Tourist,2023-02-02,2023,2,Thursday,Winter,1198491,99.1,41.25,60.26,98.07,51.78,10.98,148.72,20.15,34.7,42.5,5.8,1.6,330811,740,17.9,4,86,37,21,,,Satellite,Verified
1757,Varanasi,Uttar Pradesh,Tourist,2022-10-16,2022,10,Sunday,Post-Monsoon,1198491,168.7,64.74,115.28,71.76,38.61,5.34,114.42,24.54,22.0,54.0,13.1,0,348004,1587,8.6,22,62,25,12,,,CPCB,Manual Entry
1758,Nagpur,Maharashtra,Commercial,2022-01-08,2022,1,Saturday,Winter,2405665,255.8,95.11,183.81,165.16,105.77,1.33,60.84,26.64,18.0,42.3,11.5,0.3,699734,2545,23.8,3,274,147,77,,,State PCB,Unverified
1759,Surat,Gujarat,Industrial,2023-02-08,2023,2,Wednesday,Winter,4467797,264.8,128.04,237.94,166.83,79.62,6.88,107.95,20.33,26.3,61.1,22.2,0,1198225,3448,26.1,5,525,279,139,,,State PCB,Unverified
1760,Ludhiana,Punjab,Industrial,2023-07-30,2023,7,Sunday,Monsoon,1618879,103.7,43.3,84.64,17.35,4.33,2.53,116.75,21.09,23.2,95.0,6.9,3.7,459287,1786,23.1,13,37,23,8,,,Satellite,Manual Entry
1761,Faridabad,Haryana,Industrial,2022-09-12,2022,9,Monday,Monsoon,1394000,141.4,69.98,86.93,18.39,40.47,4.51,26.29,27.5,9.0,67.8,12.5,13.2,310054,1229,36.6,21,61,34,17,,,CPCB,Manual Entry
1762,Ahmedabad,Gujarat,Industrial,2023-01-30,2023,1,Monday,Winter,5570585,266.9,105.79,164.27,68.65,62.09,13.27,97.83,2.88,32.3,65.8,12.5,2.7,1860811,3896,9.9,13,398,272,112,,,Satellite,Manual Entry
1763,Rajkot,Gujarat,Industrial,2022-05-29,2022,5,Sunday,Summer,1286995,72.0,42.7,38.7,109.11,45.13,13.54,114.67,42.25,30.3,59.4,8.0,1.2,303580,2455,27.1,11,83,55,12,,,Ground Sensor,Auto
1764,Nagpur,Maharashtra,Commercial,2022-03-27,2022,3,Sunday,Summer,2405665,187.7,79.61,155.85,91.89,19.96,9.73,128.08,36.03,19.5,84.5,11.8,1.7,464842,2310,40.5,24,170,115,50,,,Ground Sensor,Manual Entry
1765,Ghaziabad,Uttar Pradesh,Industrial,2022-05-24,2022,5,Tuesday,Summer,1636068,163.3,69.97,127.47,119.6,28.72,12.48,36.57,33.3,39.0,91.3,15.8,0,408904,2475,39.9,19,115,56,18,,,CPCB,Manual Entry
1766,Varanasi,Uttar Pradesh,Tourist,2022-08-04,2022,8,Thursday,Monsoon,1198491,80.0,43.88,71.47,35.52,49.61,3.23,43.42,31.85,36.3,55.2,15.5,0,391660,2048,8.4,10,51,27,15,,,Satellite,Auto
1767,Faridabad,Haryana,Industrial,2022-12-08,2022,12,Thursday,Winter,1394000,215.0,113.81,174.1,85.33,35.69,2.49,133.03,16.55,23.1,31.2,20.7,2.6,312638,2282,33.5,5,123,60,23,,,Ground Sensor,Verified
1768,Varanasi,Uttar Pradesh,Tourist,2023-10-05,2023,10,Thursday,Post-Monsoon,1198491,132.1,65.18,71.8,94.4,76.4,6.67,96.94,11.71,21.4,66.6,13.1,0,280028,1089,15.0,7,79,54,18,,,Satellite,Manual Entry
1769,Varanasi,Uttar Pradesh,Tourist,2022-01-18,2022,1,Tuesday,Winter,1198491,398.2,212.6,315.6,46.45,67.37,19.66,26.22,24.14,37.1,56.5,12.0,4.6,334272,2125,30.3,8,123,59,31,,,State PCB,Auto
1770,Bangalore,Karnataka,IT Hub,2022-01-26,2022,1,Wednesday,Winter,8443675,88.2,50.12,68.16,132.42,45.61,7.73,140.7,49.64,35.0,22.0,9.8,5.5,2071870,8592,44.4,10,734,413,134,,,Satellite,Unverified
1771,Chennai,Tamil Nadu,Coastal,2022-01-31,2022,1,Monday,Winter,7088000,118.9,70.3,83.44,68.44,53.72,9.63,139.75,39.48,24.5,21.3,9.8,0,1856988,11263,12.9,24,511,241,110,,,Ground Sensor,Manual Entry
1772,Meerut,Uttar Pradesh,Industrial,2023-10-21,2023,10,Saturday,Post-Monsoon,1309023,79.1,37.7,63.83,80.99,42.38,14.41,109.94,1.87,21.7,65.1,14.4,0,306697,2120,11.3,6,70,28,12,,,Ground Sensor,Manual Entry
1773,Visakhapatnam,Andhra Pradesh,Coastal,2023-04-08,2023,4,Saturday,Summer,1728128,151.8,71.96,128.79,91.41,8.35,6.0,147.6,45.41,25.6,79.4,13.7,7.9,571550,3406,15.4,20,90,36,18,,,Ground Sensor,Unverified
1774,Agra,Uttar Pradesh,Tourist,2022-06-21,2022,6,Tuesday,Monsoon,1585704,41.5,12.97,25.7,73.04,50.14,8.85,21.69,24.41,21.1,40.3,18.5,14.1,453676,2392,35.3,18,50,22,13,,,CPCB,Auto
1775,Agra,Uttar Pradesh,Tourist,2023-10-08,2023,10,Sunday,Post-Monsoon,1585704,155.4,66.84,138.57,114.51,41.31,12.12,55.7,4.25,32.1,90.3,13.7,1.5,377525,1664,9.3,24,142,86,32,,,State PCB,Verified
1776,Meerut,Uttar Pradesh,Industrial,2022-01-06,2022,1,Thursday,Winter,1309023,,,150.58,111.87,62.11,4.32,62.97,49.47,30.6,57.2,16.8,0.1,415284,1406,6.5,15,97,59,17,,,Satellite,Unverified
1777,Vadodara,Gujarat,Industrial,2023-11-11,2023,11,Saturday,Winter,1670806,189.2,64.73,104.51,166.65,47.11,15.71,148.11,24.24,36.0,66.1,12.4,0,573247,1429,11.6,11,178,99,50,,,CPCB,Verified
1778,Delhi,Delhi,Urban,2023-04-16,2023,4,Sunday,Summer,16787941,182.8,63.67,135.87,71.96,26.72,10.45,142.72,27.12,31.6,62.7,13.8,1.8,4006000,18232,18.2,23,908,600,194,,,Satellite,Auto
1779,Coimbatore,Tamil Nadu,Industrial,2022-01-22,2022,1,Saturday,Winter,1061447,287.3,105.59,215.9,148.09,40.62,12.66,114.63,14.7,18.5,32.9,12.6,10.3,338726,1742,34.7,18,116,66,28,,,Ground Sensor,Manual Entry
1780,Hyderabad,Telangana,IT Hub,2022-08-11,2022,8,Thursday,Monsoon,6809970,152.8,81.15,109.25,31.34,50.97,2.48,134.01,2.22,20.3,43.8,18.6,7.7,1263162,3644,15.5,14,353,222,71,,,Ground Sensor,Manual Entry
1781,Faridabad,Haryana,Industrial,2023-12-30,2023,12,Saturday,Winter,1394000,250.5,114.91,159.47,30.03,96.65,3.56,148.21,10.91,32.5,72.9,22.2,0,440861,1063,6.2,4,102,47,19,,,Satellite,Verified
1782,Vadodara,Gujarat,Industrial,2023-12-09,2023,12,Saturday,Winter,1670806,180.5,82.08,121.27,120.97,18.27,16.37,85.28,15.83,26.3,46.1,7.8,3.1,536192,1999,9.3,15,126,53,21,,,CPCB,Verified
1783,Ranchi,Jharkhand,Industrial,2023-11-07,2023,11,Tuesday,Winter,1073440,384.5,219.22,342.11,154.58,20.51,7.48,141.17,24.72,6.2,70.3,6.2,4.9,194418,1172,44.7,12,149,88,28,,,Ground Sensor,Unverified
1784,Kanpur,Uttar Pradesh,Industrial,2023-09-14,2023,9,Thursday,Monsoon,2920496,117.5,64.83,78.82,54.46,14.52,5.45,147.01,17.8,24.4,79.8,6.2,18.6,808507,4503,38.2,14,,97,27,,,Ground Sensor,Verified
1785,Ahmedabad,Gujarat,Industrial,2022-06-14,2022,6,Tuesday,Monsoon,5570585,156.6,77.8,124.59,9.99,18.66,8.25,134.64,18.29,26.1,55.7,10.3,0,1075317,8167,34.1,23,249,145,72,,,State PCB,Unverified
1786,Delhi,Delhi,Urban,2023-10-29,2023,10,Sunday,Post-Monsoon,16787941,191.1,74.92,165.16,31.93,70.6,7.88,111.26,18.71,38.7,53.9,9.5,0,4816800,14184,20.7,24,1083,597,209,,,CPCB,Auto
1787,Hyderabad,Telangana,IT Hub,2023-07-15,2023,7,Saturday,Monsoon,6809970,92.9,36.82,72.3,41.21,6.76,9.38,138.11,2.31,18.5,82.4,8.8,1.3,1830082,6092,15.0,16,174,112,31,,,Ground Sensor,Auto
1788,Agra,Uttar Pradesh,Tourist,2023-10-07,2023,10,Saturday,Post-Monsoon,1585704,178.2,102.6,157.96,44.85,49.85,5.73,111.17,5.61,21.0,69.1,18.2,3.8,486307,1367,29.1,9,113,54,22,,,State PCB,Manual Entry
1789,Visakhapatnam,Andhra Pradesh,Coastal,2023-05-10,2023,5,Wednesday,Summer,1728128,238.3,117.14,174.8,51.61,40.2,3.24,112.24,2.99,29.9,54.0,16.4,2.0,439762,3212,25.8,7,110,72,19,,,Ground Sensor,Auto
1790,Nagpur,Maharashtra,Commercial,2022-08-17,2022,8,Wednesday,Monsoon,2405665,58.6,22.24,35.28,16.1,28.63,9.81,52.8,46.08,20.8,63.7,16.3,28.4,557079,4251,9.6,21,46,29,13,,,Ground Sensor,Manual Entry
1791,Chennai,Tamil Nadu,Coastal,2023-04-18,2023,4,Tuesday,Summer,7088000,189.2,94.07,142.23,46.95,27.0,7.8,112.52,41.87,32.7,64.3,12.1,2.5,2098767,11084,26.4,19,517,281,110,,,State PCB,Unverified
1792,Kolkata,West Bengal,Urban,2022-07-03,2022,7,Sunday,Monsoon,4496694,55.8,24.37,28.93,51.7,16.96,4.18,57.2,9.65,40.1,42.7,17.0,0,1028750,8679,5.6,9,151,84,31,,,State PCB,Manual Entry
1793,Kolkata,West Bengal,Urban,2023-05-14,2023,5,Sunday,Summer,4496694,41.9,16.49,22.75,42.71,14.01,12.76,105.25,2.6,34.9,84.2,17.3,0,1299317,6838,37.8,10,83,37,19,,,Satellite,Manual Entry
1794,Lucknow,Uttar Pradesh,Administrative,2023-07-28,2023,7,Friday,Monsoon,2815601,104.3,62.08,81.8,63.12,11.33,5.54,37.61,22.68,24.2,60.6,8.2,24.5,983353,2229,32.2,12,157,63,37,,,Satellite,Verified
1795,Srinagar,Jammu & Kashmir,Tourist,2023-06-23,2023,6,Friday,Monsoon,1180570,124.5,66.96,110.56,69.93,37.22,2.11,93.6,3.19,28.1,29.3,18.5,0,277888,1916,21.8,13,53,32,9,,,Ground Sensor,Manual Entry
1796,Vadodara,Gujarat,Industrial,2023-04-09,2023,4,Sunday,Summer,1670806,80.0,47.18,56.78,123.38,25.14,14.56,61.63,9.74,7.7,90.5,6.6,0,455190,2512,5.5,25,87,48,20,,,CPCB,Manual Entry
1797,Srinagar,Jammu & Kashmir,Tourist,2022-07-19,2022,7,Tuesday,Monsoon,1180570,74.6,44.11,63.09,68.23,39.17,8.92,105.23,31.73,29.3,91.9,15.2,11.0,224828,2110,11.8,8,45,28,10,,,Ground Sensor,Auto
1798,Meerut,Uttar Pradesh,Industrial,2023-02-05,2023,2,Sunday,Winter,1309023,260.9,91.37,168.69,24.64,96.38,14.85,146.82,49.61,28.5,60.5,14.3,0,336730,917,17.3,7,93,60,23,,,Ground Sensor,Unverified
1799,Surat,Gujarat,Industrial,2023-07-05,2023,7,Wednesday,Monsoon,4467797,101.1,48.04,79.0,39.71,35.22,8.76,102.78,27.49,22.1,50.3,8.2,0,844470,3177,19.5,19,202,94,37,,,Ground Sensor,Unverified
1800,Jodhpur,Rajasthan,Tourist,2023-06-12,2023,6,Monday,Monsoon,1137815,148.1,73.27,89.58,61.52,40.18,9.25,32.67,22.3,27.0,56.0,6.3,34.7,299248,923,15.9,21,72,32,15,,,CPCB,Manual Entry
1801,Chennai,Tamil Nadu,Coastal,2023-03-15,2023,3,Wednesday,Summer,7088000,90.2,44.87,68.6,33.64,54.65,15.17,99.97,36.8,29.4,74.7,15.0,0.6,2251368,9523,25.5,13,306,133,74,,,Satellite,Auto
1802,Jaipur,Rajasthan,Tourist,2023-08-24,2023,8,Thursday,Monsoon,3046163,148.8,56.14,124.52,55.05,13.55,2.37,138.47,26.32,17.6,79.5,21.0,0,803737,2370,5.9,17,102,42,25,,,CPCB,Auto
1803,Lucknow,Uttar Pradesh,Administrative,2022-08-04,2022,8,Thursday,Monsoon,2815601,156.4,93.57,106.12,64.06,40.74,7.08,62.92,49.73,25.4,87.9,6.3,16.0,518530,4311,5.1,13,170,109,44,,,CPCB,Unverified
1804,Ludhiana,Punjab,Industrial,2022-08-05,2022,8,Friday,Monsoon,1618879,974.6,27.59,37.38,65.56,20.25,7.4,108.86,39.45,,58.3,17.4,2.7,448860,906,32.8,16,70,37,11,,,Ground Sensor,Auto
1805,Jodhpur,Rajasthan,Tourist,2022-06-13,2022,6,Monday,Monsoon,1137815,124.1,55.27,84.8,27.53,54.26,0.97,109.21,11.42,19.6,32.4,15.3,0,223083,1907,15.0,23,38,23,10,,,CPCB,Verified
1806,Ghaziabad,Uttar Pradesh,Industrial,2022-09-28,2022,9,Wednesday,Monsoon,1636068,37.5,21.28,20.79,63.43,12.57,0.54,121.53,28.62,34.3,44.4,14.3,30.4,414845,2180,24.2,14,55,25,12,,,Satellite,Manual Entry
1807,Kanpur,Uttar Pradesh,Industrial,2022-05-23,2022,5,Monday,Summer,2920496,112.2,44.58,73.37,76.41,7.52,15.81,119.09,14.1,35.2,82.3,10.6,3.0,960009,3695,18.7,11,105,43,16,,,Satellite,Manual Entry
1808,Ranchi,Jharkhand,Industrial,2022-09-13,2022,9,Tuesday,Monsoon,1073440,133.8,49.72,90.71,49.55,11.41,3.26,101.47,25.93,27.8,62.1,15.8,0,250039,593,24.3,16,45,23,11,,,Satellite,Verified
1809,Ranchi,Jharkhand,Industrial,2022-03-09,2022,3,Wednesday,Summer,1073440,63.0,31.14,36.46,89.04,76.08,6.36,100.19,16.96,26.5,57.7,15.7,0,228065,1960,29.6,17,65,31,15,,,CPCB,Verified
1810,Ranchi,Jharkhand,Industrial,2022-04-21,2022,4,Thursday,Summer,1073440,138.7,71.3,90.27,95.35,43.51,15.56,45.18,3.53,27.0,87.9,20.0,1.1,253775,786,27.9,11,60,28,15,,,State PCB,Manual Entry
1811,Ludhiana,Punjab,Industrial,2023-05-07,2023,5,Sunday,Summer,1618879,29.2,13.43,17.08,72.18,12.22,10.63,31.79,46.2,40.4,41.6,2.6,0,378471,2445,21.6,13,51,23,13,,,CPCB,Auto
1812,Ghaziabad,Uttar Pradesh,Industrial,2023-08-01,2023,8,Tuesday,Monsoon,1636068,169.9,88.49,128.46,9.79,21.82,7.59,37.44,21.58,19.5,82.5,9.9,5.3,546668,3259,29.8,20,74,50,21,,,Ground Sensor,Auto
1813,Coimbatore,Tamil Nadu,Industrial,2022-11-25,2022,11,Friday,Winter,1061447,72.3,23.72,41.07,93.44,30.85,10.77,51.43,43.47,39.5,78.8,16.6,0,356845,704,18.1,25,54,33,16,,,State PCB,Manual Entry
1814,Rajkot,Gujarat,Industrial,2023-06-13,2023,6,Tuesday,Monsoon,1286995,62.0,19.64,49.59,31.34,21.71,5.81,139.22,38.53,42.6,58.6,1.9,10.6,304503,2401,13.0,18,26,11,7,,,State PCB,Unverified
1815,Kolkata,West Bengal,Urban,2023-04-21,2023,4,Friday,Summer,4496694,137.7,42.69,97.76,19.99,84.89,0.6,102.07,24.75,45.3,61.9,17.0,1.8,1126737,3472,43.4,10,234,155,48,,,Ground Sensor,Manual Entry
1816,Chennai,Tamil Nadu,Coastal,2023-12-29,2023,12,Friday,Winter,7088000,242.2,101.98,138.47,137.92,76.72,10.75,125.5,17.21,38.6,77.9,15.4,0,2046808,11279,10.2,9,880,577,144,,,Satellite,Verified
1816,Chennai,Tamil Nadu,Coastal,2023-12-29,2023,12,Friday,Winter,7088000,242.2,101.98,138.47,137.92,76.72,10.75,125.5,17.21,38.6,77.9,15.4,0,2046808,11279,10.2,9,880,577,144,,,Satellite,Verified
1817,Agra,Uttar Pradesh,Tourist,2022-01-18,2022,1,Tuesday,Winter,1585704,197.0,59.34,127.28,95.75,70.45,10.31,129.93,9.09,26.9,83.6,17.7,1.9,437035,2939,43.0,15,136,63,27,,,Satellite,Verified
1818,Visakhapatnam,Andhra Pradesh,Coastal,2022-06-07,2022,6,Tuesday,Monsoon,1728128,17.4,8.41,14.11,32.01,48.2,6.68,25.5,43.84,22.2,55.2,5.2,32.1,558107,3216,10.0,23,31,18,8,,,Satellite,Verified
1819,Lucknow,Uttar Pradesh,Administrative,2022-09-15,2022,9,Thursday,Monsoon,2815601,77.9,34.01,67.24,9.66,29.34,3.8,63.31,34.29,17.2,82.0,1.8,2.5,810193,4565,39.7,18,70,34,20,,,State PCB,Unverified
1819,Lucknow,Uttar Pradesh,Administrative,2022-09-15,2022,9,Thursday,Monsoon,2815601,77.9,34.01,67.24,9.66,29.34,3.8,63.31,34.29,17.2,82.0,1.8,2.5,810193,4565,39.7,18,70,34,20,,,State PCB,Unverified
1820,Bangalore,Karnataka,IT Hub,2022-02-20,2022,2,Sunday,Winter,8443675,270.4,160.27,151.84,75.28,21.03,3.63,40.5,21.15,41.2,18.0,12.3,1.2,2627240,12277,34.5,7,970,474,166,,,State PCB,Verified
1820,Bangalore,Karnataka,IT Hub,2022-02-20,2022,2,Sunday,Winter,8443675,270.4,160.27,151.84,75.28,21.03,3.63,40.5,21.15,41.2,18.0,12.3,1.2,2627240,12277,34.5,7,970,474,166,,,State PCB,Verified
1821,Kolkata,West Bengal,Urban,2023-10-14,2023,10,Saturday,Post-Monsoon,4496694,237.9,138.53,213.87,36.26,31.26,13.42,87.53,20.99,,61.4,21.6,3.4,1385498,8307,19.5,15,358,191,84,,,Satellite,Verified
1822,Vadodara,Gujarat,Industrial,2022-07-13,2022,7,Wednesday,Monsoon,1670806,143.6,68.83,94.34,81.43,17.11,0.97,83.07,10.2,28.0,98.1,23.0,0,347289,1007,12.5,7,108,72,19,,,Ground Sensor,Auto
1823,Ranchi,Jharkhand,Industrial,2023-04-11,2023,4,Tuesday,Summer,1073440,196.8,70.58,155.56,33.06,30.31,15.64,40.31,14.69,30.4,70.2,13.4,3.2,289950,895,42.6,13,50,31,8,,,State PCB,Unverified
1824,Surat,Gujarat,Industrial,2023-09-08,2023,9,Friday,Monsoon,4467797,138.1,61.55,70.58,55.42,43.43,10.37,126.37,3.08,27.7,58.3,9.4,4.0,1040795,8429,19.8,17,199,138,37,,,State PCB,Unverified
1825,Jodhpur,Rajasthan,Tourist,2023-12-16,2023,12,Saturday,Winter,1137815,211.8,104.48,108.84,77.91,23.41,20.3,109.9,10.63,34.2,55.4,9.6,3.1,270960,1966,33.6,17,92,62,17,,,Satellite,Verified
1826,Amritsar,Punjab,Tourist,2023-09-17,2023,9,Sunday,Monsoon,1132761,127.9,39.62,96.68,29.61,35.33,4.31,64.92,25.93,28.8,78.4,11.7,11.6,238926,1752,21.9,5,32,12,4,,,Satellite,Manual Entry
1827,Nagpur,Maharashtra,Commercial,2023-11-29,2023,11,Wednesday,Winter,2405665,,,109.93,111.04,43.76,15.79,32.74,27.84,26.7,10.4,7.8,3.6,660402,3985,38.8,24,182,109,31,,,State PCB,Manual Entry
1828,Ghaziabad,Uttar Pradesh,Industrial,2022-05-14,2022,5,Saturday,Summer,1636068,117.5,63.49,90.11,42.97,57.14,13.25,116.98,4.04,21.1,60.1,6.3,0.8,378844,994,30.8,3,82,42,17,,,Satellite,Verified
1828,Ghaziabad,Uttar Pradesh,Industrial,2022-05-14,2022,5,Saturday,Summer,1636068,117.5,63.49,90.11,42.97,57.14,13.25,116.98,4.04,21.1,60.1,6.3,0.8,378844,994,30.8,3,82,42,17,,,Satellite,Verified
1829,Lucknow,Uttar Pradesh,Administrative,2022-03-02,2022,3,Wednesday,Summer,2815601,98.8,54.6,88.76,36.14,11.37,2.93,129.44,14.06,11.6,61.7,10.3,6.5,954769,3660,34.5,10,110,44,31,,,CPCB,Unverified
1830,Hyderabad,Telangana,IT Hub,2023-01-08,2023,1,Sunday,Winter,6809970,227.9,79.53,192.32,75.89,68.58,6.42,91.37,4.03,17.6,70.6,8.4,3.2,1811892,9812,34.5,17,574,235,170,,,CPCB,Verified
1831,Amritsar,Punjab,Tourist,2022-02-07,2022,2,Monday,Winter,1132761,231.8,127.88,142.76,132.79,46.05,13.0,58.65,7.31,32.2,78.1,16.6,0,207699,1041,36.2,4,123,79,30,,,State PCB,Verified
1832,Amritsar,Punjab,Tourist,2022-10-28,2022,10,Friday,Post-Monsoon,1132761,238.1,136.95,135.5,16.06,57.16,4.22,112.68,21.3,33.9,65.5,13.4,2.0,211619,2006,18.9,3,91,42,14,,,Satellite,Auto
1833,Vadodara,Gujarat,Industrial,2022-11-21,2022,11,Monday,Winter,1670806,259.4,137.8,175.86,138.72,74.99,6.13,54.43,12.17,30.0,76.6,9.9,4.7,376252,1165,18.7,10,192,79,33,,,CPCB,Verified
1834,Surat,Gujarat,Industrial,2022-05-06,2022,5,Friday,Summer,4467797,150.4,50.42,129.79,63.57,76.86,8.06,32.51,11.18,24.4,69.6,16.6,3.6,1295735,5061,39.9,8,234,137,68,,,Satellite,Unverified
1835,Kolkata,West Bengal,Urban,2023-12-17,2023,12,Sunday,Winter,4496694,232.1,132.09,133.42,15.06,22.23,15.59,90.95,49.43,29.2,46.2,20.7,5.1,1228923,5195,28.7,13,332,206,71,,,State PCB,Unverified
1836,Patna,Bihar,Administrative,2022-02-09,2022,2,Wednesday,Winter,1684222,339.6,111.99,171.84,157.32,84.22,13.15,50.88,4.64,43.8,18.7,20.8,0,380147,990,11.6,22,221,128,49,,,CPCB,Unverified
1837,Varanasi,Uttar Pradesh,Tourist,2023-12-19,2023,12,Tuesday,Winter,1198491,244.3,111.13,165.87,152.39,83.96,7.51,96.85,45.29,18.5,34.2,4.5,0.8,359916,2074,24.2,20,112,59,27,,,Ground Sensor,Auto
1838,Ghaziabad,Uttar Pradesh,Industrial,2023-03-24,2023,3,Friday,Summer,1636068,182.3,103.6,131.17,117.33,8.6,1.67,119.57,28.71,26.4,29.3,1.1,2.5,347066,2624,31.5,17,134,73,30,,,CPCB,Verified
1839,Bhopal,Madhya Pradesh,Administrative,2022-01-04,2022,1,Tuesday,Winter,1795648,20.3,7.63,10.6,107.89,30.42,7.98,113.06,43.2,26.9,66.4,21.7,4.1,499148,1045,8.4,25,66,31,14,,,State PCB,Verified
1840,Chennai,Tamil Nadu,Coastal,2023-04-02,2023,4,Sunday,Summer,7088000,175.5,96.14,152.11,82.35,85.29,12.25,108.3,19.69,32.5,43.1,17.7,0,2316283,13656,43.6,20,575,249,93,,,State PCB,Verified
1841,Amritsar,Punjab,Tourist,2023-08-05,2023,8,Saturday,Monsoon,1132761,122.9,71.78,84.96,81.6,15.92,4.86,120.69,21.45,38.6,70.4,9.4,13.2,390722,641,22.1,25,63,32,18,,,CPCB,Verified
1842,Meerut,Uttar Pradesh,Industrial,2022-02-07,2022,2,Monday,Winter,1309023,87.2,35.06,75.77,118.53,12.6,5.13,74.09,31.47,20.1,83.6,6.0,0,243557,2585,17.5,5,87,58,25,,,Satellite,Verified
1843,Ranchi,Jharkhand,Industrial,2022-05-10,2022,5,Tuesday,Summer,1073440,138.6,57.88,89.88,95.6,54.69,12.54,95.97,48.47,36.3,51.8,13.0,5.2,213211,1983,24.7,11,64,42,11,,,State PCB,Unverified
1844,Ghaziabad,Uttar Pradesh,Industrial,2022-04-06,2022,4,Wednesday,Summer,1636068,200.5,87.21,122.63,111.86,62.88,16.09,119.69,22.34,27.1,63.8,8.9,0,305796,1280,40.0,13,138,81,24,,,Satellite,Unverified
1845,Jodhpur,Rajasthan,Tourist,2022-07-01,2022,7,Friday,Monsoon,1137815,87.7,40.46,72.71,39.98,54.78,10.67,27.66,21.8,26.2,54.6,18.1,23.3,296101,1195,40.5,10,40,25,11,,,Ground Sensor,Manual Entry
1846,Pune,Maharashtra,Industrial,2023-09-05,2023,9,Tuesday,Monsoon,3124458,28.5,16.56,19.94,50.24,13.36,5.36,25.82,41.5,37.2,63.8,12.3,5.5,564027,4533,14.6,6,91,36,15,,,Ground Sensor,Verified
1847,Agra,Uttar Pradesh,Tourist,2023-12-03,2023,12,Sunday,Winter,1585704,106.1,42.87,82.9,96.35,90.67,3.01,72.07,5.13,21.1,100,13.4,0.8,446959,1460,40.7,15,121,58,30,,,Ground Sensor,Unverified
1848,Bangalore,Karnataka,IT Hub,2023-12-08,2023,12,Friday,Winter,8443675,242.4,85.0,166.41,143.37,53.61,9.46,22.43,14.16,18.6,28.3,21.4,2.5,1547604,14978,19.2,13,786,385,211,,,CPCB,Manual Entry
1849,Nagpur,Maharashtra,Commercial,2023-07-08,2023,7,Saturday,Monsoon,2405665,55.8,20.93,49.73,55.03,15.97,2.46,96.05,48.98,27.6,35.5,21.8,23.0,505089,3155,17.1,11,72,37,19,,,State PCB,Auto
1850,Jodhpur,Rajasthan,Tourist,2022-08-26,2022,8,Friday,Monsoon,1137815,85.9,35.51,65.09,10.55,58.27,1.05,62.81,17.63,29.6,37.9,9.9,19.1,246601,1471,5.6,8,30,14,7,,,State PCB,Auto
1851,Vadodara,Gujarat,Industrial,2022-12-17,2022,12,Saturday,Winter,1670806,210.6,88.41,185.34,26.08,14.29,20.52,144.78,6.46,32.5,69.1,5.6,0.3,565291,1860,39.9,19,64,32,18,,,Ground Sensor,Unverified
1852,Rajkot,Gujarat,Industrial,2022-11-14,2022,11,Monday,Winter,1286995,39.9,13.51,25.84,78.92,65.0,16.04,48.41,41.08,28.0,88.5,20.5,2.5,389602,1851,21.0,19,43,20,10,,,State PCB,Manual Entry
1853,Nagpur,Maharashtra,Commercial,2023-02-04,2023,2,Saturday,Winter,2405665,168.8,56.72,101.8,107.5,48.09,1.58,98.65,20.82,27.0,53.1,15.7,0,524191,1479,23.7,22,175,80,38,,,CPCB,Verified
1854,Faridabad,Haryana,Industrial,2022-10-26,2022,10,Wednesday,Post-Monsoon,1394000,60.1,30.77,46.82,80.16,90.94,1.92,28.07,35.83,24.3,49.1,25.4,0,316599,1363,30.8,11,67,37,16,,,CPCB,Unverified
1855,Pune,Maharashtra,Industrial,2023-05-24,2023,5,Wednesday,Summer,3124458,116.1,57.49,93.01,96.73,17.44,6.13,79.52,45.83,26.6,66.7,23.4,3.6,751253,4717,22.1,17,195,124,42,,,Satellite,Verified
1856,Delhi,Delhi,Urban,2022-11-25,2022,11,Friday,Winter,16787941,196.6,70.2,157.28,88.56,102.32,13.63,136.05,19.81,33.2,65.2,14.6,0,5868457,10105,44.8,5,1122,534,215,,,State PCB,Unverified
1857,Agra,Uttar Pradesh,Tourist,2022-11-20,2022,11,Sunday,Winter,1585704,70.5,34.7,49.57,132.48,90.52,3.87,110.93,32.98,32.9,38.3,15.8,5.4,472881,2413,20.5,11,133,72,21,,,Ground Sensor,Verified
1858,Chennai,Tamil Nadu,Coastal,2023-05-20,2023,5,Saturday,Summer,7088000,176.7,88.52,142.49,83.05,30.79,14.88,27.83,41.44,21.9,50.6,7.3,0,2366238,10740,10.1,19,595,354,127,,,Ground Sensor,Auto
1859,Bhopal,Madhya Pradesh,Administrative,2023-01-27,2023,1,Friday,Winter,1795648,181.4,66.62,158.8,86.55,19.75,7.69,135.17,23.13,28.1,58.8,11.4,5.0,373089,3102,18.7,21,121,71,25,,,Ground Sensor,Auto
1860,Kanpur,Uttar Pradesh,Industrial,2023-02-02,2023,2,Thursday,Winter,2920496,262.0,92.63,169.73,52.78,77.79,5.95,50.47,15.94,21.6,42.2,19.8,0.6,826090,3042,30.1,8,195,91,48,,,CPCB,Manual Entry
1861,Indore,Madhya Pradesh,Commercial,2022-02-04,2022,2,Friday,Winter,1994397,103.3,46.32,68.08,91.67,81.41,4.78,106.0,38.59,42.5,61.8,11.3,7.1,517836,3308,15.9,10,153,68,33,,,Satellite,Unverified
1862,Ranchi,Jharkhand,Industrial,2023-06-16,2023,6,Friday,Monsoon,1073440,74.9,32.59,62.94,36.64,42.54,2.91,104.69,32.78,,64.4,15.7,0,314070,1983,38.9,11,32,15,6,,,Satellite,Verified
1863,Lucknow,Uttar Pradesh,Administrative,2023-12-17,2023,12,Sunday,Winter,2815601,98.5,50.29,84.27,109.5,107.56,13.62,26.08,35.9,32.5,26.0,19.3,6.1,590141,2107,22.8,17,213,114,35,,,CPCB,Manual Entry
1864,Jodhpur,Rajasthan,Tourist,2023-02-21,2023,2,Tuesday,Winter,1137815,29.1,9.79,24.81,38.16,84.76,5.0,141.21,42.39,28.9,84.4,9.8,1.0,208685,1660,9.7,16,33,13,8,,,CPCB,Auto
1865,Hyderabad,Telangana,IT Hub,2022-11-15,2022,11,Tuesday,Winter,6809970,179.7,87.18,129.05,125.34,74.52,9.46,134.39,20.27,16.2,67.3,11.1,3.2,1885099,9831,44.0,20,529,252,111,,,CPCB,Auto
1866,Kolkata,West Bengal,Urban,2023-02-06,2023,2,Monday,Winter,4496694,232.9,128.73,125.04,55.22,76.89,7.99,99.26,17.37,16.1,53.0,13.9,4.3,925090,5639,16.7,5,484,197,117,,,Ground Sensor,Unverified
1867,Jaipur,Rajasthan,Tourist,2022-12-16,2022,12,Friday,Winter,3046163,151.2,67.04,128.3,130.44,108.23,7.72,60.91,49.6,54.2,90.5,0.6,0,720880,3554,6.0,17,317,218,68,,,Ground Sensor,Unverified
1868,Ghaziabad,Uttar Pradesh,Industrial,2022-04-30,2022,4,Saturday,Summer,1636068,,37.39,84.23,58.33,76.75,5.54,91.96,10.47,31.7,52.4,11.7,1.5,356488,1703,43.7,5,72,48,18,,,State PCB,Manual Entry
1869,Lucknow,Uttar Pradesh,Administrative,2023-12-16,2023,12,Saturday,Winter,2815601,125.6,69.95,66.29,103.22,77.2,7.97,94.21,42.77,32.1,54.4,12.6,7.0,507699,3217,12.5,5,236,103,54,,,State PCB,Manual Entry
1870,Lucknow,Uttar Pradesh,Administrative,2023-01-15,2023,1,Sunday,Winter,2815601,,108.47,225.48,43.72,48.59,10.26,86.34,34.64,33.8,58.5,7.6,1.0,809654,4923,28.2,6,240,118,47,,,Ground Sensor,Unverified
1871,Ludhiana,Punjab,Industrial,2022-05-16,2022,5,Monday,Summer,1618879,168.4,88.98,122.23,87.68,36.6,11.87,22.99,7.89,12.5,76.7,11.8,0,499552,1026,13.5,23,136,65,25,,,Ground Sensor,Auto
1872,Vadodara,Gujarat,Industrial,2022-06-23,2022,6,Thursday,Monsoon,1670806,42.6,13.56,31.2,24.58,30.76,9.89,32.27,46.62,29.0,71.2,6.0,0,467623,2892,19.8,3,34,22,5,,,Satellite,Manual Entry
1873,Lucknow,Uttar Pradesh,Administrative,2023-05-17,2023,5,Wednesday,Summer,2815601,167.4,78.27,134.02,98.5,86.11,8.73,143.5,2.87,27.7,54.4,0.3,11.7,833322,4351,33.0,9,271,150,43,,,Satellite,Unverified
1874,Srinagar,Jammu & Kashmir,Tourist,2022-09-04,2022,9,Sunday,Monsoon,1180570,101.8,43.24,88.15,48.22,14.78,1.49,134.71,6.87,34.3,58.6,7.8,23.4,344085,1694,34.4,6,44,27,9,,,CPCB,Verified
1875,Ahmedabad,Gujarat,Industrial,2023-01-24,2023,1,Tuesday,Winter,5570585,158.3,67.24,139.54,101.62,8.9,17.77,67.92,29.12,37.0,47.0,10.9,0,1940306,10220,9.3,5,426,224,97,,,State PCB,Auto
1876,Mumbai,Maharashtra,Industrial,2023-10-02,2023,10,Monday,Post-Monsoon,12478447,240.9,100.11,140.73,51.52,62.85,17.71,105.18,44.85,23.9,60.5,19.9,1.1,2316913,8420,44.0,3,762,350,186,,,State PCB,Manual Entry
1877,Patna,Bihar,Administrative,2022-06-26,2022,6,Sunday,Monsoon,1684222,153.1,91.77,110.06,78.32,40.14,7.86,145.96,1.85,22.7,79.7,6.4,0,382262,3074,32.3,21,110,55,32,,,State PCB,Manual Entry
1878,Delhi,Delhi,Urban,2022-12-07,2022,12,Wednesday,Winter,16787941,183.7,104.3,138.79,83.37,90.25,20.05,57.6,4.95,24.6,49.6,12.9,2.7,3026024,21314,35.8,18,1690,713,354,,,CPCB,Manual Entry
1879,Bangalore,Karnataka,IT Hub,2022-03-16,2022,3,Wednesday,Summer,8443675,276.1,110.37,193.78,129.12,49.28,11.97,53.95,49.78,26.0,51.2,9.9,14.4,2258785,12585,36.5,23,856,379,227,,,State PCB,Verified
1880,Pune,Maharashtra,Industrial,2023-05-05,2023,5,Friday,Summer,3124458,160.9,49.43,109.58,35.94,12.31,1.38,145.73,39.72,18.3,75.4,10.1,4.5,929913,3703,12.6,3,109,74,17,,,Satellite,Verified
1881,Srinagar,Jammu & Kashmir,Tourist,2022-10-08,2022,10,Saturday,Post-Monsoon,1180570,,,96.5,105.78,69.85,1.9,134.22,1.12,28.2,83.6,10.6,0,234409,2096,15.0,6,103,45,18,,,Satellite,Manual Entry
1882,Hyderabad,Telangana,IT Hub,2022-11-22,2022,11,Tuesday,Winter,6809970,278.8,110.99,167.19,102.12,22.34,17.79,76.08,14.31,31.7,66.9,21.9,0,2128304,13390,7.3,9,579,242,166,,,CPCB,Manual Entry
1883,Bangalore,Karnataka,IT Hub,2023-08-26,2023,8,Saturday,Monsoon,8443675,95.8,41.12,52.12,80.5,21.07,10.92,40.48,37.76,37.4,79.8,13.4,0,2856845,9431,21.5,25,317,138,86,,,CPCB,Verified
1884,Mumbai,Maharashtra,Industrial,2022-03-20,2022,3,Sunday,Summer,12478447,228.0,72.79,178.69,37.53,62.92,2.5,79.12,41.45,24.0,76.4,20.7,0.5,4167379,9734,12.7,19,709,421,211,,,Satellite,Unverified
1885,Lucknow,Uttar Pradesh,Administrative,2022-10-16,2022,10,Sunday,Post-Monsoon,2815601,124.5,67.29,63.37,76.24,65.62,11.79,60.79,10.79,31.0,41.8,1.4,0,670860,3999,43.8,8,142,89,40,,,CPCB,Auto
1886,Vadodara,Gujarat,Industrial,2022-08-25,2022,8,Thursday,Monsoon,1670806,71.9,30.14,45.48,44.26,13.83,0.66,85.25,10.07,23.8,100,22.9,0,406600,1034,39.8,19,60,30,13,,,CPCB,Manual Entry
1887,Surat,Gujarat,Industrial,2022-12-11,2022,12,Sunday,Winter,4467797,238.0,96.9,211.77,70.68,72.38,5.9,101.5,7.89,31.7,70.9,14.3,0,1394267,5447,31.5,3,373,168,85,,,CPCB,Auto
1888,Hyderabad,Telangana,IT Hub,2023-01-29,2023,1,Sunday,Winter,6809970,168.4,66.41,91.38,113.77,82.49,3.66,60.61,17.44,14.6,62.0,16.5,0.8,1562695,13199,7.4,4,647,285,133,,,Satellite,Verified
1889,Ahmedabad,Gujarat,Industrial,2022-01-17,2022,1,Monday,Winter,5570585,219.6,70.21,147.04,142.26,26.42,6.42,80.45,24.43,28.4,46.8,3.9,4.8,1631314,7942,5.9,24,495,330,145,,,CPCB,Manual Entry
1890,Coimbatore,Tamil Nadu,Industrial,2023-04-23,2023,4,Sunday,Summer,1061447,130.1,54.63,113.72,68.24,53.66,15.96,141.75,35.1,20.9,84.0,2.4,3.7,205109,867,16.6,22,45,24,9,,,State PCB,Auto
1891,Rajkot,Gujarat,Industrial,2023-02-17,2023,2,Friday,Winter,1286995,218.6,98.75,191.95,82.21,102.63,13.2,56.75,16.39,37.6,41.0,3.2,0,252476,921,43.9,12,133,86,36,,,Satellite,Unverified
1892,Ahmedabad,Gujarat,Industrial,2023-10-27,2023,10,Friday,Post-Monsoon,5570585,130.1,67.03,72.23,112.84,13.71,5.9,47.59,20.91,31.1,58.9,21.8,0.4,1591222,8337,28.3,4,336,165,94,,,CPCB,Manual Entry
1893,Jodhpur,Rajasthan,Tourist,2022-03-11,2022,3,Friday,Summer,1137815,150.9,67.62,129.9,26.53,53.59,15.12,84.31,16.78,24.1,29.3,21.9,0,263110,927,36.9,20,64,39,12,,,Satellite,Auto
1894,Amritsar,Punjab,Tourist,2023-08-18,2023,8,Friday,Monsoon,1132761,112.8,62.61,76.5,74.53,29.72,6.37,65.03,2.26,24.4,43.5,9.1,0,216895,2222,16.2,4,73,40,17,,,Ground Sensor,Manual Entry
1895,Ludhiana,Punjab,Industrial,2023-06-06,2023,6,Tuesday,Monsoon,1618879,77.4,30.33,45.83,57.61,15.28,4.61,144.39,15.04,25.1,40.5,10.5,21.6,324293,2081,33.7,23,52,29,13,,,Ground Sensor,Auto
1896,Lucknow,Uttar Pradesh,Administrative,2023-08-26,2023,8,Saturday,Monsoon,2815601,97.0,41.26,86.23,68.62,24.84,1.74,136.48,34.89,28.5,88.3,17.8,15.8,891255,3603,9.8,9,113,61,31,,,Satellite,Manual Entry
1897,Surat,Gujarat,Industrial,2023-11-09,2023,11,Thursday,Winter,4467797,103.3,55.99,81.54,106.57,82.51,10.37,77.46,3.71,31.3,49.7,20.0,0,1556902,2711,11.1,8,284,179,53,,,State PCB,Verified
1898,Meerut,Uttar Pradesh,Industrial,2022-07-07,2022,7,Thursday,Monsoon,1309023,121.7,57.49,87.82,39.01,42.6,3.18,67.67,17.75,21.2,37.7,6.7,30.4,346461,1221,31.0,12,60,31,10,,,Satellite,Unverified
1899,Indore,Madhya Pradesh,Commercial,2022-11-12,2022,11,Saturday,Winter,1994397,253.9,135.72,129.33,33.59,35.9,0.77,58.03,28.97,38.9,71.5,12.9,0,682430,3618,6.9,16,121,58,26,,,State PCB,Auto
1900,Hyderabad,Telangana,IT Hub,2023-01-18,2023,1,Wednesday,Winter,6809970,284.7,88.27,207.66,166.66,109.3,15.62,64.52,36.31,33.3,59.2,14.5,4.5,1227033,10844,30.1,24,599,400,124,,,Satellite,Manual Entry
1901,Jaipur,Rajasthan,Tourist,2023-11-17,2023,11,Friday,Winter,3046163,150.0,56.24,129.39,25.12,102.07,1.25,24.32,44.54,32.5,71.9,18.5,0,565963,1790,8.9,14,183,81,53,,,Ground Sensor,Manual Entry
1902,Kolkata,West Bengal,Urban,2023-09-09,2023,9,Saturday,Monsoon,4496694,127.1,52.48,93.57,22.25,36.18,0.67,87.99,18.33,33.6,67.7,13.4,0,945579,2469,36.6,4,190,127,34,,,Ground Sensor,Unverified
1903,Hyderabad,Telangana,IT Hub,2022-05-27,2022,5,Friday,Summer,6809970,100.1,58.0,73.97,51.23,47.3,3.62,72.03,46.69,25.7,76.5,20.3,5.5,1679472,12462,43.2,19,366,219,83,,,CPCB,Verified
1904,Kolkata,West Bengal,Urban,2022-03-07,2022,3,Monday,Summer,4496694,157.4,85.29,80.76,53.36,62.18,9.81,142.85,26.95,14.4,99.0,16.0,4.6,1065816,4067,14.7,8,336,215,70,,,Ground Sensor,Manual Entry
1905,Patna,Bihar,Administrative,2022-02-05,2022,2,Saturday,Winter,1684222,175.3,101.78,99.54,30.14,83.02,8.14,102.03,7.36,31.8,48.6,10.0,0,341032,3085,29.5,4,106,54,27,,,Ground Sensor,Verified
1906,Delhi,Delhi,Urban,2022-06-02,2022,6,Thursday,Monsoon,16787941,73.1,43.12,61.65,62.11,40.23,11.12,54.26,5.04,27.9,26.3,11.3,22.3,5495840,12598,18.2,9,833,447,234,,,State PCB,Unverified
1907,Indore,Madhya Pradesh,Commercial,2022-07-11,2022,7,Monday,Monsoon,1994397,130.3,65.17,105.35,88.53,49.23,0.48,89.85,44.96,27.2,54.7,14.0,1.7,496169,3249,21.2,22,,65,25,,,CPCB,Verified
1908,Ghaziabad,Uttar Pradesh,Industrial,2023-05-19,2023,5,Friday,Summer,1636068,135.2,61.2,73.77,53.06,64.19,11.42,43.21,48.41,37.5,72.6,21.6,0,330855,2899,7.8,17,75,37,17,,,Ground Sensor,Auto
1909,Chennai,Tamil Nadu,Coastal,2023-05-17,2023,5,Wednesday,Summer,7088000,67.4,23.5,51.78,115.4,82.15,13.96,136.76,26.5,34.8,69.5,8.7,0,1950166,6041,37.5,9,484,200,87,,,State PCB,Auto
1910,Ranchi,Jharkhand,Industrial,2023-10-13,2023,10,Friday,Post-Monsoon,1073440,187.8,62.67,156.48,88.07,82.67,7.81,72.76,32.58,47.0,67.1,6.3,1.4,254516,618,19.6,22,60,38,13,,,Ground Sensor,Verified
1911,Jaipur,Rajasthan,Tourist,2023-04-27,2023,4,Thursday,Summer,3046163,201.9,94.52,119.94,37.88,71.64,4.77,108.69,11.58,20.1,38.5,13.1,4.3,666207,2324,25.1,11,168,87,43,,,Satellite,Manual Entry
1912,Hyderabad,Telangana,IT Hub,2023-05-26,2023,5,Friday,Summer,6809970,244.6,133.79,194.85,26.24,25.83,12.18,52.05,20.37,9.4,36.6,14.2,7.5,1260269,8219,29.7,14,543,301,145,,,CPCB,Auto
1913,Srinagar,Jammu & Kashmir,Tourist,2022-03-19,2022,3,Saturday,Summer,1180570,136.0,73.41,112.54,14.73,49.58,12.1,54.16,31.62,26.4,63.8,21.5,0,368586,1173,10.4,18,44,23,10,,,State PCB,Auto
1913,Srinagar,Jammu & Kashmir,Tourist,2022-03-19,2022,3,Saturday,Summer,1180570,136.0,73.41,112.54,14.73,49.58,12.1,54.16,31.62,26.4,63.8,21.5,0,368586,1173,10.4,18,44,23,10,,,State PCB,Auto
1914,Faridabad,Haryana,Industrial,2022-03-12,2022,3,Saturday,Summer,1394000,75.8,26.7,67.02,111.82,70.12,14.57,49.22,29.47,,31.4,16.3,10.3,447125,1373,17.2,18,71,40,14,,,CPCB,Verified
1915,Pune,Maharashtra,Industrial,2022-05-18,2022,5,Wednesday,Summer,3124458,96.6,48.06,65.82,34.39,52.8,9.85,31.34,13.89,13.2,86.9,18.6,0,1060236,3589,41.2,5,143,93,28,,,Ground Sensor,Auto
1916,Meerut,Uttar Pradesh,Industrial,2023-01-05,2023,1,Thursday,Winter,1309023,,,61.68,161.52,46.8,17.44,96.09,20.89,36.8,59.4,8.7,0,362935,1780,14.4,24,129,78,35,,,Satellite,Unverified
1917,Jodhpur,Rajasthan,Tourist,2023-11-28,2023,11,Tuesday,Winter,1137815,334.7,125.72,188.13,107.49,96.41,3.85,45.68,25.38,21.7,63.0,14.8,0,232878,2033,37.4,21,132,57,32,,,State PCB,Verified
1918,Varanasi,Uttar Pradesh,Tourist,2023-11-30,2023,11,Thursday,Winter,1198491,29.7,11.2,17.26,83.87,17.6,14.13,96.82,18.9,19.8,62.2,19.7,7.5,263638,1451,17.9,9,32,15,8,,,Ground Sensor,Unverified
1919,Varanasi,Uttar Pradesh,Tourist,2023-12-27,2023,12,Wednesday,Winter,1198491,193.6,75.21,114.25,121.3,108.12,12.99,145.27,48.35,34.2,47.9,15.6,0,286679,1401,44.6,10,88,44,16,,,State PCB,Manual Entry
1920,Lucknow,Uttar Pradesh,Administrative,2022-04-21,2022,4,Thursday,Summer,2815601,81.1,38.24,45.13,92.56,8.19,15.27,37.28,47.38,28.8,33.0,6.7,0,526698,5332,27.3,21,159,80,26,,,CPCB,Verified
1921,Patna,Bihar,Administrative,2022-06-30,2022,6,Thursday,Monsoon,1684222,141.4,58.08,87.29,57.42,9.76,3.66,52.34,21.49,32.5,68.2,5.6,3.3,528403,1888,9.0,3,81,53,13,,,State PCB,Unverified
1922,Indore,Madhya Pradesh,Commercial,2023-11-30,2023,11,Thursday,Winter,1994397,309.6,166.59,257.78,72.91,15.21,10.81,53.76,1.2,29.7,25.0,3.8,0,385472,1320,39.3,24,218,140,52,,,Ground Sensor,Unverified
1923,Agra,Uttar Pradesh,Tourist,2023-03-13,2023,3,Monday,Summer,1585704,174.7,75.79,97.17,17.37,12.85,7.41,99.67,4.19,28.1,50.6,7.3,4.0,534943,2298,32.6,18,57,34,13,,,CPCB,Verified
1924,Agra,Uttar Pradesh,Tourist,2022-05-28,2022,5,Saturday,Summer,1585704,107.1,60.29,72.94,51.52,71.44,4.7,128.93,22.29,22.4,55.9,16.2,5.9,358710,1332,18.5,14,105,45,21,,,CPCB,Manual Entry
1925,Chennai,Tamil Nadu,Coastal,2022-09-22,2022,9,Thursday,Monsoon,7088000,24.1,8.16,21.04,69.57,38.43,4.64,73.13,36.83,29.4,77.5,8.9,21.0,1905853,5562,22.1,19,286,127,69,,,Satellite,Unverified
1926,Srinagar,Jammu & Kashmir,Tourist,2023-01-03,2023,1,Tuesday,Winter,1180570,68.2,27.92,49.89,148.2,55.64,16.44,73.21,26.1,25.3,40.1,11.6,2.6,240953,1852,21.3,16,90,43,20,,,Ground Sensor,Verified
1927,Chennai,Tamil Nadu,Coastal,2023-04-18,2023,4,Tuesday,Summer,7088000,67.8,36.86,60.07,63.9,76.55,15.94,64.52,38.11,25.0,70.8,11.3,4.8,1333264,10619,10.1,11,370,185,98,,,State PCB,Verified
1928,Agra,Uttar Pradesh,Tourist,2023-08-11,2023,8,Friday,Monsoon,1585704,89.8,40.98,56.61,59.3,10.58,6.69,111.11,38.67,15.6,55.7,16.0,0,317428,1170,44.2,4,48,22,12,,,Ground Sensor,Auto
1929,Bangalore,Karnataka,IT Hub,2022-11-15,2022,11,Tuesday,Winter,8443675,780.7,156.97,197.29,160.62,58.94,1.37,22.94,39.12,34.5,85.0,2.8,1.6,2943538,14231,20.2,10,933,443,204,,,Ground Sensor,Auto
1930,Surat,Gujarat,Industrial,2022-03-20,2022,3,Sunday,Summer,4467797,142.1,43.83,111.05,53.79,72.9,15.07,100.79,14.86,27.8,22.7,12.9,4.2,1415428,2921,7.5,4,250,120,64,,,State PCB,Unverified
1931,Delhi,Delhi,Urban,2023-08-25,2023,8,Friday,Monsoon,16787941,90.5,31.03,56.73,69.96,15.6,0.68,43.31,34.72,41.4,69.7,17.4,14.0,5598594,29268,18.9,14,627,366,99,,,State PCB,Auto
1932,Visakhapatnam,Andhra Pradesh,Coastal,2022-07-12,2022,7,Tuesday,Monsoon,1728128,94.1,45.56,81.53,35.96,43.25,3.56,68.98,27.67,26.2,52.2,22.9,6.2,588250,2877,40.4,16,79,44,22,,,CPCB,Unverified
1933,Rajkot,Gujarat,Industrial,2022-10-25,2022,10,Tuesday,Post-Monsoon,1286995,201.1,94.21,164.27,85.81,32.51,4.23,35.28,39.94,16.6,79.2,11.7,8.9,289188,1766,40.0,12,81,47,19,,,CPCB,Auto
1934,Varanasi,Uttar Pradesh,Tourist,2023-05-11,2023,5,Thursday,Summer,1198491,,,84.29,94.16,24.78,12.53,101.96,47.9,16.8,47.2,0.8,0,382351,2094,37.0,24,53,34,9,,,Ground Sensor,Unverified
1935,Coimbatore,Tamil Nadu,Industrial,2022-06-18,2022,6,Saturday,Monsoon,1061447,112.3,66.11,59.18,84.11,29.7,7.28,87.73,34.08,20.1,28.3,2.0,0,202021,2004,21.0,21,56,31,10,,,CPCB,Unverified
1936,Faridabad,Haryana,Industrial,2023-11-18,2023,11,Saturday,Winter,1394000,204.5,115.51,121.86,69.09,39.51,14.08,137.46,30.68,19.6,52.3,6.9,4.7,294717,1513,17.2,3,114,64,23,,,State PCB,Manual Entry
1937,Agra,Uttar Pradesh,Tourist,2022-05-28,2022,5,Saturday,Summer,1585704,107.4,34.09,56.75,87.67,56.9,4.72,21.3,3.18,20.7,37.2,7.9,0,414620,2032,28.1,23,80,37,16,,,CPCB,Verified
1938,Nagpur,Maharashtra,Commercial,2023-05-08,2023,5,Monday,Summer,2405665,149.2,68.01,101.11,128.39,31.9,4.0,118.93,27.47,33.5,71.8,13.2,0,646144,3277,18.8,13,153,105,31,,,CPCB,Verified
1939,Mumbai,Maharashtra,Industrial,2023-11-28,2023,11,Tuesday,Winter,12478447,,,227.42,121.7,101.86,19.47,108.37,34.25,25.8,76.2,16.1,0,2545662,14598,32.7,17,1195,515,309,,,State PCB,Unverified
1940,Hyderabad,Telangana,IT Hub,2022-04-16,2022,4,Saturday,Summer,6809970,659.9,52.45,98.05,27.21,69.63,12.48,101.53,46.97,,34.3,10.5,12.4,1429486,10464,10.2,5,250,103,61,,,Ground Sensor,Unverified
1941,Agra,Uttar Pradesh,Tourist,2022-12-16,2022,12,Friday,Winter,1585704,218.3,119.06,148.3,167.01,99.89,3.02,76.07,23.7,22.2,41.7,4.0,0,536635,2564,19.0,17,168,68,29,,,Ground Sensor,Unverified
1942,Kolkata,West Bengal,Urban,2022-06-18,2022,6,Saturday,Monsoon,4496694,54.7,18.03,31.89,32.49,36.21,8.17,93.02,32.31,28.6,100,7.0,18.9,858276,8685,6.3,21,119,73,32,,,Satellite,Verified
1943,Ludhiana,Punjab,Industrial,2022-11-02,2022,11,Wednesday,Winter,1618879,152.0,68.32,131.83,131.19,51.9,4.68,78.74,28.23,24.3,24.0,8.4,4.4,371790,2043,22.5,21,133,89,39,,,Satellite,Auto
1944,Bhopal,Madhya Pradesh,Administrative,2022-01-05,2022,1,Wednesday,Winter,1795648,139.1,77.67,121.89,22.05,55.72,15.51,95.54,46.25,37.2,64.9,10.3,0,418767,1267,5.1,8,113,56,25,,,Ground Sensor,Auto
1945,Agra,Uttar Pradesh,Tourist,2023-01-01,2023,1,Sunday,Winter,1585704,,,206.19,21.25,88.55,14.68,72.94,1.33,35.6,54.1,1.5,0.7,508822,1992,35.5,13,73,35,15,,,State PCB,Verified
1946,Meerut,Uttar Pradesh,Industrial,2023-09-22,2023,9,Friday,Monsoon,1309023,117.9,39.25,95.04,74.61,35.31,2.27,126.21,36.35,34.0,56.4,23.1,35.6,265536,1621,39.9,19,54,37,8,,,Ground Sensor,Verified
1947,Surat,Gujarat,Industrial,2023-11-18,2023,11,Saturday,Winter,4467797,161.2,53.09,124.03,159.97,35.96,16.0,92.84,12.78,34.9,58.4,26.6,0,976654,5586,29.1,22,385,219,93,,,CPCB,Auto
1948,Coimbatore,Tamil Nadu,Industrial,2022-12-22,2022,12,Thursday,Winter,1061447,194.1,102.59,147.34,123.7,22.03,11.87,81.55,34.3,35.3,100,20.8,0,289982,1321,7.5,5,83,47,15,,,Ground Sensor,Unverified
1949,Pune,Maharashtra,Industrial,2023-03-10,2023,3,Friday,Summer,3124458,135.1,75.02,98.07,84.83,13.44,14.43,60.89,1.14,21.8,30.5,7.3,0,1013674,4460,6.1,25,186,110,35,,,Ground Sensor,Manual Entry
1950,Ludhiana,Punjab,Industrial,2023-06-17,2023,6,Saturday,Monsoon,1618879,121.2,72.44,77.94,68.17,13.2,0.55,58.96,1.82,45.0,43.3,11.7,20.2,441481,3058,23.6,17,84,40,13,,,Satellite,Verified
1951,Rajkot,Gujarat,Industrial,2023-01-18,2023,1,Wednesday,Winter,1286995,231.4,91.02,146.7,150.58,70.65,12.35,79.54,41.91,29.3,10,23.7,0.1,412903,1761,32.3,5,121,81,36,,,Ground Sensor,Manual Entry
1952,Kolkata,West Bengal,Urban,2022-08-05,2022,8,Friday,Monsoon,4496694,102.5,36.03,73.45,72.52,35.06,4.51,98.12,48.94,13.3,65.8,4.2,0,1179681,7219,40.4,16,222,127,61,,,CPCB,Manual Entry
1953,Nagpur,Maharashtra,Commercial,2023-07-31,2023,7,Monday,Monsoon,2405665,179.4,90.05,153.68,56.84,28.22,0.6,88.08,9.73,26.6,61.8,14.1,14.4,766020,3577,19.6,21,114,66,31,,,Ground Sensor,Verified
1954,Surat,Gujarat,Industrial,2023-04-26,2023,4,Wednesday,Summer,4467797,156.0,59.03,90.14,52.88,57.87,7.3,46.59,18.57,34.0,80.6,5.1,0.3,988572,5856,5.1,20,236,144,53,,,CPCB,Verified
1955,Amritsar,Punjab,Tourist,2022-08-25,2022,8,Thursday,Monsoon,1132761,160.4,59.38,110.59,34.38,41.35,2.11,46.26,14.03,29.7,67.1,12.8,3.7,293501,1855,29.1,10,40,21,8,,,Ground Sensor,Verified
1956,Ghaziabad,Uttar Pradesh,Industrial,2023-06-09,2023,6,Friday,Monsoon,1636068,93.2,54.47,53.05,11.67,32.3,1.92,134.29,15.96,22.8,30.9,10.9,0,325702,2022,40.2,21,61,38,10,,,CPCB,Verified
1957,Faridabad,Haryana,Industrial,2022-10-25,2022,10,Tuesday,Post-Monsoon,1394000,27.7,16.38,21.25,56.97,61.99,0.9,111.43,43.41,30.6,75.4,18.8,6.1,369069,2174,44.4,23,53,33,14,,,State PCB,Auto
1958,Bhopal,Madhya Pradesh,Administrative,2023-11-24,2023,11,Friday,Winter,1795648,172.4,63.32,147.57,23.13,42.85,14.25,94.62,17.27,34.1,63.1,9.5,1.5,429271,1208,8.3,13,73,32,12,,,Ground Sensor,Auto
1959,Vadodara,Gujarat,Industrial,2023-01-12,2023,1,Thursday,Winter,1670806,239.0,143.37,158.15,26.53,47.46,9.87,102.4,21.44,32.2,62.9,14.5,2.3,303545,2940,30.4,24,140,74,36,,,Ground Sensor,Unverified
1960,Ghaziabad,Uttar Pradesh,Industrial,2023-08-12,2023,8,Saturday,Monsoon,1636068,145.6,54.4,114.97,11.12,51.77,1.52,55.21,46.28,37.7,27.9,21.4,35.7,455799,884,26.1,19,50,28,13,,,Satellite,Manual Entry
1961,Jaipur,Rajasthan,Tourist,2023-11-16,2023,11,Thursday,Winter,3046163,,,118.02,127.23,53.11,7.84,80.61,8.19,30.2,56.0,1.5,1.5,707099,2096,27.8,21,222,144,47,,,Satellite,Auto
1962,Surat,Gujarat,Industrial,2022-04-14,2022,4,Thursday,Summer,4467797,178.7,69.99,138.98,54.94,31.03,1.64,58.01,16.59,23.2,47.2,20.5,0,1310306,4873,29.4,3,224,147,63,,,CPCB,Auto
1963,Srinagar,Jammu & Kashmir,Tourist,2023-07-26,2023,7,Wednesday,Monsoon,1180570,93.9,36.45,49.82,84.98,9.26,8.82,111.38,31.26,21.8,60.1,12.8,15.2,309819,2176,9.9,14,42,26,9,,,State PCB,Unverified
1964,Jaipur,Rajasthan,Tourist,2022-04-29,2022,4,Friday,Summer,3046163,869.2,89.97,139.23,97.71,75.77,11.35,55.76,5.8,34.0,57.4,15.2,2.0,784091,2191,18.8,18,250,168,59,,,Ground Sensor,Unverified
1965,Hyderabad,Telangana,IT Hub,2022-08-29,2022,8,Monday,Monsoon,6809970,179.4,85.87,156.02,53.46,39.02,10.19,141.94,11.28,32.5,56.8,19.4,4.1,2286320,5337,26.8,8,443,225,111,,,State PCB,Unverified
1966,Chennai,Tamil Nadu,Coastal,2023-06-25,2023,6,Sunday,Monsoon,7088000,38.6,20.52,25.02,15.76,7.18,6.07,119.48,28.63,19.3,51.0,5.3,3.3,1423406,4604,9.8,25,130,76,23,,,Satellite,Unverified
1967,Ludhiana,Punjab,Industrial,2023-10-20,2023,10,Friday,Post-Monsoon,1618879,127.7,38.39,76.89,38.46,88.64,13.57,136.11,16.64,30.6,75.9,15.0,5.8,416272,1049,7.0,21,79,34,11,,,State PCB,Unverified
1968,Lucknow,Uttar Pradesh,Administrative,2022-06-01,2022,6,Wednesday,Monsoon,2815601,92.9,45.33,75.14,77.55,52.46,7.04,30.54,37.28,33.2,61.2,7.7,0,647240,2368,35.6,8,164,97,40,,,Ground Sensor,Unverified
1969,Ghaziabad,Uttar Pradesh,Industrial,2023-08-10,2023,8,Thursday,Monsoon,1636068,118.0,61.48,102.55,17.3,11.36,10.28,41.71,25.29,35.2,15.7,4.6,13.5,316217,1177,37.6,8,64,36,14,,,State PCB,Manual Entry
1970,Lucknow,Uttar Pradesh,Administrative,2023-10-30,2023,10,Monday,Post-Monsoon,2815601,748.6,39.41,82.77,88.94,79.32,6.79,126.1,27.48,24.5,100,19.1,0,782637,1858,9.3,20,164,107,25,,,Satellite,Verified
1970,Lucknow,Uttar Pradesh,Administrative,2023-10-30,2023,10,Monday,Post-Monsoon,2815601,748.6,39.41,82.77,88.94,79.32,6.79,126.1,27.48,24.5,100,19.1,0,782637,1858,9.3,20,164,107,25,,,Satellite,Verified
1971,Ahmedabad,Gujarat,Industrial,2023-07-16,2023,7,Sunday,Monsoon,5570585,88.2,52.16,72.92,15.01,42.74,3.31,138.27,25.64,42.2,69.5,8.8,13.9,1167517,9511,39.1,7,201,91,35,,,CPCB,Verified
1972,Bangalore,Karnataka,IT Hub,2023-09-03,2023,9,Sunday,Monsoon,8443675,105.0,52.43,91.78,68.87,15.31,8.58,31.24,8.56,32.9,77.7,8.2,16.2,2172061,7955,39.6,7,438,198,88,,,Satellite,Manual Entry
1973,Ranchi,Jharkhand,Industrial,2023-02-07,2023,2,Tuesday,Winter,1073440,108.5,55.46,66.34,71.91,92.23,9.48,31.99,19.16,40.6,99.8,3.3,4.7,234334,2145,42.3,17,84,56,14,,,Satellite,Auto
1974,Patna,Bihar,Administrative,2023-04-08,2023,4,Saturday,Summer,1684222,162.7,91.12,129.85,26.21,39.27,11.68,70.68,25.16,21.4,39.1,11.0,4.7,518357,3216,32.7,14,103,50,27,,,Ground Sensor,Manual Entry
1975,Bangalore,Karnataka,IT Hub,2023-01-11,2023,1,Wednesday,Winter,8443675,161.6,51.03,98.36,88.27,71.83,19.84,105.15,20.51,36.5,55.6,8.3,5.3,2413221,15779,18.9,13,471,203,73,,,Satellite,Unverified
1976,Srinagar,Jammu & Kashmir,Tourist,2022-04-05,2022,4,Tuesday,Summer,1180570,54.9,18.04,43.73,99.46,61.75,5.02,43.86,1.24,21.1,84.6,11.2,8.6,305889,2318,6.1,19,48,26,13,,,Satellite,Manual Entry
1977,Visakhapatnam,Andhra Pradesh,Coastal,2023-10-23,2023,10,Monday,Post-Monsoon,1728128,200.5,75.84,121.34,86.16,39.58,11.26,94.68,38.83,26.1,56.3,7.5,0,358662,2369,13.5,19,143,88,39,,,Ground Sensor,Manual Entry
1978,Nagpur,Maharashtra,Commercial,2023-06-12,2023,6,Monday,Monsoon,2405665,125.3,47.22,111.77,80.61,33.45,1.05,110.06,46.17,16.7,56.0,2.2,16.3,811886,3955,26.2,20,109,68,18,,,Ground Sensor,Manual Entry
1979,Kanpur,Uttar Pradesh,Industrial,2022-04-21,2022,4,Thursday,Summer,2920496,260.2,125.1,153.27,120.58,18.6,5.07,82.7,32.64,40.4,42.7,5.5,3.0,633109,5401,36.9,14,212,85,36,,,Ground Sensor,Unverified
1980,Surat,Gujarat,Industrial,2022-03-17,2022,3,Thursday,Summer,4467797,188.2,101.7,136.19,69.79,42.82,6.39,125.9,3.04,26.5,41.0,13.5,6.6,853649,4323,43.3,8,314,200,52,,,Satellite,Verified
1981,Varanasi,Uttar Pradesh,Tourist,2022-02-28,2022,2,Monday,Winter,1198491,203.6,93.49,102.95,101.52,82.6,3.82,114.9,38.89,37.1,33.6,10.8,10.8,308647,2095,24.4,22,125,78,36,,,Satellite,Auto
1982,Ghaziabad,Uttar Pradesh,Industrial,2023-04-15,2023,4,Saturday,Summer,1636068,181.0,86.41,130.48,68.61,63.09,8.14,146.24,6.17,19.0,73.1,15.4,3.9,341605,1577,21.0,22,140,59,21,,,Ground Sensor,Auto
1983,Lucknow,Uttar Pradesh,Administrative,2022-02-22,2022,2,Tuesday,Winter,2815601,299.7,94.85,211.41,34.37,73.12,14.69,71.77,37.44,28.1,62.4,12.3,5.1,668943,2436,5.8,3,181,72,28,,,State PCB,Unverified
1984,Amritsar,Punjab,Tourist,2022-04-30,2022,4,Saturday,Summer,1132761,184.1,64.58,121.2,111.28,77.6,15.61,25.44,5.69,27.9,49.8,14.3,0.7,379994,1494,15.7,21,70,35,12,,,Ground Sensor,Auto
1985,Patna,Bihar,Administrative,2023-09-23,2023,9,Saturday,Monsoon,1684222,50.8,16.24,42.49,16.57,38.28,1.24,122.89,47.07,27.0,74.4,11.8,8.7,346625,1125,41.7,13,31,19,8,,,Ground Sensor,Verified
1986,Patna,Bihar,Administrative,2023-04-02,2023,4,Sunday,Summer,1684222,174.1,59.86,91.45,116.8,7.13,13.04,125.66,13.41,23.3,94.8,7.9,3.3,581478,2625,38.8,24,128,57,32,,,State PCB,Manual Entry
1987,Ghaziabad,Uttar Pradesh,Industrial,2022-09-27,2022,9,Tuesday,Monsoon,1636068,88.8,45.17,78.08,58.46,58.36,0.4,134.42,15.43,26.1,88.4,10.3,11.7,562848,1258,25.1,18,66,35,13,,,State PCB,Unverified
1988,Mumbai,Maharashtra,Industrial,2022-06-08,2022,6,Wednesday,Monsoon,12478447,119.4,36.43,64.02,24.52,48.86,1.79,50.56,39.13,20.7,70.7,10.8,0,2840252,15936,5.4,9,349,193,77,,,CPCB,Manual Entry
1989,Agra,Uttar Pradesh,Tourist,2023-03-19,2023,3,Sunday,Summer,1585704,154.5,88.74,103.05,115.9,68.01,7.52,93.8,2.55,40.3,79.6,20.9,0,460847,2801,15.3,25,146,98,35,,,Ground Sensor,Manual Entry
1990,Ghaziabad,Uttar Pradesh,Industrial,2023-09-02,2023,9,Saturday,Monsoon,1636068,69.7,27.77,42.03,76.01,21.79,5.84,54.41,15.93,20.5,72.4,11.4,0,485809,3027,23.6,21,64,32,12,,,State PCB,Auto
1991,Ludhiana,Punjab,Industrial,2022-08-09,2022,8,Tuesday,Monsoon,1618879,141.3,49.76,97.15,38.65,57.8,3.17,115.37,31.95,39.1,87.6,20.6,8.0,371110,1849,12.6,3,66,38,16,,,State PCB,Verified
1992,Ranchi,Jharkhand,Industrial,2022-11-04,2022,11,Friday,Winter,1073440,50.8,18.8,33.84,130.55,100.71,12.14,66.68,45.85,18.4,51.5,16.2,0.7,372094,1028,20.5,19,91,56,16,,,State PCB,Auto
1993,Ghaziabad,Uttar Pradesh,Industrial,2023-01-09,2023,1,Monday,Winter,1636068,196.6,76.89,169.25,36.91,7.56,16.68,48.74,35.29,16.2,50.6,-3.8,1.6,472170,997,24.3,3,78,52,19,,,CPCB,Verified
1994,Srinagar,Jammu & Kashmir,Tourist,2022-03-22,2022,3,Tuesday,Summer,1180570,228.5,92.95,184.78,24.06,36.89,3.0,28.99,12.92,26.5,85.0,17.7,4.3,388173,2218,13.1,22,59,33,9,,,Satellite,Verified
1995,Kanpur,Uttar Pradesh,Industrial,2023-03-26,2023,3,Sunday,Summer,2920496,178.3,95.49,98.91,116.48,36.08,1.16,142.01,28.28,18.1,64.2,12.8,0,635392,1615,32.1,13,241,112,63,,,Satellite,Unverified
1996,Indore,Madhya Pradesh,Commercial,2023-10-21,2023,10,Saturday,Post-Monsoon,1994397,131.6,55.77,75.71,13.12,62.96,3.61,132.26,46.78,38.1,33.6,8.3,2.4,576437,1259,14.1,22,71,44,15,,,Ground Sensor,Verified
1997,Jaipur,Rajasthan,Tourist,2022-04-22,2022,4,Friday,Summer,3046163,126.2,44.9,99.51,46.31,54.33,1.04,68.93,49.75,49.8,59.1,17.9,8.2,810450,2445,21.5,12,163,89,42,,,State PCB,Manual Entry
1998,Srinagar,Jammu & Kashmir,Tourist,2022-11-15,2022,11,Tuesday,Winter,1180570,300.4,168.7,192.93,57.8,56.83,5.7,122.76,15.35,31.1,52.5,4.0,0.7,373286,877,27.6,21,108,69,23,,,State PCB,Manual Entry
1999,Surat,Gujarat,Industrial,2022-12-20,2022,12,Tuesday,Winter,4467797,175.6,87.01,107.47,32.81,7.99,6.79,96.9,20.57,26.3,89.1,19.2,0,1411983,4725,18.9,25,223,145,34,,,Ground Sensor,Auto
2000,Srinagar,Jammu & Kashmir,Tourist,2022-05-12,2022,5,Thursday,Summer,1180570,155.4,92.14,104.49,32.38,70.26,4.33,63.99,12.82,41.7,43.7,20.8,2.2,392081,1749,39.4,8,83,56,19,,,Satellite,Auto
2001,Rajkot,Gujarat,Industrial,2022-07-31,2022,7,Sunday,Monsoon,1286995,23.9,11.98,14.06,22.0,23.93,3.76,89.01,42.17,32.2,63.6,9.1,29.6,257251,1502,27.3,16,17,8,3,,,Satellite,Unverified
2002,Kolkata,West Bengal,Urban,2022-12-11,2022,12,Sunday,Winter,4496694,181.9,59.28,122.11,61.59,30.13,10.76,91.19,4.43,33.3,54.0,23.9,0,974333,8292,7.3,14,245,148,39,,,Satellite,Unverified
2003,Surat,Gujarat,Industrial,2023-03-20,2023,3,Monday,Summer,4467797,214.6,78.08,143.73,44.96,61.05,3.77,36.21,5.04,42.7,76.3,19.1,0,1123734,5809,31.7,18,295,160,57,,,CPCB,Manual Entry
2004,Ahmedabad,Gujarat,Industrial,2023-02-11,2023,2,Saturday,Winter,5570585,62.3,30.99,50.86,21.26,68.94,18.18,117.32,18.33,31.6,42.8,4.4,0,1610347,11114,25.7,21,194,133,50,,,Satellite,Verified
2005,Patna,Bihar,Administrative,2022-10-20,2022,10,Thursday,Post-Monsoon,1684222,177.1,58.41,152.67,23.5,40.34,11.69,90.45,16.3,22.7,79.5,13.1,2.0,314981,2652,44.1,10,73,29,13,,,Satellite,Verified
2006,Vadodara,Gujarat,Industrial,2022-11-30,2022,11,Wednesday,Winter,1670806,152.6,85.48,85.14,115.51,51.89,7.89,32.13,35.07,36.0,68.2,16.1,0,447183,1932,17.9,11,148,72,28,,,State PCB,Verified
2007,Mumbai,Maharashtra,Industrial,2023-04-21,2023,4,Friday,Summer,12478447,78.6,42.8,63.3,127.99,66.39,8.03,57.83,32.76,16.9,54.4,18.0,5.0,2980801,8116,12.0,14,776,403,139,,,State PCB,Auto
2008,Pune,Maharashtra,Industrial,2022-02-10,2022,2,Thursday,Winter,3124458,61.0,24.39,48.43,85.35,60.09,8.41,133.72,23.21,42.0,73.4,12.9,0.4,944341,3351,32.0,3,150,102,35,,,Satellite,Unverified
2009,Patna,Bihar,Administrative,2022-03-25,2022,3,Friday,Summer,1684222,203.0,98.41,131.72,115.0,66.16,2.72,119.22,13.48,25.3,58.7,14.8,0.6,495705,877,25.8,19,172,82,40,,,Satellite,Auto
2010,Delhi,Delhi,Urban,2022-01-08,2022,1,Saturday,Winter,16787941,154.9,46.71,81.61,115.65,23.32,19.0,83.48,19.99,31.5,100,15.0,2.9,4953960,24293,28.7,10,850,360,139,,,CPCB,Auto
2011,Jodhpur,Rajasthan,Tourist,2023-09-11,2023,9,Monday,Monsoon,1137815,126.9,38.19,106.51,86.3,29.93,4.31,74.73,1.39,34.0,10,10.9,0,367711,1847,8.5,7,46,20,11,,,State PCB,Unverified
2012,Visakhapatnam,Andhra Pradesh,Coastal,2022-04-20,2022,4,Wednesday,Summer,1728128,170.3,97.45,152.42,59.85,41.51,13.21,30.46,47.46,29.7,73.0,17.8,0,446464,1614,43.9,18,104,49,17,,,Ground Sensor,Unverified
2013,Faridabad,Haryana,Industrial,2022-12-19,2022,12,Monday,Winter,1394000,150.1,67.18,114.63,23.64,97.44,18.53,61.66,37.92,33.0,29.4,16.8,3.1,276919,1051,12.8,8,63,31,14,,,State PCB,Manual Entry
2014,Kolkata,West Bengal,Urban,2022-08-28,2022,8,Sunday,Monsoon,4496694,115.8,61.99,58.99,24.14,26.38,8.14,60.45,30.05,39.5,17.9,5.9,10.9,1303019,4243,10.7,19,192,94,36,,,Ground Sensor,Unverified
2015,Agra,Uttar Pradesh,Tourist,2023-07-26,2023,7,Wednesday,Monsoon,1585704,87.0,29.42,54.98,34.39,34.31,5.7,81.24,41.25,24.8,75.0,8.7,6.1,303295,1531,31.5,13,51,26,11,,,Ground Sensor,Unverified
2016,Vadodara,Gujarat,Industrial,2023-05-18,2023,5,Thursday,Summer,1670806,164.8,88.43,101.7,118.03,11.95,5.46,41.49,37.47,21.9,41.2,7.7,0,482563,1496,23.3,7,148,60,30,,,Ground Sensor,Auto
2017,Ghaziabad,Uttar Pradesh,Industrial,2023-01-27,2023,1,Friday,Winter,1636068,94.4,55.19,76.38,149.01,92.89,13.52,132.71,44.71,38.1,65.9,28.6,0,420804,1582,32.3,11,118,77,33,,,Ground Sensor,Verified
2018,Amritsar,Punjab,Tourist,2022-04-25,2022,4,Monday,Summer,1132761,176.3,80.38,157.7,17.65,6.51,11.26,138.9,2.72,27.4,42.0,12.1,0,345629,758,10.4,4,54,24,14,,,CPCB,Auto
2019,Nagpur,Maharashtra,Commercial,2023-02-09,2023,2,Thursday,Winter,2405665,165.8,67.64,138.81,91.24,35.01,11.03,86.07,36.09,36.4,46.0,6.7,0,576016,3009,19.2,25,170,93,44,,,CPCB,Verified
2020,Lucknow,Uttar Pradesh,Administrative,2023-09-06,2023,9,Wednesday,Monsoon,2815601,60.2,19.63,52.21,57.13,20.27,1.1,132.78,3.65,19.1,82.1,22.0,0,812483,3819,43.5,9,79,32,22,,,Ground Sensor,Auto
2021,Nagpur,Maharashtra,Commercial,2023-06-17,2023,6,Saturday,Monsoon,2405665,129.5,64.51,96.17,50.83,11.97,0.6,44.35,19.88,20.2,62.6,10.0,5.7,562600,1707,34.4,16,88,42,15,,,CPCB,Unverified
2022,Pune,Maharashtra,Industrial,2022-12-12,2022,12,Monday,Winter,3124458,206.4,72.91,149.64,106.43,57.02,1.78,112.56,31.89,13.6,43.1,13.3,1.4,706066,6129,28.6,4,252,143,66,,,Satellite,Unverified
2023,Visakhapatnam,Andhra Pradesh,Coastal,2023-03-11,2023,3,Saturday,Summer,1728128,84.2,28.88,67.39,65.29,46.0,2.98,143.48,47.06,25.9,65.6,16.8,0,602789,2733,42.4,19,90,39,23,,,Satellite,Manual Entry
2024,Ahmedabad,Gujarat,Industrial,2022-03-09,2022,3,Wednesday,Summer,5570585,234.0,82.71,209.17,17.11,48.38,5.84,139.94,16.28,29.9,59.2,13.3,2.7,1644208,3052,36.9,10,267,126,75,,,State PCB,Manual Entry
2025,Ghaziabad,Uttar Pradesh,Industrial,2023-10-11,2023,10,Wednesday,Post-Monsoon,1636068,170.1,96.14,114.95,117.85,57.51,8.99,127.43,8.96,30.3,80.4,15.1,5.0,552336,2817,42.9,22,162,79,27,,,CPCB,Verified
2026,Bhopal,Madhya Pradesh,Administrative,2022-05-20,2022,5,Friday,Summer,1795648,87.4,39.22,53.06,103.8,12.17,5.98,31.3,24.53,27.2,63.4,20.3,0,451984,1113,34.1,11,77,46,19,,,CPCB,Auto
2027,Rajkot,Gujarat,Industrial,2023-10-22,2023,10,Sunday,Post-Monsoon,1286995,213.1,102.93,139.96,75.55,30.87,9.03,148.58,16.5,26.9,44.2,-1.5,0,267301,2130,35.0,17,110,58,22,,,Ground Sensor,Verified
2028,Hyderabad,Telangana,IT Hub,2022-03-09,2022,3,Wednesday,Summer,6809970,172.2,81.39,125.43,34.59,62.76,14.45,122.41,25.14,26.4,37.6,6.9,0,1792437,3520,22.0,8,326,193,77,,,Satellite,Manual Entry
2029,Hyderabad,Telangana,IT Hub,2023-03-30,2023,3,Thursday,Summer,6809970,25.7,15.03,12.85,128.29,23.6,9.24,85.09,37.98,27.4,29.4,17.1,0,1619973,9166,26.6,20,391,166,103,,,Satellite,Auto
2030,Rajkot,Gujarat,Industrial,2022-10-06,2022,10,Thursday,Post-Monsoon,1286995,293.3,140.97,169.33,35.55,24.86,10.71,41.69,28.09,36.6,50.2,21.0,2.0,334585,1361,36.4,12,119,75,27,,,Ground Sensor,Manual Entry
2031,Pune,Maharashtra,Industrial,2022-01-05,2022,1,Wednesday,Winter,3124458,129.6,75.92,79.7,16.78,60.05,5.22,39.51,17.95,25.0,56.2,12.3,3.1,771272,5088,27.9,13,169,86,44,,,Ground Sensor,Unverified
2032,Kolkata,West Bengal,Urban,2022-10-21,2022,10,Friday,Post-Monsoon,4496694,174.1,92.47,97.57,138.35,43.97,3.13,105.5,25.07,23.2,65.8,1.8,0,1548449,2648,17.6,25,502,209,86,,,Ground Sensor,Manual Entry
2033,Kolkata,West Bengal,Urban,2023-10-07,2023,10,Saturday,Post-Monsoon,4496694,70.9,34.01,59.25,92.86,60.27,12.05,118.39,39.66,30.7,65.8,22.5,1.3,958999,3569,27.1,15,246,130,55,,,State PCB,Manual Entry
2034,Visakhapatnam,Andhra Pradesh,Coastal,2022-05-06,2022,5,Friday,Summer,1728128,97.8,57.48,57.12,116.34,41.28,9.14,138.44,19.57,29.9,70.0,8.5,5.0,554296,2427,44.0,10,132,77,29,,,Satellite,Unverified
2035,Kolkata,West Bengal,Urban,2023-08-17,2023,8,Thursday,Monsoon,4496694,90.1,52.5,54.27,82.97,26.47,7.63,140.84,46.53,26.9,79.5,23.8,9.5,853370,4910,30.2,8,201,123,42,,,CPCB,Auto
2036,Nagpur,Maharashtra,Commercial,2023-03-27,2023,3,Monday,Summer,2405665,47.5,20.78,42.43,108.59,49.91,7.14,77.61,35.89,25.2,38.1,9.8,0.7,681997,2497,43.0,21,133,63,28,,,State PCB,Unverified
2037,Delhi,Delhi,Urban,2023-01-06,2023,1,Friday,Winter,16787941,201.1,62.91,134.68,164.08,21.73,3.08,112.19,12.84,37.0,55.3,19.5,0,4021237,21693,38.0,15,,720,299,,,State PCB,Manual Entry
2038,Mumbai,Maharashtra,Industrial,2023-02-14,2023,2,Tuesday,Winter,12478447,190.6,70.81,123.09,86.77,34.76,8.88,46.51,27.99,23.5,61.7,4.6,4.7,2930891,6449,38.7,19,665,451,170,,,Satellite,Verified
2039,Mumbai,Maharashtra,Industrial,2023-08-16,2023,8,Wednesday,Monsoon,12478447,57.9,26.23,38.97,64.16,43.13,2.13,110.65,14.12,20.6,77.6,5.2,0,2383574,11242,13.9,22,389,214,85,,,Satellite,Unverified
2040,Ghaziabad,Uttar Pradesh,Industrial,2022-10-21,2022,10,Friday,Post-Monsoon,1636068,14.5,8.51,9.14,142.86,81.68,11.36,70.93,36.07,15.2,62.5,4.4,0,421466,1184,20.2,24,,47,24,,,Satellite,Unverified
2041,Ahmedabad,Gujarat,Industrial,2022-02-04,2022,2,Friday,Winter,5570585,272.0,92.7,220.37,128.29,96.89,10.37,74.53,43.78,28.6,82.5,11.6,4.4,1535868,9941,19.3,20,606,405,100,,,CPCB,Verified
2042,Srinagar,Jammu & Kashmir,Tourist,2023-03-22,2023,3,Wednesday,Summer,1180570,102.6,46.64,87.09,29.75,84.42,1.15,64.47,1.31,38.9,64.4,13.1,0,228734,1206,13.8,21,55,37,15,,,State PCB,Unverified
2043,Ranchi,Jharkhand,Industrial,2022-09-22,2022,9,Thursday,Monsoon,1073440,96.0,41.36,55.02,22.47,9.15,8.46,89.69,31.14,35.5,58.4,14.5,0,298073,1592,13.3,4,33,17,7,,,CPCB,Manual Entry
2044,Patna,Bihar,Administrative,2023-08-21,2023,8,Monday,Monsoon,1684222,48.2,19.2,41.7,47.23,23.39,7.54,119.3,30.29,27.7,56.9,2.0,16.6,420894,1124,24.4,4,53,34,12,,,CPCB,Verified
2045,Indore,Madhya Pradesh,Commercial,2022-07-15,2022,7,Friday,Monsoon,1994397,159.9,75.71,118.42,76.21,11.92,3.37,37.2,22.6,26.6,84.2,12.0,0,550586,1400,30.7,20,120,81,18,,,Satellite,Unverified
2046,Chennai,Tamil Nadu,Coastal,2023-05-30,2023,5,Tuesday,Summer,7088000,95.1,38.79,59.76,115.59,51.67,3.58,33.89,5.7,26.5,54.6,9.7,0,2172683,9160,7.7,11,433,207,125,,,CPCB,Unverified
2047,Vadodara,Gujarat,Industrial,2023-03-15,2023,3,Wednesday,Summer,1670806,111.7,35.82,90.25,120.44,58.42,15.58,109.35,19.27,33.5,42.9,11.7,0,408839,1399,19.9,3,127,86,19,,,Satellite,Manual Entry
2048,Meerut,Uttar Pradesh,Industrial,2023-02-05,2023,2,Sunday,Winter,1309023,,,125.14,146.3,21.55,18.76,121.41,39.15,29.3,77.8,4.7,3.8,426948,1504,44.4,22,99,68,20,,,Satellite,Manual Entry
2049,Rajkot,Gujarat,Industrial,2023-04-14,2023,4,Friday,Summer,1286995,80.3,45.56,46.99,108.34,52.77,15.98,95.87,46.41,32.0,54.4,16.4,0,416170,723,36.6,21,70,46,11,,,Ground Sensor,Verified
2050,Coimbatore,Tamil Nadu,Industrial,2022-05-08,2022,5,Sunday,Summer,1061447,172.5,53.14,117.69,120.69,27.94,1.69,119.35,43.61,32.6,87.7,12.3,2.6,204462,1537,31.9,10,55,29,11,,,State PCB,Verified
2051,Faridabad,Haryana,Industrial,2022-08-13,2022,8,Saturday,Monsoon,1394000,166.5,50.31,143.57,51.82,9.25,3.24,147.17,13.24,23.5,26.6,9.8,17.8,302313,1107,11.1,14,64,35,12,,,Ground Sensor,Auto
2052,Patna,Bihar,Administrative,2023-06-29,2023,6,Thursday,Monsoon,1684222,100.4,31.15,76.65,35.03,34.9,0.72,113.02,45.46,21.4,51.5,19.3,0,459053,1669,8.7,13,61,40,9,,,Satellite,Auto
2053,Vadodara,Gujarat,Industrial,2022-04-20,2022,4,Wednesday,Summer,1670806,125.1,55.58,93.62,121.21,71.52,10.43,114.12,6.22,27.1,55.1,19.2,0,399463,2734,16.8,16,136,86,22,,,Satellite,Manual Entry
2054,Kolkata,West Bengal,Urban,2023-04-11,2023,4,Tuesday,Summer,4496694,129.5,42.47,64.95,112.1,81.29,7.17,38.4,20.38,18.9,71.1,9.4,7.8,1319320,3833,42.2,18,371,224,67,,,Satellite,Manual Entry
2055,Agra,Uttar Pradesh,Tourist,2023-09-06,2023,9,Wednesday,Monsoon,1585704,155.8,59.63,135.44,73.3,16.86,9.1,33.3,21.97,31.3,68.5,17.8,1.5,450916,1049,11.4,19,87,37,18,,,State PCB,Manual Entry
2056,Vadodara,Gujarat,Industrial,2022-03-03,2022,3,Thursday,Summer,1670806,259.2,129.03,207.57,35.29,59.81,1.86,45.96,34.2,30.8,80.1,17.8,0,555439,1246,23.2,21,130,70,25,,,Ground Sensor,Unverified
2057,Amritsar,Punjab,Tourist,2022-06-29,2022,6,Wednesday,Monsoon,1132761,105.9,57.38,57.61,70.5,8.03,7.98,132.8,28.32,39.0,73.5,8.2,0,304546,2176,30.4,13,62,37,10,,,Ground Sensor,Manual Entry
2058,Mumbai,Maharashtra,Industrial,2023-06-25,2023,6,Sunday,Monsoon,12478447,80.0,34.73,54.29,9.78,29.15,7.01,39.69,31.79,35.3,74.1,6.6,13.9,3497221,21400,34.6,11,234,102,66,,,CPCB,Verified
2059,Visakhapatnam,Andhra Pradesh,Coastal,2022-02-08,2022,2,Tuesday,Winter,1728128,133.0,52.4,97.62,160.16,20.23,2.82,139.85,26.18,24.4,44.3,14.1,1.0,436191,2868,31.7,11,143,59,39,,,CPCB,Manual Entry
2060,Lucknow,Uttar Pradesh,Administrative,2022-11-30,2022,11,Wednesday,Winter,2815601,210.6,76.6,125.98,120.12,43.7,4.34,32.53,18.61,23.1,49.5,14.7,0.3,834628,2669,24.0,19,178,118,32,,,CPCB,Unverified
2061,Jaipur,Rajasthan,Tourist,2022-03-15,2022,3,Tuesday,Summer,3046163,93.5,28.49,46.98,24.46,36.38,10.8,105.41,15.66,21.1,50.3,16.3,0,992183,4499,39.3,15,76,48,17,,,Ground Sensor,Unverified
2062,Agra,Uttar Pradesh,Tourist,2023-02-08,2023,2,Wednesday,Winter,1585704,230.5,98.61,122.41,147.82,12.21,5.92,136.32,26.41,41.6,75.7,10.8,3.0,411693,1196,29.2,17,122,81,33,,,Satellite,Auto
2063,Jaipur,Rajasthan,Tourist,2022-09-14,2022,9,Wednesday,Monsoon,3046163,81.2,40.52,52.88,7.71,23.87,8.25,107.63,31.12,32.9,21.9,11.2,0,563081,3775,37.3,17,86,40,25,,,State PCB,Auto
2064,Ahmedabad,Gujarat,Industrial,2023-03-13,2023,3,Monday,Summer,5570585,148.4,71.8,93.41,42.67,22.62,15.17,70.16,3.2,22.7,52.1,12.4,3.7,1801360,4158,28.6,4,302,180,61,,,Satellite,Unverified
2065,Coimbatore,Tamil Nadu,Industrial,2023-04-25,2023,4,Tuesday,Summer,1061447,222.2,122.89,119.69,92.92,34.1,10.35,76.46,8.11,19.2,78.2,14.1,1.8,292410,1655,17.6,11,78,37,11,,,State PCB,Verified
2066,Srinagar,Jammu & Kashmir,Tourist,2023-02-01,2023,2,Wednesday,Winter,1180570,188.6,73.06,154.02,107.63,96.74,14.93,76.45,21.57,23.6,10,15.5,0.7,284895,1101,10.1,23,115,60,17,,,State PCB,Unverified
2067,Pune,Maharashtra,Industrial,2023-06-18,2023,6,Sunday,Monsoon,3124458,95.1,41.73,82.3,22.98,40.1,3.85,94.51,19.0,35.5,81.3,7.6,8.0,818732,5626,23.3,15,94,54,22,,,CPCB,Unverified
2068,Visakhapatnam,Andhra Pradesh,Coastal,2023-06-10,2023,6,Saturday,Monsoon,1728128,109.9,55.18,82.13,34.98,28.25,6.2,75.66,20.98,23.0,78.0,14.4,28.7,334059,1194,33.0,19,55,25,14,,,State PCB,Manual Entry
2069,Hyderabad,Telangana,IT Hub,2022-03-17,2022,3,Thursday,Summer,6809970,111.7,40.69,91.25,45.91,69.48,5.84,121.94,15.14,40.4,28.5,11.6,1.5,1828191,5449,16.5,4,343,174,70,,,State PCB,Manual Entry
2070,Rajkot,Gujarat,Industrial,2022-09-12,2022,9,Monday,Monsoon,1286995,140.6,81.48,89.39,87.07,23.55,5.71,108.44,15.04,13.9,93.1,22.4,8.5,440133,2040,11.1,11,91,58,23,,,Satellite,Auto
2071,Ludhiana,Punjab,Industrial,2022-11-25,2022,11,Friday,Winter,1618879,150.7,69.87,115.4,25.83,91.09,17.33,41.1,44.62,29.9,57.1,8.0,0,340623,2898,11.1,14,88,48,15,,,CPCB,Manual Entry
2072,Bangalore,Karnataka,IT Hub,2022-06-18,2022,6,Saturday,Monsoon,8443675,130.8,55.31,77.49,18.48,45.59,8.49,34.79,13.94,30.6,81.7,11.2,8.5,1981849,14794,27.0,4,309,173,66,,,CPCB,Verified
2073,Meerut,Uttar Pradesh,Industrial,2022-12-28,2022,12,Wednesday,Winter,1309023,184.6,65.26,131.91,42.68,102.17,15.04,71.12,17.55,24.3,65.5,6.0,0,395240,2269,40.1,13,83,37,12,,,Ground Sensor,Unverified
2074,Hyderabad,Telangana,IT Hub,2022-07-25,2022,7,Monday,Monsoon,6809970,72.0,36.79,38.89,31.7,22.79,5.31,148.44,28.4,16.8,65.5,15.1,17.5,2243961,12382,28.3,3,189,91,56,,,Ground Sensor,Verified
2075,Agra,Uttar Pradesh,Tourist,2023-01-18,2023,1,Wednesday,Winter,1585704,300.4,129.49,262.94,166.64,66.8,13.02,48.25,26.71,29.0,80.2,16.9,0,454625,1483,20.6,8,234,157,51,,,CPCB,Verified
2076,Delhi,Delhi,Urban,2022-05-26,2022,5,Thursday,Summer,16787941,42.7,16.5,27.52,24.68,75.47,5.76,118.87,45.4,42.5,33.2,13.0,3.6,3495072,20317,21.1,16,422,266,100,,,Satellite,Manual Entry
2077,Pune,Maharashtra,Industrial,2022-03-13,2022,3,Sunday,Summer,3124458,173.5,55.53,136.16,94.98,34.75,14.08,30.95,35.34,,59.6,18.7,3.2,952303,4769,19.1,18,170,78,25,,,CPCB,Unverified
2078,Varanasi,Uttar Pradesh,Tourist,2022-02-26,2022,2,Saturday,Winter,1198491,10,5.99,8.09,84.99,67.19,1.54,139.69,27.74,21.7,51.5,7.1,3.9,254246,1195,12.5,11,52,23,14,,,Satellite,Unverified
2079,Amritsar,Punjab,Tourist,2022-04-14,2022,4,Thursday,Summer,1132761,189.3,111.6,136.16,16.49,16.96,16.0,20.64,31.6,38.9,34.7,11.4,0.5,314479,2042,17.7,12,69,44,16,,,Satellite,Verified
2080,Kanpur,Uttar Pradesh,Industrial,2022-03-03,2022,3,Thursday,Summer,2920496,125.8,58.8,63.6,20.58,25.48,4.8,101.8,36.04,40.0,54.3,20.8,0,652122,5354,17.8,11,90,47,19,,,State PCB,Manual Entry
2081,Surat,Gujarat,Industrial,2022-08-05,2022,8,Friday,Monsoon,4467797,43.9,13.34,27.02,28.41,33.95,1.28,56.81,31.83,20.5,79.3,18.8,26.0,1428932,7629,12.4,16,92,54,24,,,State PCB,Verified
2082,Coimbatore,Tamil Nadu,Industrial,2022-04-11,2022,4,Monday,Summer,1061447,102.6,47.64,73.82,31.02,30.8,16.17,69.94,7.02,27.7,71.8,12.2,0,336175,533,33.2,22,29,18,6,,,State PCB,Manual Entry
2083,Ranchi,Jharkhand,Industrial,2022-04-14,2022,4,Thursday,Summer,1073440,187.9,91.47,99.57,52.33,23.09,2.42,27.13,33.86,17.4,52.0,15.3,0,290188,619,41.8,20,76,35,20,,,Satellite,Unverified
2084,Indore,Madhya Pradesh,Commercial,2022-03-30,2022,3,Wednesday,Summer,1994397,143.5,64.24,73.78,24.9,24.51,4.17,20.96,46.32,35.7,100,2.3,0,451079,3281,14.4,6,95,39,27,,,Ground Sensor,Unverified
2085,Agra,Uttar Pradesh,Tourist,2022-10-25,2022,10,Tuesday,Post-Monsoon,1585704,265.6,134.85,149.58,66.42,44.91,2.11,59.34,11.4,26.9,28.4,5.7,3.7,545070,3037,37.8,23,150,65,24,,,Ground Sensor,Auto
2086,Bhopal,Madhya Pradesh,Administrative,2022-04-01,2022,4,Friday,Summer,1795648,150.5,54.52,93.71,117.68,63.73,5.79,117.1,15.77,32.7,81.0,9.3,0,592258,2748,12.5,25,152,84,30,,,State PCB,Manual Entry
2087,Agra,Uttar Pradesh,Tourist,2023-02-21,2023,2,Tuesday,Winter,1585704,131.2,51.77,78.19,112.76,43.39,3.12,98.97,1.01,34.8,53.2,7.4,4.2,324154,3004,16.2,7,127,78,20,,,Ground Sensor,Unverified
2088,Mumbai,Maharashtra,Industrial,2023-04-09,2023,4,Sunday,Summer,12478447,129.0,73.12,65.23,59.39,17.19,10.67,144.62,32.89,22.5,53.4,18.0,0,2512071,23993,42.4,8,702,323,203,,,State PCB,Verified
2089,Hyderabad,Telangana,IT Hub,2023-02-20,2023,2,Monday,Winter,6809970,238.7,94.04,146.54,73.68,50.91,13.85,119.81,30.95,26.0,33.2,15.6,0,2298974,7352,36.5,25,503,308,75,,,State PCB,Unverified
2090,Bhopal,Madhya Pradesh,Administrative,2023-09-22,2023,9,Friday,Monsoon,1795648,134.6,71.67,106.96,85.38,34.7,1.84,32.3,23.16,37.3,100,8.5,0,507296,1934,39.3,14,104,60,25,,,Ground Sensor,Manual Entry
2091,Patna,Bihar,Administrative,2022-05-07,2022,5,Saturday,Summer,1684222,240.9,129.82,172.95,81.56,32.42,11.57,71.78,41.14,25.9,47.3,11.6,3.6,465304,2637,27.6,15,116,73,30,,,Satellite,Unverified
2092,Agra,Uttar Pradesh,Tourist,2022-07-14,2022,7,Thursday,Monsoon,1585704,138.2,48.02,87.77,85.82,33.44,0.87,91.13,17.41,34.3,46.1,14.0,5.5,475056,2624,38.5,5,,48,17,,,CPCB,Unverified
2093,Bhopal,Madhya Pradesh,Administrative,2022-08-06,2022,8,Saturday,Monsoon,1795648,175.9,60.12,104.46,51.07,49.6,4.32,94.53,17.2,30.4,66.3,10.0,0,370244,3463,13.2,14,91,40,14,,,State PCB,Unverified
2094,Ahmedabad,Gujarat,Industrial,2023-08-14,2023,8,Monday,Monsoon,5570585,46.5,21.49,35.81,13.08,43.05,10.79,101.44,49.6,16.2,43.2,1.5,10.1,1515102,8311,20.6,17,129,68,38,,,State PCB,Unverified
2095,Nagpur,Maharashtra,Commercial,2022-01-08,2022,1,Saturday,Winter,2405665,101.3,35.93,74.68,73.01,98.62,17.91,73.05,6.1,18.5,59.4,16.7,0,543747,1288,7.6,24,134,86,27,,,Satellite,Verified
2096,Coimbatore,Tamil Nadu,Industrial,2023-06-02,2023,6,Friday,Monsoon,1061447,95.4,48.73,53.08,21.79,36.95,1.24,47.1,38.2,22.1,58.4,7.2,0,371448,1961,8.0,23,38,21,10,,,Ground Sensor,Unverified
2097,Jodhpur,Rajasthan,Tourist,2022-07-19,2022,7,Tuesday,Monsoon,1137815,134.6,40.44,91.78,86.03,35.89,4.07,132.84,14.86,29.0,67.0,9.0,28.6,236933,1522,16.2,23,62,24,15,,,CPCB,Auto
2098,Chennai,Tamil Nadu,Coastal,2023-11-22,2023,11,Wednesday,Winter,7088000,266.3,110.08,155.86,119.31,49.89,4.33,128.01,26.46,20.9,57.1,21.5,0,2064827,8092,5.6,13,551,304,98,,,Satellite,Verified
2099,Delhi,Delhi,Urban,2022-09-06,2022,9,Tuesday,Monsoon,16787941,10,3.53,8.41,35.1,18.81,8.19,36.72,46.62,30.8,63.9,8.0,0,3690419,20810,36.5,11,220,140,46,,,Ground Sensor,Manual Entry
2100,Faridabad,Haryana,Industrial,2023-05-06,2023,5,Saturday,Summer,1394000,231.2,76.73,133.17,93.84,56.63,13.19,33.06,3.88,32.8,84.5,16.4,3.2,433955,2628,8.9,14,111,55,18,,,CPCB,Verified
2101,Kolkata,West Bengal,Urban,2022-10-20,2022,10,Thursday,Post-Monsoon,4496694,129.8,68.79,84.18,129.48,63.05,10.9,71.64,8.99,30.8,52.4,10.5,0.8,896312,3196,21.0,15,327,172,88,,,State PCB,Auto
2102,Kolkata,West Bengal,Urban,2023-02-11,2023,2,Saturday,Winter,4496694,206.0,96.46,117.82,95.42,73.45,11.99,133.21,26.12,24.5,39.5,14.0,1.9,1280057,7939,22.7,4,392,192,98,,,CPCB,Verified
2103,Meerut,Uttar Pradesh,Industrial,2022-09-19,2022,9,Monday,Monsoon,1309023,10,5.97,7.22,22.74,32.84,10.61,48.02,35.51,32.0,47.6,1.2,14.9,426058,2286,16.8,15,19,8,3,,,Satellite,Unverified
2104,Faridabad,Haryana,Industrial,2022-12-02,2022,12,Friday,Winter,1394000,610.5,130.28,163.52,103.26,94.82,1.02,22.77,5.48,18.7,67.3,11.5,0,316506,712,8.5,23,132,77,21,,,Ground Sensor,Auto
2105,Chennai,Tamil Nadu,Coastal,2023-05-04,2023,5,Thursday,Summer,7088000,237.2,78.73,183.63,59.63,66.03,14.18,60.4,34.82,28.3,55.1,9.1,0.4,1997989,8740,40.4,19,472,297,135,,,Ground Sensor,Auto
2106,Agra,Uttar Pradesh,Tourist,2022-05-24,2022,5,Tuesday,Summer,1585704,131.3,48.29,80.37,119.51,10.1,6.45,38.48,46.27,19.1,60.2,15.7,2.4,439271,2822,43.9,5,102,53,15,,,Satellite,Manual Entry
2107,Kolkata,West Bengal,Urban,2023-05-04,2023,5,Thursday,Summer,4496694,139.8,50.06,119.91,14.46,41.71,11.7,70.75,49.44,23.3,40.9,11.0,1.9,1342642,7602,25.5,11,175,100,48,,,CPCB,Manual Entry
2107,Kolkata,West Bengal,Urban,2023-05-04,2023,5,Thursday,Summer,4496694,139.8,50.06,119.91,14.46,41.71,11.7,70.75,49.44,23.3,40.9,11.0,1.9,1342642,7602,25.5,11,175,100,48,,,CPCB,Manual Entry
2108,Ghaziabad,Uttar Pradesh,Industrial,2022-05-02,2022,5,Monday,Summer,1636068,233.5,71.3,165.53,90.51,62.64,10.53,119.84,10.4,42.5,45.9,16.7,0,518110,2987,18.8,16,,61,19,,,CPCB,Unverified
2109,Pune,Maharashtra,Industrial,2022-12-22,2022,12,Thursday,Winter,3124458,79.3,44.52,58.91,110.73,74.79,11.57,129.26,21.47,16.1,59.3,7.9,0,955686,2458,10.8,21,165,78,31,,,Ground Sensor,Manual Entry
2110,Pune,Maharashtra,Industrial,2022-05-14,2022,5,Saturday,Summer,3124458,157.3,79.76,82.73,40.09,79.83,9.23,127.43,1.47,24.3,62.4,12.1,1.2,1027158,3177,27.7,3,178,110,50,,,Satellite,Verified
2111,Jodhpur,Rajasthan,Tourist,2022-12-14,2022,12,Wednesday,Winter,1137815,360.7,155.01,286.48,36.8,43.95,11.83,24.85,37.23,28.8,54.1,11.1,2.2,336762,1355,20.8,5,102,41,21,,,CPCB,Unverified
2112,Ludhiana,Punjab,Industrial,2023-06-19,2023,6,Monday,Monsoon,1618879,69.0,36.33,39.7,18.48,36.75,10.69,30.34,35.32,31.0,43.4,16.2,35.5,416733,2532,32.2,25,42,24,10,,,State PCB,Auto
2113,Agra,Uttar Pradesh,Tourist,2022-04-12,2022,4,Tuesday,Summer,1585704,116.9,47.59,71.15,76.37,56.16,15.31,90.75,5.31,25.6,53.2,15.5,3.7,329597,1850,26.3,18,102,41,15,,,Satellite,Verified
2114,Surat,Gujarat,Industrial,2023-03-17,2023,3,Friday,Summer,4467797,169.3,92.59,90.09,100.88,71.38,12.45,113.76,27.3,33.7,36.1,0.8,0,1347740,8023,28.1,19,310,206,51,,,Ground Sensor,Manual Entry
2115,Ghaziabad,Uttar Pradesh,Industrial,2022-03-24,2022,3,Thursday,Summer,1636068,198.0,77.15,112.32,23.25,28.31,10.49,105.32,27.36,24.3,83.6,14.8,0,479102,3097,12.1,18,90,44,17,,,State PCB,Manual Entry
2116,Ghaziabad,Uttar Pradesh,Industrial,2023-03-27,2023,3,Monday,Summer,1636068,177.7,75.19,100.4,121.8,24.69,8.55,94.16,12.85,25.7,53.0,16.6,0,517966,1429,42.7,4,138,89,40,,,Satellite,Manual Entry
2117,Agra,Uttar Pradesh,Tourist,2023-02-01,2023,2,Wednesday,Winter,1585704,236.8,110.96,128.02,84.92,82.38,4.52,121.64,24.14,37.5,49.2,22.8,4.7,439387,2317,25.0,11,176,104,48,,,Ground Sensor,Verified
2118,Indore,Madhya Pradesh,Commercial,2022-01-20,2022,1,Thursday,Winter,1994397,121.0,39.66,62.42,124.07,43.87,15.5,41.19,24.64,23.6,53.9,13.4,7.4,560752,1423,28.6,25,100,53,28,,,CPCB,Verified
2119,Faridabad,Haryana,Industrial,2022-02-26,2022,2,Saturday,Winter,1394000,165.9,87.86,102.73,25.35,51.78,17.81,119.9,34.32,44.9,71.2,10.2,0,368669,1604,11.6,17,88,59,15,,,State PCB,Unverified
2120,Coimbatore,Tamil Nadu,Industrial,2023-12-19,2023,12,Tuesday,Winter,1061447,232.1,71.66,185.13,112.88,81.43,14.96,23.75,47.19,28.7,58.1,12.2,2.2,323116,1357,30.9,18,92,59,15,,,Ground Sensor,Auto
2121,Bhopal,Madhya Pradesh,Administrative,2023-09-19,2023,9,Tuesday,Monsoon,1795648,76.9,44.41,67.27,39.51,34.42,2.6,44.21,6.72,28.7,36.3,16.8,23.1,494636,2266,19.4,23,70,28,15,,,Ground Sensor,Manual Entry
2121,Bhopal,Madhya Pradesh,Administrative,2023-09-19,2023,9,Tuesday,Monsoon,1795648,76.9,44.41,67.27,39.51,34.42,2.6,44.21,6.72,28.7,36.3,16.8,23.1,494636,2266,19.4,23,70,28,15,,,Ground Sensor,Manual Entry
2122,Pune,Maharashtra,Industrial,2022-12-01,2022,12,Thursday,Winter,3124458,46.3,15.4,33.37,88.0,48.3,5.97,101.52,14.41,19.5,51.6,6.9,1.3,1062095,5206,43.8,3,144,86,23,,,Ground Sensor,Unverified
2123,Bhopal,Madhya Pradesh,Administrative,2023-05-14,2023,5,Sunday,Summer,1795648,246.5,145.57,209.5,91.75,47.21,8.87,69.66,33.71,14.1,66.6,2.5,1.2,532639,979,16.8,8,206,102,47,,,CPCB,Auto
2124,Pune,Maharashtra,Industrial,2022-09-26,2022,9,Monday,Monsoon,3124458,102.5,54.47,64.79,51.33,26.51,3.83,34.73,12.4,32.5,72.3,22.7,17.9,940742,2149,6.9,16,147,87,32,,,Ground Sensor,Manual Entry
2125,Faridabad,Haryana,Industrial,2022-04-21,2022,4,Thursday,Summer,1394000,183.6,101.26,151.15,105.78,13.95,0.77,119.61,18.15,25.1,61.7,18.2,13.9,444019,1397,8.1,7,119,53,24,,,Ground Sensor,Manual Entry
2126,Surat,Gujarat,Industrial,2022-06-07,2022,6,Tuesday,Monsoon,4467797,128.9,65.29,112.67,57.09,44.15,6.48,145.58,48.44,30.3,76.5,8.8,12.6,808521,7704,8.3,23,,135,52,,,CPCB,Verified
2126,Surat,Gujarat,Industrial,2022-06-07,2022,6,Tuesday,Monsoon,4467797,128.9,65.29,112.67,57.09,44.15,6.48,145.58,48.44,30.3,76.5,8.8,12.6,808521,7704,8.3,23,,135,52,,,CPCB,Verified
2127,Vadodara,Gujarat,Industrial,2023-10-12,2023,10,Thursday,Post-Monsoon,1670806,256.5,95.51,168.3,119.15,95.32,11.45,52.37,29.79,21.8,41.1,6.4,4.1,514876,1352,25.4,13,169,107,47,,,Ground Sensor,Verified
2128,Jodhpur,Rajasthan,Tourist,2023-10-26,2023,10,Thursday,Post-Monsoon,1137815,164.1,56.3,142.1,63.79,60.91,5.41,93.32,48.9,30.5,56.0,3.9,0,210241,1075,10.9,16,65,44,17,,,Satellite,Auto
2129,Hyderabad,Telangana,IT Hub,2022-10-02,2022,10,Sunday,Post-Monsoon,6809970,260.5,99.08,161.55,131.85,93.29,2.03,114.62,34.53,31.5,30.8,26.0,3.6,1756634,9390,8.7,5,761,493,181,,,CPCB,Unverified
2130,Ludhiana,Punjab,Industrial,2022-03-17,2022,3,Thursday,Summer,1618879,618.5,43.8,99.24,53.83,22.84,8.68,24.17,15.24,,75.4,15.7,0,425853,812,19.9,22,66,44,14,,,State PCB,Unverified
2131,Amritsar,Punjab,Tourist,2023-03-18,2023,3,Saturday,Summer,1132761,319.0,98.24,190.37,102.98,43.8,12.46,51.18,21.88,43.8,48.5,10.3,4.0,326337,698,13.7,10,74,47,13,,,Satellite,Manual Entry
2132,Ahmedabad,Gujarat,Industrial,2023-04-03,2023,4,Monday,Summer,5570585,109.9,48.85,57.39,54.02,33.79,3.33,100.73,44.39,8.3,56.8,17.4,5.0,1143352,5053,8.2,14,200,88,49,,,Satellite,Unverified
2133,Amritsar,Punjab,Tourist,2023-09-24,2023,9,Sunday,Monsoon,1132761,86.7,30.4,50.52,46.87,10.47,1.58,140.01,38.65,16.4,66.0,10.0,6.6,299838,1619,30.9,12,36,24,8,,,Satellite,Manual Entry
2134,Amritsar,Punjab,Tourist,2023-04-26,2023,4,Wednesday,Summer,1132761,105.3,45.42,56.99,112.6,36.34,12.59,149.35,40.22,37.7,66.9,8.4,0.0,234190,1933,14.2,11,64,39,13,,,Satellite,Manual Entry
2135,Visakhapatnam,Andhra Pradesh,Coastal,2022-08-07,2022,8,Sunday,Monsoon,1728128,78.1,40.06,64.31,73.53,4.57,9.69,92.12,17.9,27.0,49.5,13.4,14.0,546933,1771,11.2,12,82,44,13,,,CPCB,Unverified
2136,Ahmedabad,Gujarat,Industrial,2023-07-17,2023,7,Monday,Monsoon,5570585,112.3,64.98,79.31,76.94,5.49,3.09,146.86,46.75,13.6,84.5,6.0,0,1042343,8205,34.1,24,338,193,82,,,Ground Sensor,Manual Entry
2137,Ahmedabad,Gujarat,Industrial,2023-11-09,2023,11,Thursday,Winter,5570585,367.9,220.22,219.25,77.76,26.84,7.47,23.46,4.58,31.6,64.7,18.5,0,1007790,3154,10.1,4,521,292,89,,,State PCB,Unverified
2138,Delhi,Delhi,Urban,2023-07-09,2023,7,Sunday,Monsoon,16787941,51.2,20.9,45.83,11.57,35.88,0.7,75.21,4.47,22.6,24.1,15.7,11.6,4363652,21905,27.6,6,297,160,60,,,Ground Sensor,Unverified
2139,Coimbatore,Tamil Nadu,Industrial,2022-02-15,2022,2,Tuesday,Winter,1061447,,,123.68,22.98,49.3,11.48,114.6,18.89,25.1,26.0,18.0,9.9,226581,1206,32.5,13,55,38,8,,,State PCB,Unverified
2140,Amritsar,Punjab,Tourist,2023-04-20,2023,4,Thursday,Summer,1132761,175.1,101.53,136.2,53.29,75.16,4.94,31.44,48.56,8.8,27.1,16.8,2.0,264356,2091,35.9,24,80,41,17,,,Satellite,Auto
2141,Agra,Uttar Pradesh,Tourist,2022-05-03,2022,5,Tuesday,Summer,1585704,58.3,22.37,45.84,47.91,6.93,15.46,128.6,42.01,38.4,81.5,16.6,0.3,406017,1437,25.3,8,45,18,9,,,State PCB,Unverified
2142,Surat,Gujarat,Industrial,2023-11-10,2023,11,Friday,Winter,4467797,135.3,49.64,90.78,132.67,24.27,15.53,133.22,11.24,16.8,61.6,17.3,3.4,1161723,4947,22.5,4,297,207,89,,,CPCB,Verified
2143,Mumbai,Maharashtra,Industrial,2022-12-26,2022,12,Monday,Winter,12478447,223.1,106.98,187.62,32.88,101.21,4.0,115.13,25.48,28.2,32.1,9.1,0,2885449,18681,28.6,24,766,319,160,,,State PCB,Verified
2144,Surat,Gujarat,Industrial,2023-12-18,2023,12,Monday,Winter,4467797,140.8,64.44,106.91,91.52,45.91,16.38,79.92,5.83,34.1,56.4,9.3,3.6,1354548,3144,16.2,11,249,103,65,,,Satellite,Verified
2145,Kolkata,West Bengal,Urban,2023-11-15,2023,11,Wednesday,Winter,4496694,158.4,56.92,113.5,51.66,45.52,20.76,107.92,42.78,21.5,54.8,9.4,0,1117433,4135,37.4,17,204,84,44,,,Ground Sensor,Verified
2146,Chennai,Tamil Nadu,Coastal,2022-02-18,2022,2,Friday,Winter,7088000,137.5,43.08,84.97,125.54,66.32,2.38,81.49,12.41,30.5,42.7,6.7,2.7,2056682,8518,29.2,22,487,307,126,,,Ground Sensor,Verified
2147,Lucknow,Uttar Pradesh,Administrative,2022-04-29,2022,4,Friday,Summer,2815601,117.9,53.23,87.98,57.97,55.88,6.28,72.38,42.2,39.3,76.6,4.9,0,568871,1775,17.2,14,113,61,25,,,State PCB,Verified
2148,Coimbatore,Tamil Nadu,Industrial,2023-05-20,2023,5,Saturday,Summer,1061447,64.1,32.52,37.13,126.89,53.21,16.21,37.5,31.84,49.5,38.0,16.3,0,310022,1039,17.7,11,65,34,12,,,Ground Sensor,Manual Entry
2149,Varanasi,Uttar Pradesh,Tourist,2023-12-02,2023,12,Saturday,Winter,1198491,174.1,61.1,89.06,138.62,87.62,18.78,94.54,8.51,29.5,35.7,12.1,1.6,378674,1227,23.4,15,83,50,19,,,State PCB,Manual Entry
2150,Amritsar,Punjab,Tourist,2022-10-24,2022,10,Monday,Post-Monsoon,1132761,78.0,43.6,54.85,57.93,26.93,17.67,138.93,12.76,19.4,83.5,16.2,1.1,343461,844,25.2,9,46,31,13,,,Ground Sensor,Unverified
2151,Bangalore,Karnataka,IT Hub,2023-05-29,2023,5,Monday,Summer,8443675,104.1,33.71,75.28,57.72,44.59,14.88,83.84,33.61,32.2,69.7,13.9,1.4,2835292,15262,35.3,11,341,187,67,,,CPCB,Manual Entry
2152,Meerut,Uttar Pradesh,Industrial,2023-06-26,2023,6,Monday,Monsoon,1309023,170.6,52.63,86.35,75.66,16.56,1.02,128.96,32.27,28.5,57.1,7.3,2.2,439400,810,35.8,21,71,47,19,,,Satellite,Verified
2153,Coimbatore,Tamil Nadu,Industrial,2022-06-03,2022,6,Friday,Monsoon,1061447,95.2,41.85,66.31,19.65,19.98,7.39,112.39,47.58,26.6,67.1,10.9,0,357055,1209,30.4,9,30,12,8,,,Ground Sensor,Manual Entry
2154,Agra,Uttar Pradesh,Tourist,2023-03-30,2023,3,Thursday,Summer,1585704,97.1,56.23,72.99,82.46,29.55,7.91,149.41,6.82,43.5,71.9,20.2,1.2,497942,1322,18.9,6,89,39,23,,,Ground Sensor,Verified
2155,Bangalore,Karnataka,IT Hub,2023-01-22,2023,1,Sunday,Winter,8443675,27.7,11.68,21.46,103.36,47.43,17.87,129.71,43.74,25.1,10,18.1,0,2488875,10584,23.2,12,426,259,87,,,Ground Sensor,Manual Entry
2156,Ghaziabad,Uttar Pradesh,Industrial,2023-09-04,2023,9,Monday,Monsoon,1636068,39.6,15.68,34.19,45.78,28.14,2.7,106.5,40.48,31.7,54.3,11.9,1.2,521159,2105,14.4,10,37,22,9,,,Satellite,Auto
2156,Ghaziabad,Uttar Pradesh,Industrial,2023-09-04,2023,9,Monday,Monsoon,1636068,39.6,15.68,34.19,45.78,28.14,2.7,106.5,40.48,31.7,54.3,11.9,1.2,521159,2105,14.4,10,37,22,9,,,Satellite,Auto
2157,Pune,Maharashtra,Industrial,2022-05-19,2022,5,Thursday,Summer,3124458,181.7,89.32,128.23,64.1,51.74,3.22,101.72,26.74,30.3,71.9,12.3,0,645489,4639,25.0,22,198,125,55,,,CPCB,Unverified
2158,Bhopal,Madhya Pradesh,Administrative,2023-12-02,2023,12,Saturday,Winter,1795648,,,51.22,103.65,14.19,14.81,98.16,36.59,23.5,66.4,10.7,0,549379,1503,24.7,17,72,42,16,,,Satellite,Auto
2159,Bhopal,Madhya Pradesh,Administrative,2022-05-08,2022,5,Sunday,Summer,1795648,192.7,102.41,118.95,74.94,31.59,9.89,51.15,10.9,33.6,35.3,19.5,0.8,511558,1178,35.9,17,158,93,42,,,CPCB,Auto
2160,Hyderabad,Telangana,IT Hub,2023-07-28,2023,7,Friday,Monsoon,6809970,84.9,42.38,44.36,80.96,17.62,9.59,68.38,42.8,25.5,63.3,8.3,0,1817157,4618,29.4,22,260,124,52,,,CPCB,Auto
2161,Faridabad,Haryana,Industrial,2022-03-22,2022,3,Tuesday,Summer,1394000,245.5,114.19,188.39,13.7,19.73,4.41,149.01,29.55,19.4,46.1,15.1,2.3,276747,2627,44.1,25,63,29,10,,,CPCB,Manual Entry
2162,Patna,Bihar,Administrative,2022-12-20,2022,12,Tuesday,Winter,1684222,244.1,99.9,154.04,138.21,26.25,5.72,46.84,49.24,25.9,66.0,14.7,0,516752,1062,12.9,9,164,85,25,,,Ground Sensor,Manual Entry
2163,Visakhapatnam,Andhra Pradesh,Coastal,2023-02-14,2023,2,Tuesday,Winter,1728128,169.2,98.33,102.32,64.14,101.43,7.14,104.69,4.15,30.3,41.1,9.5,1.4,316844,1882,36.2,18,138,72,37,,,CPCB,Unverified
2164,Jaipur,Rajasthan,Tourist,2022-03-08,2022,3,Tuesday,Summer,3046163,,74.44,120.74,44.16,76.14,9.28,76.32,38.77,41.6,74.7,14.8,9.7,843866,4578,38.3,11,159,80,41,,,Ground Sensor,Unverified
2165,Agra,Uttar Pradesh,Tourist,2022-06-07,2022,6,Tuesday,Monsoon,1585704,71.9,37.34,46.4,71.82,15.25,10.35,31.15,2.69,24.3,40.5,6.6,15.6,542483,2943,15.6,18,58,36,17,,,CPCB,Unverified
2166,Meerut,Uttar Pradesh,Industrial,2022-01-18,2022,1,Tuesday,Winter,1309023,121.0,49.47,105.54,28.64,47.24,4.99,93.65,36.99,31.5,72.2,17.7,0,306352,2611,34.9,6,42,23,8,,,State PCB,Manual Entry
2167,Coimbatore,Tamil Nadu,Industrial,2022-04-21,2022,4,Thursday,Summer,1061447,209.0,119.79,122.24,117.94,40.78,14.44,118.56,6.52,38.6,70.8,25.2,0,256752,1190,32.3,21,105,57,22,,,Ground Sensor,Verified
2167,Coimbatore,Tamil Nadu,Industrial,2022-04-21,2022,4,Thursday,Summer,1061447,209.0,119.79,122.24,117.94,40.78,14.44,118.56,6.52,38.6,70.8,25.2,0,256752,1190,32.3,21,105,57,22,,,Ground Sensor,Verified
2168,Rajkot,Gujarat,Industrial,2023-10-11,2023,10,Wednesday,Post-Monsoon,1286995,208.2,120.5,179.92,15.7,28.83,5.24,78.02,25.32,28.9,60.8,5.7,4.0,349424,793,11.4,6,84,40,17,,,Ground Sensor,Unverified
2169,Agra,Uttar Pradesh,Tourist,2023-05-15,2023,5,Monday,Summer,1585704,220.4,66.37,156.3,114.25,29.0,14.37,144.89,44.68,22.5,43.5,13.9,11.6,329199,2948,13.0,20,135,64,37,,,Ground Sensor,Verified
2170,Hyderabad,Telangana,IT Hub,2022-12-15,2022,12,Thursday,Winter,6809970,181.4,108.82,158.5,133.79,105.85,11.69,81.99,30.94,34.7,56.1,18.6,0,1587210,6194,31.7,4,598,300,142,,,Satellite,Unverified
2171,Ludhiana,Punjab,Industrial,2022-12-25,2022,12,Sunday,Winter,1618879,103.4,37.74,75.63,111.34,35.15,17.67,106.16,37.98,26.7,79.1,4.9,0,379260,821,17.7,11,96,58,20,,,CPCB,Manual Entry
2172,Varanasi,Uttar Pradesh,Tourist,2023-04-07,2023,4,Friday,Summer,1198491,206.0,72.79,168.22,11.06,63.74,15.52,44.34,15.74,29.5,48.2,6.5,4.1,392147,1584,43.7,16,56,27,10,,,State PCB,Unverified
2173,Mumbai,Maharashtra,Industrial,2022-11-27,2022,11,Sunday,Winter,12478447,,,128.01,126.13,97.31,12.06,26.12,9.6,26.2,31.7,16.9,0,3337376,9654,12.1,6,1534,880,259,,,Satellite,Unverified
2174,Pune,Maharashtra,Industrial,2023-10-13,2023,10,Friday,Post-Monsoon,3124458,127.1,59.68,74.32,108.33,50.09,14.15,36.99,42.45,33.1,49.4,10.2,1.6,919641,2348,38.8,17,215,122,57,,,State PCB,Manual Entry
2175,Faridabad,Haryana,Industrial,2023-09-20,2023,9,Wednesday,Monsoon,1394000,751.5,51.39,80.59,28.18,15.66,5.06,24.41,9.73,29.2,65.6,20.7,5.6,363155,764,9.2,14,41,25,6,,,Satellite,Unverified
2176,Lucknow,Uttar Pradesh,Administrative,2023-01-26,2023,1,Thursday,Winter,2815601,273.7,164.09,223.98,70.85,67.47,20.09,26.5,17.0,28.8,67.9,11.2,3.2,751028,5278,29.9,17,362,147,85,,,Satellite,Manual Entry
2177,Srinagar,Jammu & Kashmir,Tourist,2022-04-23,2022,4,Saturday,Summer,1180570,223.4,73.91,151.21,56.17,53.57,1.55,72.75,41.81,18.7,59.9,2.9,2.1,335663,2010,29.1,16,80,50,13,,,State PCB,Manual Entry
2178,Ludhiana,Punjab,Industrial,2022-08-23,2022,8,Tuesday,Monsoon,1618879,59.3,34.38,45.99,52.13,40.9,7.21,29.67,16.3,5.9,87.2,8.7,16.2,517568,2484,28.8,13,75,45,21,,,CPCB,Manual Entry
2179,Indore,Madhya Pradesh,Commercial,2023-11-19,2023,11,Sunday,Winter,1994397,,,218.77,20.85,110.41,12.88,30.85,32.57,27.9,53.8,9.2,3.1,635236,3697,12.2,11,218,94,63,,,Satellite,Verified
2180,Kanpur,Uttar Pradesh,Industrial,2022-11-25,2022,11,Friday,Winter,2920496,61.5,28.48,55.02,78.75,92.89,2.94,105.61,14.33,25.4,64.0,18.6,0,676570,5220,25.9,19,203,88,57,,,Satellite,Manual Entry
2181,Agra,Uttar Pradesh,Tourist,2023-12-28,2023,12,Thursday,Winter,1585704,201.8,114.69,151.27,125.68,47.57,14.33,63.65,24.32,29.3,89.0,5.3,3.3,360528,1002,35.6,3,176,117,27,,,CPCB,Verified
2182,Ghaziabad,Uttar Pradesh,Industrial,2022-04-21,2022,4,Thursday,Summer,1636068,205.1,95.7,117.42,112.37,24.9,6.68,120.5,48.3,,30.4,7.9,5.2,468428,2047,18.2,13,141,77,34,,,Ground Sensor,Verified
2183,Kanpur,Uttar Pradesh,Industrial,2022-10-19,2022,10,Wednesday,Post-Monsoon,2920496,194.3,109.16,128.3,85.66,77.14,16.13,136.77,14.22,23.1,50.8,15.9,0.3,1009597,2702,7.8,3,231,128,55,,,Satellite,Auto
2184,Agra,Uttar Pradesh,Tourist,2023-07-08,2023,7,Saturday,Monsoon,1585704,140.1,51.09,122.38,89.32,14.47,4.7,96.58,38.16,33.5,44.9,15.8,38.2,474120,2475,28.0,3,81,32,19,,,Ground Sensor,Manual Entry
2185,Mumbai,Maharashtra,Industrial,2023-06-13,2023,6,Tuesday,Monsoon,12478447,107.4,35.93,69.83,16.6,36.11,5.18,68.86,5.8,36.4,10,3.1,0,2300167,13398,19.2,14,300,164,71,,,State PCB,Unverified
2185,Mumbai,Maharashtra,Industrial,2023-06-13,2023,6,Tuesday,Monsoon,12478447,107.4,35.93,69.83,16.6,36.11,5.18,68.86,5.8,36.4,10,3.1,0,2300167,13398,19.2,14,300,164,71,,,State PCB,Unverified
2186,Rajkot,Gujarat,Industrial,2023-10-05,2023,10,Thursday,Post-Monsoon,1286995,88.6,44.46,50.56,22.68,47.79,11.53,48.33,25.04,28.7,50.0,11.8,0,442751,977,30.9,25,42,23,7,,,CPCB,Unverified
2187,Amritsar,Punjab,Tourist,2023-03-27,2023,3,Monday,Summer,1132761,116.2,47.49,62.52,14.57,87.79,14.26,60.44,13.9,28.8,25.7,14.1,1.2,252801,1685,40.3,13,40,27,9,,,State PCB,Manual Entry
2188,Jaipur,Rajasthan,Tourist,2022-11-02,2022,11,Wednesday,Winter,3046163,167.4,94.13,120.19,136.8,53.25,14.19,123.84,5.3,23.3,69.7,17.0,0,1050780,1827,40.1,3,330,201,50,,,Satellite,Manual Entry
2189,Ranchi,Jharkhand,Industrial,2023-08-09,2023,8,Wednesday,Monsoon,1073440,44.7,25.79,24.93,16.54,23.4,6.37,127.26,23.38,33.4,65.9,1.2,9.1,354689,2001,21.1,14,17,11,3,,,Satellite,Manual Entry
2190,Hyderabad,Telangana,IT Hub,2022-01-15,2022,1,Saturday,Winter,6809970,918.2,166.17,167.87,143.02,87.47,10.46,97.18,1.44,34.5,51.2,9.4,0.3,1377409,7171,22.4,13,716,387,166,,,Ground Sensor,Verified
2191,Ranchi,Jharkhand,Industrial,2022-04-16,2022,4,Saturday,Summer,1073440,10,4.38,8.06,61.63,19.63,14.21,98.94,12.22,17.6,68.9,17.7,12.9,368072,815,40.9,7,26,13,4,,,Ground Sensor,Verified
2192,Pune,Maharashtra,Industrial,2022-12-10,2022,12,Saturday,Winter,3124458,317.0,157.45,191.46,35.03,54.5,17.86,20.71,33.9,43.3,57.0,14.8,2.9,973859,2183,39.5,24,293,122,51,,,Satellite,Auto
2193,Bhopal,Madhya Pradesh,Administrative,2022-11-13,2022,11,Sunday,Winter,1795648,266.1,123.31,215.13,124.64,46.08,5.42,118.82,17.67,28.9,53.4,18.9,0,613495,3425,9.3,19,185,99,33,,,State PCB,Unverified
2194,Nagpur,Maharashtra,Commercial,2022-10-22,2022,10,Saturday,Post-Monsoon,2405665,217.1,101.78,118.17,31.81,69.33,16.86,73.94,18.83,14.8,55.6,9.2,2.8,683110,3796,35.3,20,139,61,22,,,CPCB,Auto
2195,Mumbai,Maharashtra,Industrial,2022-04-08,2022,4,Friday,Summer,12478447,21.3,6.92,16.61,119.65,73.87,5.91,54.17,40.81,26.8,40.2,0.7,7.3,2459166,8182,16.6,23,,492,181,,,CPCB,Manual Entry
2196,Jaipur,Rajasthan,Tourist,2023-12-16,2023,12,Saturday,Winter,3046163,140.6,72.08,105.69,149.95,101.03,15.66,140.63,38.01,22.7,72.8,2.4,5.0,601346,2084,32.6,18,248,116,73,,,CPCB,Auto
2197,Surat,Gujarat,Industrial,2023-01-25,2023,1,Wednesday,Winter,4467797,96.1,46.69,84.38,46.06,7.61,19.68,44.04,48.92,41.2,96.1,23.4,0,1096664,3761,39.1,25,138,85,35,,,CPCB,Auto
2198,Meerut,Uttar Pradesh,Industrial,2022-06-13,2022,6,Monday,Monsoon,1309023,110.4,63.52,58.12,33.63,57.67,7.05,77.45,42.39,39.4,14.3,19.2,0,397058,1482,30.4,25,63,37,10,,,CPCB,Verified
2199,Bhopal,Madhya Pradesh,Administrative,2023-12-12,2023,12,Tuesday,Winter,1795648,219.7,68.56,113.38,147.73,10.24,14.52,54.11,2.76,23.4,65.5,8.5,4.1,427130,1940,8.6,9,133,85,34,,,Satellite,Unverified
2200,Bhopal,Madhya Pradesh,Administrative,2023-12-04,2023,12,Monday,Winter,1795648,151.3,74.1,83.82,132.97,88.78,5.37,94.58,9.95,24.1,52.9,12.9,0,404983,2362,21.4,25,193,78,51,,,Ground Sensor,Auto
2201,Faridabad,Haryana,Industrial,2023-02-13,2023,2,Monday,Winter,1394000,161.0,65.32,118.88,39.29,66.52,5.9,50.68,4.57,33.1,84.1,4.6,0,358408,1913,8.0,4,81,53,12,,,Satellite,Auto
2202,Vadodara,Gujarat,Industrial,2023-11-29,2023,11,Wednesday,Winter,1670806,229.3,134.02,165.81,36.33,29.42,15.19,108.27,32.08,29.9,44.6,14.2,0,386545,1596,36.6,12,114,68,30,,,Satellite,Verified
2203,Rajkot,Gujarat,Industrial,2022-09-26,2022,9,Monday,Monsoon,1286995,123.2,54.09,92.18,55.88,18.19,4.5,27.21,4.15,38.1,67.7,19.6,1.0,260024,1421,10.3,22,50,25,14,,,Satellite,Manual Entry
2204,Amritsar,Punjab,Tourist,2023-10-15,2023,10,Sunday,Post-Monsoon,1132761,297.6,171.48,255.52,107.62,76.05,15.15,77.39,42.1,36.2,61.4,3.6,2.1,332380,668,14.6,22,145,87,33,,,State PCB,Manual Entry
2205,Nagpur,Maharashtra,Commercial,2023-07-27,2023,7,Thursday,Monsoon,2405665,,,77.17,85.69,35.43,9.26,31.34,33.31,29.6,28.7,0.6,0,815338,3239,41.7,13,97,63,17,,,State PCB,Manual Entry
2206,Vadodara,Gujarat,Industrial,2023-10-16,2023,10,Monday,Post-Monsoon,1670806,144.3,83.93,91.73,59.95,41.21,2.67,32.21,5.25,20.4,71.4,6.0,0.9,579181,1855,20.7,8,83,56,21,,,State PCB,Manual Entry
2207,Ahmedabad,Gujarat,Industrial,2023-06-02,2023,6,Friday,Monsoon,5570585,146.6,57.39,124.4,41.29,50.19,4.19,112.23,43.1,10.2,41.7,8.4,6.2,1283067,6001,16.4,3,,128,45,,,State PCB,Unverified
2208,Chennai,Tamil Nadu,Coastal,2023-09-24,2023,9,Sunday,Monsoon,7088000,108.0,63.99,88.58,60.88,32.03,6.46,46.58,7.28,35.1,66.2,10.4,1.8,1967401,10110,31.1,8,326,227,83,,,CPCB,Unverified
2209,Rajkot,Gujarat,Industrial,2022-11-13,2022,11,Sunday,Winter,1286995,282.4,120.85,244.59,105.19,11.79,16.91,126.26,20.79,17.8,29.7,10.2,2.3,386450,1509,28.9,24,87,59,21,,,State PCB,Manual Entry
2210,Rajkot,Gujarat,Industrial,2022-10-28,2022,10,Friday,Post-Monsoon,1286995,189.3,89.74,125.64,60.23,80.62,6.69,22.37,6.65,34.4,70.3,13.7,0.3,267057,1071,20.6,21,103,47,26,,,CPCB,Auto
2211,Bhopal,Madhya Pradesh,Administrative,2023-10-12,2023,10,Thursday,Post-Monsoon,1795648,122.7,47.51,71.69,23.39,52.35,3.79,29.63,36.63,35.5,75.1,9.1,6.9,378329,3294,9.0,23,63,31,11,,,Satellite,Manual Entry
2212,Surat,Gujarat,Industrial,2022-01-01,2022,1,Saturday,Winter,4467797,149.0,51.6,123.61,105.75,90.84,0.98,145.71,41.0,27.6,53.4,21.4,10.8,1186163,7472,36.7,20,342,235,81,,,Ground Sensor,Auto
2213,Visakhapatnam,Andhra Pradesh,Coastal,2023-08-16,2023,8,Wednesday,Monsoon,1728128,79.1,33.21,60.99,85.1,53.77,8.25,88.93,14.97,27.4,55.0,15.7,0,530460,1966,22.3,10,109,71,28,,,CPCB,Auto
2214,Meerut,Uttar Pradesh,Industrial,2022-06-15,2022,6,Wednesday,Monsoon,1309023,153.3,68.82,92.62,18.99,5.4,9.89,105.64,41.14,29.6,54.8,9.1,0,410638,2395,41.4,18,45,26,8,,,CPCB,Verified
2215,Srinagar,Jammu & Kashmir,Tourist,2022-09-26,2022,9,Monday,Monsoon,1180570,42.8,24.89,34.63,9.54,23.93,3.26,134.66,15.5,27.5,61.1,4.7,0,366580,1474,35.3,19,17,6,3,,,Satellite,Verified
2216,Surat,Gujarat,Industrial,2023-12-16,2023,12,Saturday,Winter,4467797,133.0,77.43,98.92,141.83,21.05,3.03,103.95,23.35,28.2,54.8,19.0,3.0,1018353,2326,14.2,22,399,260,101,,,Satellite,Auto
2217,Ludhiana,Punjab,Industrial,2023-10-19,2023,10,Thursday,Post-Monsoon,1618879,109.7,62.67,83.59,118.97,22.74,17.21,85.17,7.79,24.1,100,5.7,0,367951,1861,34.4,17,97,51,27,,,Ground Sensor,Unverified
2218,Varanasi,Uttar Pradesh,Tourist,2023-03-30,2023,3,Thursday,Summer,1198491,150.1,49.58,92.82,59.05,59.38,11.81,32.27,20.84,17.4,57.0,3.5,6.9,279033,2227,26.9,13,50,27,9,,,State PCB,Manual Entry
2219,Amritsar,Punjab,Tourist,2022-07-28,2022,7,Thursday,Monsoon,1132761,105.7,35.6,56.31,21.16,55.72,10.54,88.05,34.99,31.0,65.7,4.4,6.7,214146,718,37.5,17,31,19,7,,,CPCB,Manual Entry
2220,Varanasi,Uttar Pradesh,Tourist,2023-05-02,2023,5,Tuesday,Summer,1198491,672.0,44.95,51.45,82.15,72.42,14.68,44.55,25.53,29.2,66.9,11.5,8.2,325551,1071,6.0,18,81,50,18,,,Satellite,Auto
2221,Jaipur,Rajasthan,Tourist,2022-07-17,2022,7,Sunday,Monsoon,3046163,68.8,27.46,39.32,33.04,29.73,10.68,70.2,44.02,31.5,34.4,3.9,0,774284,4382,12.0,17,103,41,27,,,State PCB,Verified
2222,Amritsar,Punjab,Tourist,2023-06-20,2023,6,Tuesday,Monsoon,1132761,62.2,30.73,55.36,49.47,26.83,7.9,47.05,48.73,28.2,43.9,12.8,21.0,273202,2077,32.5,19,39,22,9,,,Satellite,Auto
2223,Rajkot,Gujarat,Industrial,2023-09-02,2023,9,Saturday,Monsoon,1286995,10,4.67,6.11,84.5,12.39,6.0,74.59,7.46,27.8,21.8,23.0,2.6,427870,853,23.3,4,47,31,12,,,Ground Sensor,Manual Entry
2224,Chennai,Tamil Nadu,Coastal,2022-12-21,2022,12,Wednesday,Winter,7088000,,,84.52,107.26,49.08,13.65,128.75,22.13,38.9,39.1,15.0,0,1899497,3664,28.8,20,485,196,119,,,Ground Sensor,Unverified
2225,Meerut,Uttar Pradesh,Industrial,2022-10-02,2022,10,Sunday,Post-Monsoon,1309023,73.7,26.6,54.85,31.7,91.73,2.7,86.82,6.07,33.3,50.3,9.2,8.1,417941,2173,11.7,7,63,38,10,,,Satellite,Unverified
2226,Jaipur,Rajasthan,Tourist,2022-03-15,2022,3,Tuesday,Summer,3046163,109.3,62.26,93.17,113.81,48.05,9.42,141.44,33.71,27.7,85.0,9.2,0,1033852,2285,10.1,19,237,110,69,,,Satellite,Auto
2227,Ludhiana,Punjab,Industrial,2023-02-09,2023,2,Thursday,Winter,1618879,256.5,111.19,132.93,122.91,87.44,8.82,39.07,45.87,35.2,82.0,17.5,0,378916,3104,31.5,12,196,83,37,,,State PCB,Unverified
2228,Bhopal,Madhya Pradesh,Administrative,2022-01-29,2022,1,Saturday,Winter,1795648,224.8,115.61,190.9,166.54,102.35,19.34,102.81,49.56,32.4,27.4,13.9,3.1,427992,2737,25.6,14,215,88,48,,,State PCB,Auto
2229,Ghaziabad,Uttar Pradesh,Industrial,2022-10-03,2022,10,Monday,Post-Monsoon,1636068,177.1,55.8,152.61,143.37,10.7,12.06,127.99,39.31,24.3,60.6,20.6,0,415398,2448,28.3,17,114,58,25,,,CPCB,Manual Entry
2230,Indore,Madhya Pradesh,Commercial,2022-08-28,2022,8,Sunday,Monsoon,1994397,106.2,39.06,67.2,25.85,15.67,8.7,96.68,2.83,28.3,92.1,20.0,4.0,684732,3334,32.2,17,43,22,11,,,CPCB,Unverified
2231,Indore,Madhya Pradesh,Commercial,2023-06-22,2023,6,Thursday,Monsoon,1994397,147.1,83.93,100.73,59.64,12.45,6.26,134.31,40.08,37.0,52.9,14.8,0,470105,1343,11.0,5,110,52,32,,,CPCB,Verified
2232,Kolkata,West Bengal,Urban,2023-04-02,2023,4,Sunday,Summer,4496694,58.4,23.16,36.93,94.92,43.01,14.47,82.39,19.05,36.0,65.6,9.4,0,1008481,6328,36.4,18,229,126,68,,,Ground Sensor,Auto
2233,Meerut,Uttar Pradesh,Industrial,2023-05-19,2023,5,Friday,Summer,1309023,27.4,14.05,14.25,13.2,19.17,5.12,117.66,42.59,26.1,65.8,20.8,10.0,360256,1095,9.8,13,15,8,4,,,CPCB,Unverified
2234,Agra,Uttar Pradesh,Tourist,2023-10-03,2023,10,Tuesday,Post-Monsoon,1585704,157.8,56.53,127.97,42.33,90.89,16.89,44.75,19.09,32.1,96.0,12.0,7.5,314899,3008,36.0,20,92,58,14,,,CPCB,Auto
2235,Rajkot,Gujarat,Industrial,2023-01-09,2023,1,Monday,Winter,1286995,,4.39,5.55,41.32,68.25,18.46,82.53,2.91,18.4,23.2,5.0,1.7,376675,2272,6.6,8,35,23,5,,,Ground Sensor,Auto
2236,Vadodara,Gujarat,Industrial,2023-03-01,2023,3,Wednesday,Summer,1670806,251.3,144.05,216.91,103.97,50.28,14.13,95.24,45.75,28.3,34.9,5.3,1.6,408628,2370,15.3,11,176,91,49,,,CPCB,Manual Entry
2237,Chennai,Tamil Nadu,Coastal,2022-02-13,2022,2,Sunday,Winter,7088000,229.3,80.25,186.04,40.99,42.1,10.03,21.92,6.02,31.9,53.8,12.0,0,1639044,12626,42.1,8,302,135,78,,,Satellite,Unverified
2238,Kolkata,West Bengal,Urban,2023-12-05,2023,12,Tuesday,Winter,4496694,184.5,74.38,162.55,89.02,107.77,20.41,135.79,8.21,31.7,64.3,11.5,4.3,1366096,4836,22.6,14,432,243,91,,,Ground Sensor,Unverified
2239,Indore,Madhya Pradesh,Commercial,2023-03-28,2023,3,Tuesday,Summer,1994397,56.9,25.76,34.71,14.21,21.07,15.3,143.84,46.01,30.5,38.7,23.4,0,379646,2136,43.2,23,40,19,9,,,Ground Sensor,Verified
2240,Patna,Bihar,Administrative,2023-12-13,2023,12,Wednesday,Winter,1684222,308.6,119.46,274.92,135.45,71.5,12.17,119.23,24.53,32.8,92.0,7.4,7.0,474101,3151,5.5,4,223,150,36,,,Ground Sensor,Unverified
2241,Jodhpur,Rajasthan,Tourist,2022-04-30,2022,4,Saturday,Summer,1137815,216.0,128.36,171.32,35.61,58.25,1.68,90.2,34.26,27.5,100,15.9,1.5,304462,1634,43.9,11,76,45,13,,,Satellite,Manual Entry
2242,Varanasi,Uttar Pradesh,Tourist,2023-12-12,2023,12,Tuesday,Winter,1198491,206.2,83.5,182.93,132.38,102.78,19.93,77.68,45.77,24.1,23.2,9.3,7.9,382074,1909,5.9,15,115,74,25,,,Ground Sensor,Manual Entry
2243,Bangalore,Karnataka,IT Hub,2022-01-06,2022,1,Thursday,Winter,8443675,150.6,55.06,101.15,163.94,98.2,4.58,68.86,41.29,,97.3,24.1,0,2886507,15772,27.5,22,822,456,218,,,CPCB,Unverified
2244,Chennai,Tamil Nadu,Coastal,2022-06-15,2022,6,Wednesday,Monsoon,7088000,43.5,24.76,25.52,73.34,57.97,8.94,34.51,22.28,32.4,65.6,15.0,0,2130617,11581,21.8,19,360,209,64,,,Satellite,Unverified
2245,Bhopal,Madhya Pradesh,Administrative,2023-11-20,2023,11,Monday,Winter,1795648,221.1,124.93,154.79,18.32,100.93,18.3,66.13,35.16,37.1,74.7,13.7,3.0,344452,1319,41.6,15,160,69,30,,,Ground Sensor,Auto
2246,Visakhapatnam,Andhra Pradesh,Coastal,2022-07-31,2022,7,Sunday,Monsoon,1728128,146.3,45.04,130.04,47.94,37.32,3.27,99.95,11.59,35.4,59.1,13.4,20.1,572683,2250,31.1,25,82,45,16,,,Ground Sensor,Auto
2247,Coimbatore,Tamil Nadu,Industrial,2023-09-22,2023,9,Friday,Monsoon,1061447,166.3,77.67,137.26,13.13,12.38,5.91,147.52,49.6,11.5,59.9,6.4,8.3,354653,948,32.3,23,39,20,7,,,State PCB,Manual Entry
2248,Delhi,Delhi,Urban,2022-04-12,2022,4,Tuesday,Summer,16787941,89.9,28.24,61.57,115.61,50.78,11.84,146.7,31.24,36.2,94.3,17.2,0,5101354,26193,14.9,25,776,522,155,,,State PCB,Unverified
2249,Bhopal,Madhya Pradesh,Administrative,2022-06-22,2022,6,Wednesday,Monsoon,1795648,38.2,19.24,27.84,37.67,21.46,0.5,108.52,23.19,39.8,55.6,14.9,4.9,618333,1297,12.7,3,46,24,10,,,Satellite,Verified
2250,Patna,Bihar,Administrative,2022-07-26,2022,7,Tuesday,Monsoon,1684222,141.1,65.33,93.16,22.43,46.21,7.13,58.86,30.84,14.1,41.4,16.0,7.5,509381,1271,26.3,9,90,39,18,,,Satellite,Manual Entry
2251,Lucknow,Uttar Pradesh,Administrative,2022-09-14,2022,9,Wednesday,Monsoon,2815601,162.3,77.66,140.4,57.94,25.26,0.59,127.74,37.63,30.0,56.7,17.0,16.8,592775,1943,33.4,7,137,68,28,,,State PCB,Manual Entry
2252,Jodhpur,Rajasthan,Tourist,2022-03-07,2022,3,Monday,Summer,1137815,137.2,44.55,95.38,47.31,82.93,8.7,72.8,21.36,28.5,84.9,19.2,2.4,280565,625,14.2,24,44,30,12,,,Ground Sensor,Manual Entry
2253,Agra,Uttar Pradesh,Tourist,2022-07-16,2022,7,Saturday,Monsoon,1585704,118.9,68.79,62.54,87.4,34.19,9.34,62.46,10.85,30.3,39.4,4.0,4.9,547842,1040,33.5,22,85,42,19,,,Satellite,Manual Entry
2254,Pune,Maharashtra,Industrial,2023-04-30,2023,4,Sunday,Summer,3124458,234.6,111.94,179.86,131.31,82.48,13.93,75.36,21.54,20.6,39.0,10.6,2.6,854106,5081,33.2,9,331,176,81,,,CPCB,Auto
2255,Meerut,Uttar Pradesh,Industrial,2023-04-09,2023,4,Sunday,Summer,1309023,245.8,95.39,168.3,119.34,81.7,7.92,71.59,26.52,27.5,48.1,7.8,0,384686,1267,42.8,10,141,92,27,,,Ground Sensor,Manual Entry
2256,Lucknow,Uttar Pradesh,Administrative,2022-03-26,2022,3,Saturday,Summer,2815601,224.9,133.21,118.84,110.75,40.63,2.95,79.01,45.76,34.7,52.2,17.5,0,693359,5157,37.9,7,296,166,68,,,State PCB,Verified
2257,Delhi,Delhi,Urban,2023-07-26,2023,7,Wednesday,Monsoon,16787941,78.5,42.76,52.49,70.34,19.36,8.13,73.18,20.59,35.2,48.9,4.2,0,3480336,20603,25.8,10,681,440,123,,,CPCB,Manual Entry
2258,Coimbatore,Tamil Nadu,Industrial,2022-09-12,2022,9,Monday,Monsoon,1061447,,42.92,55.73,31.06,22.01,6.66,41.4,40.26,32.8,57.0,26.1,6.8,262122,1222,32.9,5,29,15,6,,,CPCB,Verified
2259,Bangalore,Karnataka,IT Hub,2023-07-04,2023,7,Tuesday,Monsoon,8443675,98.1,30.0,84.19,69.17,26.2,9.61,80.64,1.64,27.9,52.4,1.0,8.7,2416924,13140,43.1,25,399,206,118,,,Ground Sensor,Manual Entry
2260,Mumbai,Maharashtra,Industrial,2022-06-01,2022,6,Wednesday,Monsoon,12478447,63.6,35.53,47.26,31.84,46.75,4.23,118.54,8.55,32.0,35.9,9.4,12.7,2676248,12372,7.9,21,451,301,133,,,Ground Sensor,Auto
2261,Srinagar,Jammu & Kashmir,Tourist,2022-04-30,2022,4,Saturday,Summer,1180570,107.5,51.79,87.56,36.72,7.55,13.63,26.3,37.81,32.6,64.5,10.8,0,394447,1136,41.4,11,31,14,9,,,Ground Sensor,Manual Entry
2262,Mumbai,Maharashtra,Industrial,2023-04-12,2023,4,Wednesday,Summer,12478447,181.2,84.13,152.67,35.47,82.11,15.87,48.94,42.98,31.5,48.6,7.2,0,2464737,15411,30.5,17,633,258,166,,,Satellite,Verified
2263,Nagpur,Maharashtra,Commercial,2022-10-14,2022,10,Friday,Post-Monsoon,2405665,56.0,28.49,39.85,88.26,22.83,17.16,99.24,23.24,23.1,69.1,9.2,0,593793,1777,36.1,16,108,65,31,,,Satellite,Manual Entry
2264,Srinagar,Jammu & Kashmir,Tourist,2022-12-31,2022,12,Saturday,Winter,1180570,115.1,57.15,102.79,24.48,13.97,12.88,124.34,40.64,27.1,90.0,10.8,0,277042,2157,8.4,21,37,18,10,,,Satellite,Auto
2265,Delhi,Delhi,Urban,2022-12-11,2022,12,Sunday,Winter,16787941,209.8,81.2,126.41,118.41,68.68,2.73,60.7,38.76,17.2,69.8,13.4,0,4578027,20388,30.4,3,1531,645,421,,,State PCB,Verified
2266,Bangalore,Karnataka,IT Hub,2022-04-12,2022,4,Tuesday,Summer,8443675,111.5,60.34,56.0,45.64,50.16,10.26,65.98,4.96,35.8,45.4,7.1,0,1771489,12805,20.4,7,390,206,99,,,CPCB,Manual Entry
2267,Faridabad,Haryana,Industrial,2022-09-30,2022,9,Friday,Monsoon,1394000,93.7,30.59,59.86,78.62,31.76,6.91,38.66,11.61,31.5,79.4,5.6,5.7,361264,716,10.7,10,58,35,14,,,State PCB,Manual Entry
2268,Chennai,Tamil Nadu,Coastal,2023-04-19,2023,4,Wednesday,Summer,7088000,28.1,15.82,21.2,17.58,43.83,0.92,59.8,10.57,47.5,62.2,6.8,3.8,1575465,5352,34.2,9,140,78,30,,,State PCB,Auto
2269,Ludhiana,Punjab,Industrial,2022-06-15,2022,6,Wednesday,Monsoon,1618879,122.4,52.37,99.64,32.59,15.61,2.94,117.05,37.27,22.6,71.5,9.3,16.6,552539,1432,15.0,4,57,38,16,,,Satellite,Manual Entry
2270,Jodhpur,Rajasthan,Tourist,2022-03-29,2022,3,Tuesday,Summer,1137815,143.8,66.52,111.91,18.47,53.75,2.23,25.67,45.19,27.4,56.3,12.1,0,211741,1871,40.8,10,53,22,12,,,CPCB,Auto
2271,Rajkot,Gujarat,Industrial,2022-01-21,2022,1,Friday,Winter,1286995,270.9,120.36,239.16,91.59,77.03,8.66,62.56,33.86,31.3,70.4,16.6,3.5,345991,1546,16.7,7,115,60,30,,,Ground Sensor,Auto
2272,Surat,Gujarat,Industrial,2022-01-24,2022,1,Monday,Winter,4467797,114.8,37.41,67.04,137.77,20.7,8.98,77.36,30.88,31.3,69.8,13.5,0,1096908,6342,9.1,11,336,152,76,,,Ground Sensor,Verified
2273,Rajkot,Gujarat,Industrial,2022-10-22,2022,10,Saturday,Post-Monsoon,1286995,161.8,92.96,95.27,53.99,85.31,8.42,48.65,9.66,29.5,85.3,14.5,0,278292,926,30.6,9,82,34,18,,,Ground Sensor,Unverified
2274,Meerut,Uttar Pradesh,Industrial,2022-11-01,2022,11,Tuesday,Winter,1309023,168.8,96.87,150.76,114.13,29.86,18.43,113.22,22.29,35.4,57.2,19.7,7.5,331559,1353,43.7,22,130,76,27,,,CPCB,Manual Entry
2275,Varanasi,Uttar Pradesh,Tourist,2023-10-15,2023,10,Sunday,Post-Monsoon,1198491,218.7,79.97,111.83,44.32,50.25,9.48,61.69,26.85,20.9,72.6,14.9,1.9,346609,1745,13.0,20,57,32,15,,,CPCB,Verified
2276,Indore,Madhya Pradesh,Commercial,2022-11-17,2022,11,Thursday,Winter,1994397,64.8,19.91,42.69,29.27,82.24,19.94,65.9,40.36,45.8,72.4,14.9,0,400566,2556,9.2,14,79,45,16,,,CPCB,Verified
2277,Bhopal,Madhya Pradesh,Administrative,2022-03-15,2022,3,Tuesday,Summer,1795648,136.5,46.1,93.14,11.95,12.03,3.52,73.9,11.48,19.5,85.0,18.8,5.0,380030,1949,8.9,22,43,28,6,,,Ground Sensor,Auto
2278,Agra,Uttar Pradesh,Tourist,2022-01-11,2022,1,Tuesday,Winter,1585704,318.5,128.35,190.69,131.63,96.71,18.49,122.34,36.99,29.7,33.1,19.1,0,307952,2539,33.3,4,200,119,35,,,Ground Sensor,Unverified
2279,Bangalore,Karnataka,IT Hub,2022-12-15,2022,12,Thursday,Winter,8443675,251.9,138.41,138.06,41.87,92.23,17.08,46.37,15.67,25.6,34.3,5.4,0,2543070,16319,10.5,5,657,454,106,,,Satellite,Auto
2280,Pune,Maharashtra,Industrial,2022-03-10,2022,3,Thursday,Summer,3124458,102.5,55.03,72.75,57.74,78.78,7.81,22.1,4.26,18.4,54.2,15.3,0,924959,2972,9.3,6,163,95,27,,,Satellite,Auto
2281,Mumbai,Maharashtra,Industrial,2023-08-15,2023,8,Tuesday,Monsoon,12478447,73.8,40.38,43.89,61.23,48.82,10.51,56.18,1.31,25.5,76.5,8.3,5.1,3624488,21889,12.7,20,548,240,130,,,State PCB,Verified
2282,Lucknow,Uttar Pradesh,Administrative,2022-12-08,2022,12,Thursday,Winter,2815601,93.6,53.47,82.08,130.07,36.55,13.9,121.23,41.7,30.9,23.8,5.1,2.8,626567,5142,17.1,8,216,119,43,,,Ground Sensor,Auto
2283,Nagpur,Maharashtra,Commercial,2023-12-04,2023,12,Monday,Winter,2405665,216.5,128.85,144.95,80.8,57.91,7.52,78.33,10.41,,54.6,1.1,0.9,796520,1646,16.9,7,252,103,54,,,CPCB,Unverified
2284,Mumbai,Maharashtra,Industrial,2023-03-02,2023,3,Thursday,Summer,12478447,191.1,69.28,116.69,35.19,65.41,2.19,108.78,26.42,32.3,78.8,11.2,0,2817977,21424,15.3,17,660,311,119,,,Satellite,Auto
2285,Visakhapatnam,Andhra Pradesh,Coastal,2023-09-26,2023,9,Tuesday,Monsoon,1728128,174.6,86.46,139.58,81.87,13.08,10.14,130.33,43.54,24.8,60.8,13.4,14.2,585487,1542,25.7,18,106,60,18,,,State PCB,Auto
2286,Jodhpur,Rajasthan,Tourist,2022-01-10,2022,1,Monday,Winter,1137815,169.0,67.92,144.11,149.49,81.79,15.48,38.25,9.94,38.5,75.0,9.5,0,344777,645,31.5,11,117,47,20,,,CPCB,Unverified
2287,Ahmedabad,Gujarat,Industrial,2023-11-26,2023,11,Sunday,Winter,5570585,223.1,81.05,138.5,155.58,95.56,7.99,24.27,3.66,19.9,84.2,17.1,0,1384269,6257,18.6,15,514,322,108,,,Satellite,Verified
2288,Agra,Uttar Pradesh,Tourist,2023-08-14,2023,8,Monday,Monsoon,1585704,124.8,55.39,97.07,33.99,42.78,9.51,112.27,44.91,26.1,76.8,8.0,25.9,446217,1977,39.9,7,58,38,13,,,CPCB,Auto
2289,Kolkata,West Bengal,Urban,2023-02-12,2023,2,Sunday,Winter,4496694,256.1,95.55,158.7,136.11,92.1,12.95,32.66,13.72,25.5,78.2,16.7,0,1158222,7348,7.8,24,499,238,117,,,Satellite,Verified
2290,Ranchi,Jharkhand,Industrial,2023-03-15,2023,3,Wednesday,Summer,1073440,246.2,101.26,149.69,70.78,34.65,16.14,140.67,21.78,22.2,27.0,8.8,0,355859,1274,14.9,14,88,44,15,,,State PCB,Unverified
2291,Lucknow,Uttar Pradesh,Administrative,2023-11-14,2023,11,Tuesday,Winter,2815601,117.0,46.69,74.13,95.91,23.26,20.04,47.78,3.58,23.1,67.4,7.5,0,711146,3132,8.4,11,171,87,45,,,State PCB,Unverified
2292,Ludhiana,Punjab,Industrial,2022-11-02,2022,11,Wednesday,Winter,1618879,223.0,84.18,139.37,88.81,67.9,8.5,115.16,39.01,23.5,59.3,6.5,0,319172,1504,35.1,23,131,88,38,,,State PCB,Verified
2293,Visakhapatnam,Andhra Pradesh,Coastal,2022-08-19,2022,8,Friday,Monsoon,1728128,155.4,79.36,120.53,49.96,28.93,3.25,127.38,39.15,34.6,10,17.7,21.8,369645,872,29.7,11,75,31,12,,,State PCB,Auto
2294,Ludhiana,Punjab,Industrial,2023-09-10,2023,9,Sunday,Monsoon,1618879,17.9,8.07,15.8,14.27,43.97,5.45,27.39,6.58,29.4,85.8,9.8,0,516623,1661,39.2,21,24,13,5,,,Satellite,Verified
2295,Ranchi,Jharkhand,Industrial,2022-05-06,2022,5,Friday,Summer,1073440,186.0,77.59,116.18,28.17,42.12,1.0,66.52,49.29,24.6,72.4,5.7,0,339562,1447,27.4,4,61,28,13,,,Satellite,Auto
2296,Varanasi,Uttar Pradesh,Tourist,2022-10-10,2022,10,Monday,Post-Monsoon,1198491,267.6,98.23,143.13,86.78,16.49,1.11,103.98,29.54,31.5,78.3,13.5,0,391416,870,28.0,23,91,43,22,,,State PCB,Auto
2297,Ludhiana,Punjab,Industrial,2022-08-22,2022,8,Monday,Monsoon,1618879,127.6,57.88,64.21,43.37,28.63,0.95,140.7,38.93,32.3,58.5,6.4,0,559058,1591,11.0,23,76,49,15,,,State PCB,Manual Entry
2298,Coimbatore,Tamil Nadu,Industrial,2023-05-28,2023,5,Sunday,Summer,1061447,67.5,25.93,48.15,121.18,38.37,10.49,30.23,36.18,9.9,85.4,20.8,0,242028,2108,6.4,22,48,22,11,,,State PCB,Auto
2299,Delhi,Delhi,Urban,2023-12-24,2023,12,Sunday,Winter,16787941,115.1,42.33,63.97,55.64,108.19,4.96,31.59,13.04,33.6,83.2,9.9,4.4,5040770,20211,25.3,18,1157,612,318,,,Satellite,Auto
2300,Delhi,Delhi,Urban,2022-02-23,2022,2,Wednesday,Winter,16787941,124.0,58.35,74.64,32.15,46.41,13.08,86.88,49.21,32.2,21.0,7.8,0,3147812,19338,21.5,17,717,359,206,,,Satellite,Unverified
2301,Amritsar,Punjab,Tourist,2022-05-21,2022,5,Saturday,Summer,1132761,119.8,48.03,70.24,36.31,24.22,6.78,29.86,30.98,36.2,50.4,10.8,0.7,308222,2144,33.9,23,46,31,11,,,Satellite,Unverified
2302,Ranchi,Jharkhand,Industrial,2022-07-13,2022,7,Wednesday,Monsoon,1073440,66.6,37.25,47.53,44.58,33.25,7.71,78.77,23.9,21.3,54.6,12.9,2.9,245208,1186,21.6,12,32,14,6,,,Satellite,Auto
2303,Nagpur,Maharashtra,Commercial,2022-08-15,2022,8,Monday,Monsoon,2405665,72.4,26.27,41.84,65.75,41.29,1.61,139.14,8.01,15.6,54.1,9.2,18.4,803256,4696,35.0,21,82,34,18,,,State PCB,Verified
2304,Lucknow,Uttar Pradesh,Administrative,2023-10-21,2023,10,Saturday,Post-Monsoon,2815601,273.2,125.98,198.1,106.57,25.34,13.18,139.01,5.53,28.8,78.0,3.2,3.0,895403,4552,18.9,3,,169,73,,,State PCB,Unverified
2305,Agra,Uttar Pradesh,Tourist,2022-06-08,2022,6,Wednesday,Monsoon,1585704,109.3,39.65,55.28,31.08,53.44,9.97,112.75,33.44,26.1,64.9,10.8,2.3,365408,2311,11.2,7,71,30,13,,,Ground Sensor,Auto
2306,Amritsar,Punjab,Tourist,2022-11-16,2022,11,Wednesday,Winter,1132761,96.1,46.78,69.01,36.76,52.43,5.25,51.02,1.68,40.1,63.7,19.2,0,363844,2125,12.9,25,53,33,14,,,Satellite,Verified
2307,Lucknow,Uttar Pradesh,Administrative,2023-05-26,2023,5,Friday,Summer,2815601,131.8,50.95,85.13,120.16,12.7,11.23,61.54,6.28,,66.0,13.5,0,795136,4201,12.4,10,145,99,39,,,Ground Sensor,Manual Entry
2308,Rajkot,Gujarat,Industrial,2023-11-24,2023,11,Friday,Winter,1286995,296.9,135.64,217.47,113.21,22.45,2.0,123.29,49.79,14.8,47.0,6.9,0,336848,1086,39.0,18,138,61,39,,,Ground Sensor,Unverified
2309,Faridabad,Haryana,Industrial,2022-02-05,2022,2,Saturday,Winter,1394000,318.3,125.0,174.89,92.38,63.28,6.93,142.23,13.27,37.1,47.7,17.9,4.5,322034,2385,25.0,7,132,74,29,,,State PCB,Unverified
2310,Chennai,Tamil Nadu,Coastal,2022-02-26,2022,2,Saturday,Winter,7088000,261.6,125.78,169.92,154.57,69.7,2.6,57.98,12.76,16.6,41.1,10.9,0,2427496,13850,11.1,12,980,400,256,,,CPCB,Manual Entry
2311,Agra,Uttar Pradesh,Tourist,2023-12-05,2023,12,Tuesday,Winter,1585704,153.9,88.48,123.86,79.26,65.84,6.42,28.61,27.86,30.4,66.0,5.5,0,430993,1780,22.5,8,131,88,32,,,Ground Sensor,Unverified
2312,Amritsar,Punjab,Tourist,2022-01-21,2022,1,Friday,Winter,1132761,229.8,89.7,185.5,89.83,90.27,11.79,31.45,47.51,21.7,21.0,-3.1,3.5,305401,2176,6.9,14,89,51,15,,,State PCB,Manual Entry
2313,Jodhpur,Rajasthan,Tourist,2022-05-02,2022,5,Monday,Summer,1137815,128.2,69.01,90.01,14.16,8.97,10.26,74.15,2.21,32.2,46.2,16.7,8.6,302679,1666,24.0,3,41,20,12,,,State PCB,Verified
2314,Ludhiana,Punjab,Industrial,2022-10-17,2022,10,Monday,Post-Monsoon,1618879,175.1,77.72,146.39,129.44,80.59,10.32,126.85,17.24,32.0,70.2,17.1,6.7,531562,1527,31.1,8,127,76,25,,,CPCB,Verified
2315,Pune,Maharashtra,Industrial,2023-05-07,2023,5,Sunday,Summer,3124458,142.9,48.95,118.61,49.44,17.0,5.82,131.63,2.15,26.6,67.9,16.6,7.3,978801,3780,37.7,9,97,53,27,,,Ground Sensor,Verified
2316,Jaipur,Rajasthan,Tourist,2022-04-09,2022,4,Saturday,Summer,3046163,197.9,81.94,123.59,52.34,28.57,13.45,59.57,45.59,25.5,31.8,8.6,1.0,707493,3103,30.0,10,158,97,39,,,State PCB,Verified
2317,Jaipur,Rajasthan,Tourist,2022-01-17,2022,1,Monday,Winter,3046163,214.6,107.3,179.65,122.1,64.49,2.35,35.38,33.47,44.1,74.6,11.6,9.1,613263,2217,35.0,22,359,201,55,,,CPCB,Manual Entry
2318,Ludhiana,Punjab,Industrial,2022-09-03,2022,9,Saturday,Monsoon,1618879,,,57.37,25.13,13.66,11.13,99.94,11.03,15.1,53.8,15.4,0,504888,1637,5.4,20,50,32,14,,,State PCB,Manual Entry
2319,Ludhiana,Punjab,Industrial,2023-05-23,2023,5,Tuesday,Summer,1618879,780.9,108.68,178.87,65.44,35.99,3.94,43.94,39.12,24.6,56.7,17.2,0,533156,2252,9.6,11,105,45,18,,,State PCB,Manual Entry
2320,Mumbai,Maharashtra,Industrial,2022-01-06,2022,1,Thursday,Winter,12478447,148.6,64.64,100.75,25.62,79.18,9.25,27.79,37.06,14.6,46.4,12.5,2.9,4215352,21309,13.1,6,588,342,138,,,State PCB,Unverified
2321,Ranchi,Jharkhand,Industrial,2023-09-24,2023,9,Sunday,Monsoon,1073440,116.0,45.97,62.75,88.52,11.13,11.08,127.25,19.41,12.4,73.3,1.5,35.7,357022,1568,24.8,25,41,18,9,,,CPCB,Unverified
2322,Surat,Gujarat,Industrial,2022-02-09,2022,2,Wednesday,Winter,4467797,425.5,209.22,244.24,100.34,107.08,6.13,146.9,27.0,5.5,63.2,2.7,1.5,1352966,8062,42.5,4,759,382,185,,,State PCB,Auto
2323,Lucknow,Uttar Pradesh,Administrative,2022-07-05,2022,7,Tuesday,Monsoon,2815601,124.4,42.51,88.66,49.62,7.84,8.23,142.2,35.76,32.3,76.5,7.1,0,738915,4032,12.9,24,104,67,27,,,State PCB,Verified
2324,Kanpur,Uttar Pradesh,Industrial,2023-01-13,2023,1,Friday,Winter,2920496,38.4,21.05,32.01,137.32,84.78,10.15,122.74,40.83,31.5,50.4,11.9,0.4,634477,4191,41.7,7,209,106,49,,,Ground Sensor,Manual Entry
2325,Lucknow,Uttar Pradesh,Administrative,2022-08-14,2022,8,Sunday,Monsoon,2815601,100.8,59.02,54.89,29.21,55.79,1.93,22.74,49.04,37.3,69.0,12.9,4.3,797457,1704,44.0,17,137,55,27,,,Ground Sensor,Unverified
2326,Chennai,Tamil Nadu,Coastal,2023-03-03,2023,3,Friday,Summer,7088000,136.2,77.88,81.84,47.98,66.24,5.14,142.08,17.35,26.0,74.8,12.2,0,2447613,13032,27.2,19,337,186,95,,,CPCB,Auto
2327,Chennai,Tamil Nadu,Coastal,2022-08-27,2022,8,Saturday,Monsoon,7088000,154.3,73.19,97.33,50.02,51.93,0.69,49.35,41.68,24.2,74.3,17.4,1.2,1689415,5059,13.6,23,369,237,100,,,Ground Sensor,Unverified
2328,Delhi,Delhi,Urban,2022-08-03,2022,8,Wednesday,Monsoon,16787941,124.9,73.35,70.8,50.84,46.74,8.55,82.59,16.3,26.8,100,21.9,35.3,3856616,12422,15.5,20,884,499,214,,,State PCB,Unverified
2329,Amritsar,Punjab,Tourist,2022-09-11,2022,9,Sunday,Monsoon,1132761,133.2,60.09,101.08,66.96,44.8,9.27,117.02,39.57,34.5,59.4,20.8,0,247308,1646,27.9,24,73,48,11,,,CPCB,Verified
2330,Amritsar,Punjab,Tourist,2022-07-26,2022,7,Tuesday,Monsoon,1132761,94.0,51.5,52.41,70.17,26.61,9.98,113.89,48.51,32.6,67.9,11.7,14.7,343286,1368,35.2,25,47,29,9,,,Satellite,Verified
2331,Jodhpur,Rajasthan,Tourist,2022-09-29,2022,9,Thursday,Monsoon,1137815,161.2,65.45,143.65,62.29,59.69,0.99,78.51,13.33,38.8,82.1,19.5,0,241267,2004,33.1,23,65,28,15,,,CPCB,Unverified
2332,Ludhiana,Punjab,Industrial,2023-04-04,2023,4,Tuesday,Summer,1618879,10,3.83,7.63,44.29,39.45,14.21,95.6,37.93,32.5,75.6,0.1,1.6,561962,1963,36.0,14,42,19,8,,,State PCB,Auto
2333,Kolkata,West Bengal,Urban,2022-07-05,2022,7,Tuesday,Monsoon,4496694,131.2,41.45,68.75,78.78,37.94,3.95,46.8,2.02,32.6,75.8,20.8,0,975253,3865,42.7,18,177,92,44,,,Satellite,Manual Entry
2334,Agra,Uttar Pradesh,Tourist,2022-07-24,2022,7,Sunday,Monsoon,1585704,76.3,31.97,53.15,34.37,11.83,4.73,87.64,15.6,35.5,92.8,2.9,0,495828,2262,41.4,22,47,28,8,,,Ground Sensor,Manual Entry
2335,Bhopal,Madhya Pradesh,Administrative,2023-09-06,2023,9,Wednesday,Monsoon,1795648,133.7,65.01,110.1,35.22,25.66,9.08,116.44,15.26,,54.2,6.0,13.1,347963,2313,21.4,18,82,48,14,,,State PCB,Auto
2335,Bhopal,Madhya Pradesh,Administrative,2023-09-06,2023,9,Wednesday,Monsoon,1795648,133.7,65.01,110.1,35.22,25.66,9.08,116.44,15.26,,54.2,6.0,13.1,347963,2313,21.4,18,82,48,14,,,State PCB,Auto
2336,Indore,Madhya Pradesh,Commercial,2023-02-01,2023,2,Wednesday,Winter,1994397,23.5,11.27,18.3,35.2,48.87,16.78,55.52,29.21,17.7,56.5,10.4,0.1,693791,2760,30.6,20,63,28,16,,,CPCB,Auto
2337,Visakhapatnam,Andhra Pradesh,Coastal,2023-05-18,2023,5,Thursday,Summer,1728128,152.9,80.49,117.08,55.16,40.05,10.47,29.65,25.68,11.6,72.2,16.7,3.4,423608,3372,34.6,6,106,57,19,,,Satellite,Auto
2338,Pune,Maharashtra,Industrial,2022-11-03,2022,11,Thursday,Winter,3124458,130.9,59.8,107.6,14.31,72.12,9.8,107.93,23.37,44.3,39.6,1.5,2.5,906301,5197,21.5,7,168,100,34,,,CPCB,Auto
2339,Coimbatore,Tamil Nadu,Industrial,2022-05-16,2022,5,Monday,Summer,1061447,,,129.46,117.7,24.67,13.42,75.49,37.48,19.9,66.2,7.8,0,346893,734,23.1,14,72,29,19,,,CPCB,Manual Entry
2340,Kolkata,West Bengal,Urban,2023-12-28,2023,12,Thursday,Winter,4496694,212.8,113.67,155.21,29.05,55.24,19.3,123.2,32.64,37.0,100,12.5,0,1562603,5508,34.0,24,328,188,73,,,State PCB,Manual Entry
2341,Patna,Bihar,Administrative,2023-12-25,2023,12,Monday,Winter,1684222,101.1,32.41,67.79,20.18,24.97,13.71,37.04,46.23,32.8,62.0,20.8,0,387389,1822,23.9,14,34,20,6,,,Ground Sensor,Auto
2342,Hyderabad,Telangana,IT Hub,2023-02-18,2023,2,Saturday,Winter,6809970,126.7,39.99,109.28,97.85,62.64,4.7,94.22,10.69,35.4,91.8,10.1,0.5,2049915,5317,35.6,21,393,227,85,,,Ground Sensor,Auto
2343,Jodhpur,Rajasthan,Tourist,2022-10-31,2022,10,Monday,Post-Monsoon,1137815,247.7,86.77,144.64,53.59,55.76,5.16,27.19,34.42,34.8,45.9,9.6,0,262828,832,40.0,25,82,36,15,,,State PCB,Auto
2344,Indore,Madhya Pradesh,Commercial,2023-09-01,2023,9,Friday,Monsoon,1994397,,,101.32,84.8,43.22,4.83,25.66,12.38,12.5,52.9,2.6,37.7,670107,2699,7.1,8,107,55,26,,,State PCB,Auto
2345,Lucknow,Uttar Pradesh,Administrative,2022-05-14,2022,5,Saturday,Summer,2815601,182.2,66.54,103.27,41.04,31.86,2.8,98.31,5.97,49.3,57.4,8.6,0,809972,1866,15.3,23,149,99,26,,,Satellite,Verified
2346,Chennai,Tamil Nadu,Coastal,2022-07-13,2022,7,Wednesday,Monsoon,7088000,59.5,22.51,33.55,64.8,9.24,8.82,61.53,36.11,24.6,40.6,9.7,25.6,1307310,9917,29.6,18,265,138,60,,,Ground Sensor,Unverified
2347,Delhi,Delhi,Urban,2023-11-11,2023,11,Saturday,Winter,16787941,33.0,17.07,25.86,29.3,79.71,18.06,72.69,15.67,31.6,37.9,25.5,0,4669997,15697,5.9,22,434,259,118,,,CPCB,Unverified
2348,Ahmedabad,Gujarat,Industrial,2023-04-29,2023,4,Saturday,Summer,5570585,185.1,87.65,129.19,90.48,23.94,7.28,75.11,47.86,30.7,100,17.1,0,1444983,5409,30.8,17,471,215,77,,,Ground Sensor,Verified
2349,Surat,Gujarat,Industrial,2022-07-15,2022,7,Friday,Monsoon,4467797,11.8,6.97,8.49,48.71,8.02,7.91,110.27,31.55,31.2,92.9,29.6,0,1242822,6532,34.3,18,70,39,19,,,CPCB,Verified
2350,Jaipur,Rajasthan,Tourist,2022-04-03,2022,4,Sunday,Summer,3046163,137.2,49.12,104.4,120.01,62.72,12.17,103.85,30.91,47.8,53.5,16.7,2.6,944795,5832,43.8,24,250,169,38,,,Ground Sensor,Manual Entry
2351,Vadodara,Gujarat,Industrial,2023-01-20,2023,1,Friday,Winter,1670806,42.3,14.9,36.52,43.26,30.44,12.1,88.1,31.16,26.6,71.5,22.7,5.7,425141,1543,11.8,13,,28,9,,,Satellite,Verified
2352,Surat,Gujarat,Industrial,2023-03-06,2023,3,Monday,Summer,4467797,269.0,150.46,153.59,38.36,15.05,9.82,94.42,8.54,35.8,96.2,10.7,0,1155447,2558,6.6,13,321,196,82,,,Satellite,Verified
2353,Ranchi,Jharkhand,Industrial,2023-04-05,2023,4,Wednesday,Summer,1073440,10,3.47,5.84,17.75,52.11,14.99,125.3,13.87,30.0,94.1,4.9,5.2,194238,1911,17.8,4,20,8,5,,,State PCB,Unverified
2354,Agra,Uttar Pradesh,Tourist,2023-06-01,2023,6,Thursday,Monsoon,1585704,113.8,39.09,91.73,24.57,29.89,3.13,61.85,35.31,38.2,74.7,32.6,2.7,329735,1503,35.9,13,37,16,8,,,Satellite,Verified
2355,Agra,Uttar Pradesh,Tourist,2023-03-29,2023,3,Wednesday,Summer,1585704,148.9,74.75,133.72,75.97,33.21,9.21,84.9,36.31,40.7,89.5,26.0,3.4,412891,1804,22.6,16,120,73,27,,,Satellite,Auto
2356,Srinagar,Jammu & Kashmir,Tourist,2022-04-08,2022,4,Friday,Summer,1180570,220.6,131.82,192.72,84.34,79.22,15.38,121.96,8.74,39.4,63.8,13.1,4.0,255059,1294,33.7,24,94,48,19,,,Ground Sensor,Verified
2357,Pune,Maharashtra,Industrial,2022-10-02,2022,10,Sunday,Post-Monsoon,3124458,800.0,18.06,50.45,121.47,60.68,11.59,109.01,26.46,32.9,60.7,14.0,6.5,734764,2410,19.3,14,178,92,45,,,Satellite,Manual Entry
2358,Vadodara,Gujarat,Industrial,2023-06-15,2023,6,Thursday,Monsoon,1670806,139.6,77.7,122.85,85.36,47.27,9.72,70.31,3.46,20.9,62.1,22.5,0,573448,2285,40.6,11,104,61,24,,,Ground Sensor,Verified
2359,Bangalore,Karnataka,IT Hub,2023-02-02,2023,2,Thursday,Winter,8443675,196.7,93.24,171.63,101.95,45.41,6.94,64.9,32.54,36.2,75.9,11.0,0.7,2832936,14293,43.2,19,681,374,107,,,Satellite,Unverified
2360,Mumbai,Maharashtra,Industrial,2022-06-16,2022,6,Thursday,Monsoon,12478447,126.1,45.5,82.58,82.28,29.0,4.13,93.37,29.34,26.9,44.9,18.0,26.0,4232999,19269,20.0,10,664,286,121,,,Satellite,Manual Entry
2361,Ludhiana,Punjab,Industrial,2023-10-23,2023,10,Monday,Post-Monsoon,1618879,224.0,119.64,173.81,52.11,13.11,3.61,55.78,7.72,38.3,87.1,21.8,5.0,521296,1601,35.1,3,120,59,34,,,Satellite,Auto
2362,Rajkot,Gujarat,Industrial,2022-03-16,2022,3,Wednesday,Summer,1286995,235.1,97.98,167.8,117.49,46.32,4.49,82.66,34.24,29.4,73.2,6.3,6.5,369656,2458,5.4,9,124,73,33,,,State PCB,Verified
2363,Lucknow,Uttar Pradesh,Administrative,2022-02-10,2022,2,Thursday,Winter,2815601,191.9,71.59,109.63,117.95,38.33,6.46,140.16,6.03,37.1,71.6,26.8,0,982126,5142,21.0,11,182,108,35,,,CPCB,Verified
2364,Hyderabad,Telangana,IT Hub,2023-09-07,2023,9,Thursday,Monsoon,6809970,127.8,73.33,90.95,43.37,52.79,5.03,77.02,19.79,28.6,37.9,16.9,11.4,2001989,7315,16.3,6,325,227,50,,,Satellite,Unverified
2365,Chennai,Tamil Nadu,Coastal,2023-08-20,2023,8,Sunday,Monsoon,7088000,52.1,29.7,39.83,7.64,33.29,10.67,125.67,4.29,26.7,69.2,0.4,2.0,1344335,10223,29.9,11,130,79,23,,,Ground Sensor,Unverified
2366,Chennai,Tamil Nadu,Coastal,2022-11-09,2022,11,Wednesday,Winter,7088000,314.0,120.6,198.95,18.44,92.01,15.6,50.91,38.92,25.3,41.2,5.8,3.1,2031064,6788,13.5,7,593,316,162,,,State PCB,Manual Entry
2367,Ranchi,Jharkhand,Industrial,2023-08-29,2023,8,Tuesday,Monsoon,1073440,,,33.75,21.17,8.63,2.88,59.75,1.26,20.4,75.0,8.6,0,266979,1112,15.1,14,23,15,6,,,Satellite,Auto
2368,Agra,Uttar Pradesh,Tourist,2023-01-03,2023,1,Tuesday,Winter,1585704,892.3,51.54,133.57,80.14,68.21,4.75,145.67,31.8,23.8,26.9,10.6,3.0,536333,1233,15.8,16,113,50,27,,,CPCB,Manual Entry
2369,Bangalore,Karnataka,IT Hub,2022-09-30,2022,9,Friday,Monsoon,8443675,128.7,42.8,71.89,63.38,21.47,2.06,29.14,20.36,27.7,76.8,21.4,9.0,2149557,8092,5.4,14,426,284,125,,,State PCB,Verified
2370,Ghaziabad,Uttar Pradesh,Industrial,2022-08-12,2022,8,Friday,Monsoon,1636068,62.4,28.63,42.75,46.91,25.12,8.22,121.68,25.16,21.9,53.9,1.1,15.2,343510,1448,12.0,20,52,25,13,,,Ground Sensor,Verified
2371,Bangalore,Karnataka,IT Hub,2023-06-01,2023,6,Thursday,Monsoon,8443675,162.7,55.86,144.78,20.66,50.69,6.72,132.66,28.13,18.2,68.3,16.9,0,2712879,10618,33.3,6,356,216,55,,,Ground Sensor,Manual Entry
2372,Nagpur,Maharashtra,Commercial,2022-04-03,2022,4,Sunday,Summer,2405665,134.6,41.86,90.19,111.82,20.98,5.71,87.76,20.25,21.4,83.5,10.3,8.7,545853,1470,12.8,25,166,83,34,,,Ground Sensor,Manual Entry
2373,Chennai,Tamil Nadu,Coastal,2022-07-06,2022,7,Wednesday,Monsoon,7088000,112.7,34.67,68.18,36.77,10.99,0.66,82.86,21.63,28.1,37.6,9.1,5.8,2415492,7534,31.5,9,166,67,43,,,Ground Sensor,Verified
2374,Nagpur,Maharashtra,Commercial,2023-01-16,2023,1,Monday,Winter,2405665,195.2,62.79,161.04,97.17,41.76,8.56,37.89,10.88,16.1,56.0,16.1,0.1,673648,1271,13.8,20,147,94,39,,,Satellite,Unverified
2375,Lucknow,Uttar Pradesh,Administrative,2022-02-19,2022,2,Saturday,Winter,2815601,158.7,63.76,81.82,56.74,40.18,2.48,123.29,2.07,21.7,71.6,7.2,3.1,752601,3851,30.6,23,154,91,27,,,Satellite,Unverified
2376,Hyderabad,Telangana,IT Hub,2022-06-08,2022,6,Wednesday,Monsoon,6809970,170.5,54.0,92.78,41.47,45.88,4.75,106.37,3.12,23.1,71.4,4.5,13.8,2242993,4362,40.5,24,325,189,93,,,CPCB,Auto
2377,Vadodara,Gujarat,Industrial,2022-04-24,2022,4,Sunday,Summer,1670806,129.0,75.63,112.72,122.51,87.27,11.33,91.81,10.21,25.5,65.7,13.0,0,459158,1393,17.2,21,139,87,38,,,Ground Sensor,Manual Entry
2378,Ahmedabad,Gujarat,Industrial,2022-02-23,2022,2,Wednesday,Winter,5570585,775.1,83.21,170.11,98.28,88.52,17.19,124.17,22.28,,67.2,11.6,2.0,1380509,8176,20.3,24,558,377,133,,,Ground Sensor,Auto
2379,Patna,Bihar,Administrative,2022-01-29,2022,1,Saturday,Winter,1684222,10,5.29,7.93,25.73,104.92,3.9,143.52,19.66,41.0,82.3,12.0,0,308041,1580,24.9,25,55,22,12,,,Ground Sensor,Unverified
2380,Mumbai,Maharashtra,Industrial,2022-04-25,2022,4,Monday,Summer,12478447,200.8,85.97,163.83,81.75,38.11,6.5,121.7,8.47,12.7,19.7,13.9,0,3480796,19205,27.5,12,886,406,206,,,CPCB,Auto
2381,Jodhpur,Rajasthan,Tourist,2023-06-20,2023,6,Tuesday,Monsoon,1137815,68.2,26.06,56.61,38.34,53.86,4.22,65.14,37.09,37.2,32.6,4.7,10.4,217500,1649,23.8,7,43,24,10,,,Satellite,Auto
2382,Chennai,Tamil Nadu,Coastal,2022-07-12,2022,7,Tuesday,Monsoon,7088000,84.8,45.56,50.12,20.79,30.81,10.86,48.03,44.86,24.7,37.7,17.2,0,1877540,13878,32.2,15,262,140,59,,,Ground Sensor,Manual Entry
2383,Ranchi,Jharkhand,Industrial,2023-05-27,2023,5,Saturday,Summer,1073440,71.3,23.74,58.21,20.7,82.61,6.23,49.51,2.91,6.8,84.0,4.4,0,273728,1552,21.8,9,33,14,7,,,Satellite,Manual Entry
2383,Ranchi,Jharkhand,Industrial,2023-05-27,2023,5,Saturday,Summer,1073440,71.3,23.74,58.21,20.7,82.61,6.23,49.51,2.91,6.8,84.0,4.4,0,273728,1552,21.8,9,33,14,7,,,Satellite,Manual Entry
2384,Pune,Maharashtra,Industrial,2022-03-08,2022,3,Tuesday,Summer,3124458,37.8,17.74,30.94,32.09,21.46,9.83,142.94,37.96,29.8,56.1,3.0,2.0,800757,3540,8.5,12,56,28,11,,,Ground Sensor,Verified
2385,Chennai,Tamil Nadu,Coastal,2022-06-11,2022,6,Saturday,Monsoon,7088000,703.9,8.74,18.53,55.93,47.0,7.83,58.05,44.04,,45.4,16.0,0,1326656,8131,26.9,9,241,124,69,,,Satellite,Auto
2386,Rajkot,Gujarat,Industrial,2023-11-01,2023,11,Wednesday,Winter,1286995,184.9,83.71,122.03,146.85,42.24,4.4,39.7,7.17,27.8,53.5,13.7,0,307461,1954,9.6,11,138,81,27,,,CPCB,Verified
2387,Visakhapatnam,Andhra Pradesh,Coastal,2023-11-06,2023,11,Monday,Winter,1728128,231.3,89.19,128.98,124.48,111.95,19.58,80.74,46.2,26.0,81.4,14.9,0,433794,3441,33.7,24,184,75,45,,,Ground Sensor,Auto
2388,Bangalore,Karnataka,IT Hub,2022-05-08,2022,5,Sunday,Summer,8443675,238.3,77.27,160.53,24.15,24.9,4.78,110.54,25.86,36.0,57.5,6.6,5.1,1523104,13632,19.3,24,406,174,101,,,State PCB,Auto
2389,Faridabad,Haryana,Industrial,2023-02-22,2023,2,Wednesday,Winter,1394000,168.3,98.96,148.74,146.43,11.05,8.34,28.18,2.35,23.4,91.9,19.0,0.0,457924,2634,27.0,12,145,84,27,,,CPCB,Manual Entry
2390,Nagpur,Maharashtra,Commercial,2022-01-07,2022,1,Friday,Winter,2405665,111.2,58.63,99.39,100.01,34.31,9.71,22.02,37.29,13.6,44.0,16.6,0,549623,1610,38.9,5,186,120,38,,,Ground Sensor,Unverified
2391,Chennai,Tamil Nadu,Coastal,2022-08-16,2022,8,Tuesday,Monsoon,7088000,152.1,72.25,87.02,38.31,10.19,7.72,130.55,24.68,47.3,55.7,13.1,14.3,1748269,12594,11.0,24,316,126,73,,,CPCB,Manual Entry
2392,Varanasi,Uttar Pradesh,Tourist,2022-03-19,2022,3,Saturday,Summer,1198491,245.4,127.34,183.59,113.25,49.65,15.38,28.04,1.91,22.8,80.1,2.0,6.2,386389,1679,10.2,4,,64,14,,,Satellite,Verified
2393,Ludhiana,Punjab,Industrial,2022-12-25,2022,12,Sunday,Winter,1618879,211.6,68.45,152.34,149.1,43.86,9.05,139.95,10.1,32.9,78.7,16.5,6.7,483899,3142,32.1,14,138,60,22,,,State PCB,Unverified
2394,Hyderabad,Telangana,IT Hub,2022-09-28,2022,9,Wednesday,Monsoon,6809970,66.9,31.81,51.91,29.89,48.27,3.24,113.22,20.6,43.5,40.6,16.7,0,1430446,4712,33.0,11,176,101,48,,,Ground Sensor,Verified
2395,Vadodara,Gujarat,Industrial,2022-07-12,2022,7,Tuesday,Monsoon,1670806,97.1,39.27,82.71,64.31,10.43,2.76,124.66,39.97,17.7,56.8,8.5,0,522266,1028,21.6,17,54,30,8,,,CPCB,Auto
2396,Srinagar,Jammu & Kashmir,Tourist,2022-04-24,2022,4,Sunday,Summer,1180570,222.9,80.21,131.4,73.71,30.82,14.3,39.44,13.99,41.9,36.7,10.0,0,224379,985,17.6,3,69,43,16,,,State PCB,Auto
2397,Ghaziabad,Uttar Pradesh,Industrial,2023-11-01,2023,11,Wednesday,Winter,1636068,179.9,54.07,108.8,80.29,67.49,15.83,89.95,44.32,23.3,95.6,5.0,2.2,416179,3061,33.1,5,108,50,17,,,CPCB,Auto
2398,Srinagar,Jammu & Kashmir,Tourist,2023-12-08,2023,12,Friday,Winter,1180570,163.2,72.21,134.93,22.24,22.22,6.64,24.92,9.12,28.8,63.1,14.0,5.9,379962,623,33.4,23,56,37,9,,,State PCB,Manual Entry
2399,Ghaziabad,Uttar Pradesh,Industrial,2022-03-10,2022,3,Thursday,Summer,1636068,164.8,61.68,88.33,19.29,78.2,10.03,49.87,24.61,13.9,61.7,16.3,0,438976,2821,41.6,4,80,54,12,,,State PCB,Auto
2400,Varanasi,Uttar Pradesh,Tourist,2023-02-13,2023,2,Monday,Winter,1198491,205.2,92.6,104.44,104.48,8.48,19.75,125.74,37.18,23.2,49.1,9.6,0,365914,1689,14.8,21,86,54,14,,,CPCB,Unverified
2401,Srinagar,Jammu & Kashmir,Tourist,2023-06-21,2023,6,Wednesday,Monsoon,1180570,81.9,26.24,44.96,66.49,39.02,3.22,89.83,32.56,34.2,63.7,9.2,0,402252,1778,33.7,23,40,19,7,,,Satellite,Manual Entry
2402,Srinagar,Jammu & Kashmir,Tourist,2022-03-07,2022,3,Monday,Summer,1180570,120.1,36.38,85.3,29.42,72.79,7.63,149.56,44.71,24.7,46.3,10.9,2.5,333285,1707,32.0,15,53,33,11,,,Ground Sensor,Unverified
2403,Ghaziabad,Uttar Pradesh,Industrial,2022-12-13,2022,12,Tuesday,Winter,1636068,181.1,107.23,114.52,159.68,86.65,11.8,116.81,39.9,44.0,41.3,10.7,4.1,316657,2888,9.7,16,151,98,37,,,Ground Sensor,Manual Entry
2404,Ludhiana,Punjab,Industrial,2022-10-19,2022,10,Wednesday,Post-Monsoon,1618879,210.1,89.61,169.65,38.6,43.71,12.65,124.84,43.72,31.8,44.2,9.3,0,460894,2541,16.1,6,73,30,13,,,Ground Sensor,Manual Entry
2405,Ghaziabad,Uttar Pradesh,Industrial,2023-08-13,2023,8,Sunday,Monsoon,1636068,118.7,36.5,92.32,42.63,51.57,10.65,21.78,24.46,23.8,56.7,19.2,60.0,340091,1603,23.6,22,57,29,16,,,Ground Sensor,Manual Entry
2406,Ghaziabad,Uttar Pradesh,Industrial,2023-05-15,2023,5,Monday,Summer,1636068,100.3,57.57,77.77,13.96,49.15,6.18,64.22,33.04,23.6,55.6,11.4,3.7,479971,3094,44.0,6,70,48,20,,,State PCB,Verified
2407,Jodhpur,Rajasthan,Tourist,2023-02-23,2023,2,Thursday,Winter,1137815,178.6,67.98,98.85,42.24,50.61,5.15,66.28,21.5,20.3,35.9,12.2,4.1,361932,1377,42.0,18,68,42,13,,,Satellite,Unverified
2408,Indore,Madhya Pradesh,Commercial,2022-04-24,2022,4,Sunday,Summer,1994397,273.9,142.74,216.29,62.48,39.84,15.37,66.72,11.68,6.8,21.9,10.9,0.9,427878,1793,19.8,11,169,97,32,,,Satellite,Verified
2409,Patna,Bihar,Administrative,2023-02-07,2023,2,Tuesday,Winter,1684222,,41.08,44.36,47.38,61.1,8.76,50.19,43.55,26.8,64.7,11.5,5.9,458029,1283,34.2,8,81,46,20,,,CPCB,Manual Entry
2410,Patna,Bihar,Administrative,2023-10-05,2023,10,Thursday,Post-Monsoon,1684222,212.7,105.07,144.4,121.05,65.9,9.94,106.71,20.99,37.6,67.4,4.8,3.3,556339,1458,43.2,16,187,115,51,,,CPCB,Auto
2411,Coimbatore,Tamil Nadu,Industrial,2022-12-07,2022,12,Wednesday,Winter,1061447,200.5,118.24,160.03,25.6,93.0,1.64,103.73,45.51,27.3,60.3,13.6,2.7,286500,1465,11.6,19,94,39,17,,,Ground Sensor,Unverified
2412,Ghaziabad,Uttar Pradesh,Industrial,2022-08-24,2022,8,Wednesday,Monsoon,1636068,51.2,21.86,42.54,80.78,4.03,9.22,43.89,17.44,36.9,36.7,19.1,16.7,477396,3271,26.4,5,47,30,8,,,Satellite,Verified
2413,Mumbai,Maharashtra,Industrial,2022-06-08,2022,6,Wednesday,Monsoon,12478447,43.3,17.55,32.73,14.72,29.61,9.81,94.74,33.72,31.2,54.9,6.4,6.4,2320803,11023,21.2,19,235,158,69,,,Satellite,Unverified
2414,Jaipur,Rajasthan,Tourist,2023-10-21,2023,10,Saturday,Post-Monsoon,3046163,298.3,123.99,251.7,48.14,51.54,11.22,53.63,42.14,43.2,51.8,13.1,3.7,553415,2540,21.2,7,181,97,37,,,State PCB,Manual Entry
2415,Ahmedabad,Gujarat,Industrial,2023-10-23,2023,10,Monday,Post-Monsoon,5570585,247.2,141.56,186.24,118.58,78.34,10.92,21.55,1.19,8.2,82.5,16.3,4.1,1686904,3638,20.5,16,629,375,103,,,State PCB,Auto
2416,Delhi,Delhi,Urban,2023-05-21,2023,5,Sunday,Summer,16787941,195.3,60.77,118.01,94.52,58.32,8.12,119.51,23.34,23.9,71.4,8.9,3.1,3938431,27081,26.4,25,1095,492,189,,,Ground Sensor,Auto
2416,Delhi,Delhi,Urban,2023-05-21,2023,5,Sunday,Summer,16787941,195.3,60.77,118.01,94.52,58.32,8.12,119.51,23.34,23.9,71.4,8.9,3.1,3938431,27081,26.4,25,1095,492,189,,,Ground Sensor,Auto
2417,Faridabad,Haryana,Industrial,2023-02-16,2023,2,Thursday,Winter,1394000,632.7,81.14,101.92,52.5,66.13,6.2,55.38,43.07,39.0,41.6,21.3,0,477839,1450,14.8,3,86,57,13,,,Satellite,Unverified
2418,Hyderabad,Telangana,IT Hub,2023-09-20,2023,9,Wednesday,Monsoon,6809970,131.4,64.23,84.5,47.32,13.03,8.19,55.14,2.14,29.1,65.8,14.3,11.3,1911264,5677,16.9,5,256,104,73,,,Satellite,Auto
2419,Indore,Madhya Pradesh,Commercial,2023-06-09,2023,6,Friday,Monsoon,1994397,117.5,51.98,72.33,62.73,17.22,5.22,47.03,36.16,21.3,64.7,15.4,11.1,608365,2496,38.9,14,88,50,19,,,Satellite,Unverified
2420,Surat,Gujarat,Industrial,2023-07-01,2023,7,Saturday,Monsoon,4467797,84.5,33.42,63.72,58.52,22.91,3.8,33.7,15.28,33.5,54.1,13.0,6.1,1480104,3810,21.2,4,204,112,47,,,Satellite,Verified
2421,Srinagar,Jammu & Kashmir,Tourist,2022-11-02,2022,11,Wednesday,Winter,1180570,271.6,105.94,152.54,128.96,99.99,1.71,132.67,19.7,33.0,92.6,8.6,5.0,349559,768,5.0,16,152,104,34,,,Satellite,Manual Entry
2422,Surat,Gujarat,Industrial,2022-10-06,2022,10,Thursday,Post-Monsoon,4467797,102.8,58.51,78.56,35.88,88.28,7.37,51.06,3.25,37.2,70.2,-2.9,0,850942,5938,17.5,14,294,152,54,,,Satellite,Manual Entry
2423,Mumbai,Maharashtra,Industrial,2022-07-06,2022,7,Wednesday,Monsoon,12478447,123.4,53.96,79.59,59.84,41.81,1.73,55.87,44.38,26.6,57.8,7.7,0,2765078,16420,6.2,14,567,253,93,,,CPCB,Manual Entry
2424,Nagpur,Maharashtra,Commercial,2022-01-27,2022,1,Thursday,Winter,2405665,142.9,55.99,104.55,17.17,51.41,18.3,138.54,10.67,31.2,43.5,8.2,3.6,565212,2825,19.4,23,81,49,12,,,Ground Sensor,Unverified
2425,Faridabad,Haryana,Industrial,2022-08-16,2022,8,Tuesday,Monsoon,1394000,67.7,24.24,50.13,59.22,47.86,1.18,40.22,4.65,31.9,63.0,3.0,0,302320,1719,26.9,4,46,28,13,,,Ground Sensor,Verified
2426,Ranchi,Jharkhand,Industrial,2023-08-09,2023,8,Wednesday,Monsoon,1073440,78.7,45.39,68.18,64.72,27.17,4.57,75.88,33.38,18.5,56.0,15.8,7.1,251695,1498,12.2,7,41,27,6,,,CPCB,Verified
2427,Ranchi,Jharkhand,Industrial,2022-10-03,2022,10,Monday,Post-Monsoon,1073440,182.8,57.83,113.69,143.44,26.72,7.15,100.82,30.47,26.9,89.1,7.1,0.7,301348,1850,25.7,5,94,42,19,,,Satellite,Unverified
2428,Varanasi,Uttar Pradesh,Tourist,2023-01-13,2023,1,Friday,Winter,1198491,638.0,28.6,41.94,45.49,95.19,1.42,21.42,45.73,26.6,44.8,8.3,0,296949,2118,19.6,14,55,30,10,,,CPCB,Auto
2429,Ranchi,Jharkhand,Industrial,2023-11-24,2023,11,Friday,Winter,1073440,144.6,83.5,126.41,28.12,23.72,16.76,38.01,15.98,20.2,72.0,9.0,0,308079,1662,40.5,23,42,23,6,,,Satellite,Verified
2430,Pune,Maharashtra,Industrial,2022-11-26,2022,11,Saturday,Winter,3124458,133.4,73.82,119.9,105.27,106.12,6.1,68.34,25.09,20.4,59.7,9.4,0,599678,3262,18.8,10,235,106,47,,,Ground Sensor,Unverified
2431,Jaipur,Rajasthan,Tourist,2022-07-16,2022,7,Saturday,Monsoon,3046163,101.5,56.28,72.95,57.65,38.49,0.65,128.04,37.89,32.3,54.4,17.9,34.8,585730,2128,20.9,7,149,94,31,,,Satellite,Auto
2432,Vadodara,Gujarat,Industrial,2023-04-29,2023,4,Saturday,Summer,1670806,134.7,45.62,94.42,71.65,19.91,8.27,115.51,49.79,31.7,25.9,12.9,3.3,579539,2394,39.4,20,60,37,11,,,CPCB,Unverified
2433,Patna,Bihar,Administrative,2023-05-07,2023,5,Sunday,Summer,1684222,142.6,47.5,75.28,61.52,85.8,12.66,106.89,25.68,27.9,34.1,6.7,0,413058,1437,28.8,5,98,63,21,,,Satellite,Verified
2434,Coimbatore,Tamil Nadu,Industrial,2023-04-22,2023,4,Saturday,Summer,1061447,149.9,53.79,77.73,122.6,44.82,4.09,139.74,8.91,41.6,58.2,15.6,0,219184,625,17.2,12,79,46,14,,,Ground Sensor,Unverified
2435,Faridabad,Haryana,Industrial,2023-11-06,2023,11,Monday,Winter,1394000,142.1,55.17,85.85,53.65,52.52,7.57,35.76,5.83,47.4,64.4,4.0,6.5,421374,2743,28.4,20,75,32,21,,,State PCB,Unverified
2436,Patna,Bihar,Administrative,2023-07-29,2023,7,Saturday,Monsoon,1684222,57.5,26.0,41.43,21.78,12.08,10.58,33.15,13.07,26.7,33.0,7.2,16.2,467900,2852,21.1,24,31,12,5,,,CPCB,Unverified
2437,Ghaziabad,Uttar Pradesh,Industrial,2022-06-12,2022,6,Sunday,Monsoon,1636068,155.7,59.71,81.21,47.17,6.94,1.45,30.24,9.84,29.3,78.6,21.0,0,483794,3251,42.5,10,76,50,12,,,State PCB,Verified
2438,Chennai,Tamil Nadu,Coastal,2023-02-21,2023,2,Tuesday,Winter,7088000,64.7,35.75,44.15,70.81,62.72,20.16,68.3,28.61,47.6,19.3,18.6,7.8,1680420,10697,20.5,7,,153,77,,,State PCB,Auto
2439,Delhi,Delhi,Urban,2022-04-27,2022,4,Wednesday,Summer,16787941,122.1,54.24,65.62,124.53,80.67,3.1,145.88,40.97,42.5,96.4,15.0,0,3965449,32222,20.4,12,1365,835,269,,,CPCB,Verified
2440,Faridabad,Haryana,Industrial,2022-12-08,2022,12,Thursday,Winter,1394000,180.7,82.36,142.88,93.73,91.85,0.98,106.2,14.39,29.2,78.8,20.8,5.8,345208,920,23.5,20,122,50,29,,,Ground Sensor,Manual Entry
2441,Amritsar,Punjab,Tourist,2023-08-13,2023,8,Sunday,Monsoon,1132761,48.4,24.61,28.57,16.19,53.5,0.61,130.03,46.24,15.3,68.3,5.4,33.4,337556,2147,40.2,16,24,15,3,,,Ground Sensor,Auto
2442,Bhopal,Madhya Pradesh,Administrative,2023-07-14,2023,7,Friday,Monsoon,1795648,77.3,33.06,44.15,24.11,35.06,10.5,67.8,33.08,27.1,41.7,18.2,7.0,586138,3450,42.6,15,46,28,11,,,Satellite,Verified
2443,Kolkata,West Bengal,Urban,2023-07-11,2023,7,Tuesday,Monsoon,4496694,83.3,38.8,44.67,38.89,47.82,9.59,147.94,27.22,31.0,82.7,21.7,13.9,898639,3950,23.3,6,206,135,44,,,Ground Sensor,Manual Entry
2444,Lucknow,Uttar Pradesh,Administrative,2022-01-25,2022,1,Tuesday,Winter,2815601,203.7,108.88,118.21,126.73,108.24,14.63,92.82,31.04,30.7,63.6,6.2,0,969012,4842,5.9,6,324,189,65,,,Satellite,Manual Entry
2445,Chennai,Tamil Nadu,Coastal,2023-10-03,2023,10,Tuesday,Post-Monsoon,7088000,106.2,36.49,84.18,128.76,90.77,3.63,87.49,22.81,38.1,48.9,13.7,0.7,1923205,13136,16.0,21,589,304,161,,,State PCB,Auto
2446,Bangalore,Karnataka,IT Hub,2023-07-31,2023,7,Monday,Monsoon,8443675,120.4,64.31,87.53,89.73,23.83,5.18,41.86,43.01,26.9,55.9,4.5,0,2158456,9787,23.5,11,420,290,90,,,CPCB,Manual Entry
2447,Coimbatore,Tamil Nadu,Industrial,2023-05-25,2023,5,Thursday,Summer,1061447,172.5,62.83,87.41,66.27,60.46,8.09,53.21,49.15,35.9,22.0,21.7,0,284261,537,25.7,17,60,38,14,,,CPCB,Manual Entry
2448,Coimbatore,Tamil Nadu,Industrial,2023-12-07,2023,12,Thursday,Winter,1061447,143.7,55.98,97.49,109.5,15.85,12.56,29.14,45.48,30.2,69.5,9.0,0,360562,587,32.7,19,73,38,10,,,State PCB,Unverified
2449,Coimbatore,Tamil Nadu,Industrial,2023-03-30,2023,3,Thursday,Summer,1061447,73.9,34.65,62.55,70.07,68.78,15.57,77.24,2.91,38.8,72.5,16.0,0,222257,956,29.8,9,47,19,13,,,CPCB,Verified
2450,Jodhpur,Rajasthan,Tourist,2022-08-08,2022,8,Monday,Monsoon,1137815,,,119.13,10.43,14.12,8.31,126.98,33.66,27.8,58.0,19.0,9.9,225670,2041,36.1,9,53,36,8,,,Ground Sensor,Verified
2451,Lucknow,Uttar Pradesh,Administrative,2023-07-09,2023,7,Sunday,Monsoon,2815601,49.7,26.58,37.63,80.21,56.2,8.5,59.93,2.22,34.6,40.9,19.6,0,834946,3937,27.2,22,155,80,31,,,Satellite,Manual Entry
2452,Patna,Bihar,Administrative,2023-11-03,2023,11,Friday,Winter,1684222,92.1,31.94,53.04,135.8,48.85,20.89,41.46,17.4,31.7,54.7,16.6,0,588413,2707,37.6,20,126,61,26,,,Satellite,Verified
2453,Patna,Bihar,Administrative,2023-03-22,2023,3,Wednesday,Summer,1684222,176.4,94.9,152.53,43.66,7.6,1.67,106.9,40.71,34.3,83.7,6.7,0,541917,1107,34.6,3,101,41,21,,,Ground Sensor,Unverified
2454,Patna,Bihar,Administrative,2022-07-05,2022,7,Tuesday,Monsoon,1684222,141.8,62.47,112.34,20.41,25.11,1.13,60.56,40.46,33.6,69.2,10.4,4.6,405460,3123,39.3,25,57,34,15,,,State PCB,Auto
2455,Amritsar,Punjab,Tourist,2022-05-07,2022,5,Saturday,Summer,1132761,181.3,92.9,126.31,103.81,70.78,12.66,137.97,7.74,22.5,60.7,4.5,0.2,298412,1303,13.4,12,76,36,13,,,Satellite,Auto
2456,Chennai,Tamil Nadu,Coastal,2023-08-14,2023,8,Monday,Monsoon,7088000,806.5,27.28,31.4,65.11,51.73,1.18,38.8,5.48,,56.0,18.6,0,1554160,8187,28.7,18,286,141,48,,,State PCB,Manual Entry
2457,Hyderabad,Telangana,IT Hub,2023-04-19,2023,4,Wednesday,Summer,6809970,134.3,44.9,107.25,98.99,17.3,8.36,74.09,45.08,22.7,37.6,14.2,2.5,2030650,11560,7.0,3,410,215,115,,,Satellite,Unverified
2458,Jaipur,Rajasthan,Tourist,2022-05-01,2022,5,Sunday,Summer,3046163,134.3,71.99,115.31,97.4,35.51,5.46,139.15,11.69,39.3,23.6,13.3,2.7,927426,1727,19.3,21,179,90,52,,,Ground Sensor,Manual Entry
2459,Agra,Uttar Pradesh,Tourist,2023-04-24,2023,4,Monday,Summer,1585704,149.9,59.14,99.19,54.07,28.63,11.08,84.48,20.44,22.3,65.6,9.6,0.2,367029,2006,34.1,11,72,41,21,,,State PCB,Unverified
2460,Lucknow,Uttar Pradesh,Administrative,2022-05-26,2022,5,Thursday,Summer,2815601,176.5,90.12,140.73,35.15,16.7,11.39,113.79,15.06,35.1,53.3,9.7,0.5,642771,3577,18.4,19,134,78,36,,,State PCB,Auto
2461,Kanpur,Uttar Pradesh,Industrial,2022-03-19,2022,3,Saturday,Summer,2920496,,78.75,98.25,17.93,54.62,1.92,137.87,24.58,21.3,82.1,10.6,0.5,684965,5799,7.0,14,126,60,19,,,Satellite,Verified
2462,Varanasi,Uttar Pradesh,Tourist,2022-08-05,2022,8,Friday,Monsoon,1198491,130.4,76.76,71.05,82.64,58.71,0.78,114.29,30.77,28.0,44.3,27.1,21.4,351272,1607,36.6,7,88,35,15,,,CPCB,Manual Entry
2463,Surat,Gujarat,Industrial,2023-08-11,2023,8,Friday,Monsoon,4467797,158.9,64.68,118.49,82.84,24.47,8.81,138.69,4.44,26.7,50.9,7.9,13.3,1413068,4774,23.8,3,204,115,33,,,CPCB,Unverified
2464,Bangalore,Karnataka,IT Hub,2023-12-12,2023,12,Tuesday,Winter,8443675,123.3,51.69,104.91,55.2,93.78,15.09,35.75,29.4,35.8,72.9,4.2,0,2753163,11129,16.8,16,584,251,170,,,State PCB,Auto
2464,Bangalore,Karnataka,IT Hub,2023-12-12,2023,12,Tuesday,Winter,8443675,123.3,51.69,104.91,55.2,93.78,15.09,35.75,29.4,35.8,72.9,4.2,0,2753163,11129,16.8,16,584,251,170,,,State PCB,Auto
2465,Jodhpur,Rajasthan,Tourist,2022-07-09,2022,7,Saturday,Monsoon,1137815,85.8,42.89,55.92,39.53,50.33,1.58,46.17,35.03,33.7,51.0,14.6,0,389406,1009,16.7,6,52,20,14,,,CPCB,Manual Entry
2466,Rajkot,Gujarat,Industrial,2023-07-21,2023,7,Friday,Monsoon,1286995,145.1,55.53,104.96,28.77,29.16,2.77,46.01,45.47,,62.9,15.1,11.4,381581,1356,41.3,11,42,25,12,,,Ground Sensor,Manual Entry
2467,Kolkata,West Bengal,Urban,2023-05-29,2023,5,Monday,Summer,4496694,147.8,73.73,96.73,75.77,33.23,5.78,86.39,12.7,28.1,30.4,16.5,7.6,1096610,3198,24.5,3,329,198,87,,,CPCB,Auto
2468,Faridabad,Haryana,Industrial,2022-07-30,2022,7,Saturday,Monsoon,1394000,53.3,16.65,42.35,12.6,52.45,6.53,144.24,33.97,19.4,100,12.1,20.8,355660,901,34.9,25,36,22,9,,,State PCB,Unverified
2469,Vadodara,Gujarat,Industrial,2023-08-15,2023,8,Tuesday,Monsoon,1670806,63.3,19.43,48.58,22.48,19.91,9.59,66.62,41.42,29.8,58.0,0.7,6.7,556070,3305,36.8,19,32,19,5,,,Satellite,Auto
2470,Kanpur,Uttar Pradesh,Industrial,2023-10-02,2023,10,Monday,Post-Monsoon,2920496,206.7,109.09,134.9,50.79,21.81,12.04,56.61,23.55,34.8,49.9,8.1,0.3,693112,3749,11.2,12,234,136,55,,,State PCB,Manual Entry
2471,Ludhiana,Punjab,Industrial,2022-02-15,2022,2,Tuesday,Winter,1618879,104.9,38.23,77.26,104.94,30.41,17.52,141.73,31.46,33.4,90.6,13.5,2.8,484998,1368,41.9,19,73,32,14,,,Ground Sensor,Manual Entry
2472,Kanpur,Uttar Pradesh,Industrial,2022-09-20,2022,9,Tuesday,Monsoon,2920496,77.9,42.16,52.01,63.59,49.07,9.73,106.29,32.8,33.3,38.8,0.8,4.2,704718,2261,25.6,23,146,84,28,,,Ground Sensor,Manual Entry
2473,Surat,Gujarat,Industrial,2022-10-19,2022,10,Wednesday,Post-Monsoon,4467797,10,3.39,6.98,86.71,71.43,11.11,143.72,6.96,25.1,59.9,7.3,2.4,1030159,6785,25.1,12,192,110,32,,,CPCB,Verified
2474,Faridabad,Haryana,Industrial,2022-09-19,2022,9,Monday,Monsoon,1394000,71.4,31.0,55.61,53.42,58.2,1.33,96.9,19.47,23.6,62.0,4.5,3.6,412706,1776,22.7,6,63,42,11,,,CPCB,Manual Entry
2475,Kanpur,Uttar Pradesh,Industrial,2022-11-30,2022,11,Wednesday,Winter,2920496,156.3,55.11,112.05,156.7,66.37,3.05,34.2,41.53,25.7,100,11.3,1.1,678763,3403,14.2,13,237,124,61,,,State PCB,Auto
2476,Mumbai,Maharashtra,Industrial,2022-11-07,2022,11,Monday,Winter,12478447,72.2,31.59,56.56,43.7,54.58,3.2,109.45,18.78,21.2,76.7,23.5,7.4,2261791,23631,36.2,22,589,409,133,,,Ground Sensor,Manual Entry
2477,Chennai,Tamil Nadu,Coastal,2023-09-30,2023,9,Saturday,Monsoon,7088000,134.3,67.78,90.4,22.52,18.6,2.0,24.07,18.75,2.6,48.7,10.5,11.1,1352231,13353,43.7,14,344,202,93,,,State PCB,Unverified
2478,Agra,Uttar Pradesh,Tourist,2023-03-26,2023,3,Sunday,Summer,1585704,91.1,40.51,46.75,55.16,53.79,9.34,66.17,40.63,41.1,40.1,19.6,6.8,372066,2526,38.6,21,72,48,20,,,Ground Sensor,Auto
2479,Ahmedabad,Gujarat,Industrial,2022-09-12,2022,9,Monday,Monsoon,5570585,61.7,31.23,42.11,77.12,27.85,2.72,46.79,1.17,18.2,67.6,13.1,29.1,1917822,5760,28.8,14,278,177,49,,,CPCB,Auto
2480,Ranchi,Jharkhand,Industrial,2023-02-28,2023,2,Tuesday,Winter,1073440,162.4,54.88,138.11,120.37,73.71,17.71,55.09,28.32,21.3,76.4,12.8,0,310547,879,31.7,4,77,52,17,,,Ground Sensor,Verified
2481,Varanasi,Uttar Pradesh,Tourist,2023-04-13,2023,4,Thursday,Summer,1198491,107.2,61.33,54.43,38.39,68.61,9.03,91.72,17.27,36.2,54.1,15.4,0,365239,1401,14.8,12,,40,9,,,Satellite,Unverified
2482,Faridabad,Haryana,Industrial,2023-06-25,2023,6,Sunday,Monsoon,1394000,93.4,40.64,78.06,38.27,30.57,6.78,55.0,37.71,22.3,53.8,27.4,8.7,255730,1693,7.0,25,47,32,14,,,CPCB,Unverified
2482,Faridabad,Haryana,Industrial,2023-06-25,2023,6,Sunday,Monsoon,1394000,93.4,40.64,78.06,38.27,30.57,6.78,55.0,37.71,22.3,53.8,27.4,8.7,255730,1693,7.0,25,47,32,14,,,CPCB,Unverified
2483,Jodhpur,Rajasthan,Tourist,2022-08-22,2022,8,Monday,Monsoon,1137815,125.4,59.98,72.26,13.65,28.14,7.12,102.62,42.12,38.3,85.3,18.1,25.1,372441,1017,27.6,3,45,18,12,,,Ground Sensor,Verified
2484,Jodhpur,Rajasthan,Tourist,2022-08-11,2022,8,Thursday,Monsoon,1137815,10,4.15,8.23,8.5,52.93,9.89,69.93,1.49,29.5,77.3,13.8,21.8,260855,1174,16.0,25,14,6,3,,,Satellite,Manual Entry
2485,Delhi,Delhi,Urban,2023-04-11,2023,4,Tuesday,Summer,16787941,76.0,36.96,46.33,121.38,87.39,14.71,126.25,16.74,32.2,67.7,15.0,3.6,3333292,31114,8.2,10,1128,503,279,,,CPCB,Manual Entry
2486,Jodhpur,Rajasthan,Tourist,2023-07-20,2023,7,Thursday,Monsoon,1137815,106.1,45.05,76.38,18.49,49.98,4.4,110.43,17.07,24.6,45.2,6.9,0,345255,2191,6.1,16,38,20,7,,,Satellite,Manual Entry
2487,Ludhiana,Punjab,Industrial,2023-02-20,2023,2,Monday,Winter,1618879,147.7,66.92,123.91,81.62,107.89,18.0,134.16,31.36,16.2,61.6,5.0,3.2,341053,2344,37.2,23,129,61,24,,,Satellite,Unverified
2487,Ludhiana,Punjab,Industrial,2023-02-20,2023,2,Monday,Winter,1618879,147.7,66.92,123.91,81.62,107.89,18.0,134.16,31.36,16.2,61.6,5.0,3.2,341053,2344,37.2,23,129,61,24,,,Satellite,Unverified
2488,Srinagar,Jammu & Kashmir,Tourist,2022-06-03,2022,6,Friday,Monsoon,1180570,783.2,50.37,54.51,13.69,8.04,3.09,73.12,31.19,36.7,69.8,14.8,0,355367,1545,7.2,6,35,21,7,,,Satellite,Manual Entry
2489,Rajkot,Gujarat,Industrial,2022-09-17,2022,9,Saturday,Monsoon,1286995,94.8,34.99,85.0,63.08,23.39,5.49,31.62,41.54,43.8,51.2,4.7,6.3,424437,658,10.3,14,45,27,11,,,State PCB,Verified
2490,Patna,Bihar,Administrative,2022-12-16,2022,12,Friday,Winter,1684222,152.2,61.94,94.35,80.78,78.45,18.29,130.5,1.34,38.0,60.0,4.1,0,438152,1906,40.9,8,127,54,23,,,Satellite,Manual Entry
2491,Patna,Bihar,Administrative,2023-08-17,2023,8,Thursday,Monsoon,1684222,158.6,51.31,127.26,54.0,23.72,6.21,29.34,3.2,25.3,72.2,10.3,0,572869,2992,14.5,18,76,52,19,,,CPCB,Verified
2492,Mumbai,Maharashtra,Industrial,2022-06-24,2022,6,Friday,Monsoon,12478447,116.2,63.37,72.92,74.38,47.77,11.07,61.39,45.73,29.4,77.6,9.2,3.0,4351740,18727,5.8,11,794,454,123,,,Ground Sensor,Auto
2493,Bangalore,Karnataka,IT Hub,2022-08-21,2022,8,Sunday,Monsoon,8443675,37.0,20.12,32.36,50.54,58.47,1.51,145.89,8.08,20.8,61.4,2.0,19.0,2628833,12855,19.5,13,283,196,66,,,Ground Sensor,Verified
2494,Jaipur,Rajasthan,Tourist,2022-05-28,2022,5,Saturday,Summer,3046163,160.1,65.75,124.42,120.98,39.02,11.97,72.84,36.05,33.3,74.2,11.2,5.0,563898,5263,23.8,18,223,89,51,,,State PCB,Verified
2495,Kanpur,Uttar Pradesh,Industrial,2023-04-12,2023,4,Wednesday,Summer,2920496,169.2,71.2,141.53,128.46,79.75,7.5,98.39,33.93,31.1,38.7,17.6,0,657312,3753,20.9,13,299,178,56,,,Satellite,Manual Entry
2496,Nagpur,Maharashtra,Commercial,2022-01-04,2022,1,Tuesday,Winter,2405665,100.8,49.29,75.78,161.1,49.34,10.98,94.67,46.93,38.8,55.1,24.1,0,461776,1481,6.3,11,227,141,40,,,CPCB,Auto
2497,Agra,Uttar Pradesh,Tourist,2022-11-30,2022,11,Wednesday,Winter,1585704,247.0,125.29,200.43,78.11,98.35,15.89,56.82,21.32,27.8,58.0,23.8,0,539782,1485,22.0,24,184,95,33,,,Ground Sensor,Manual Entry
2498,Ghaziabad,Uttar Pradesh,Industrial,2022-04-08,2022,4,Friday,Summer,1636068,239.0,106.63,124.6,37.71,41.85,0.8,146.94,44.25,27.6,70.3,20.8,7.5,412889,2962,25.0,25,101,51,25,,,Satellite,Auto
2499,Coimbatore,Tamil Nadu,Industrial,2022-01-07,2022,1,Friday,Winter,1061447,184.1,92.03,99.15,90.68,59.58,10.99,21.52,40.7,15.2,52.2,26.5,0,364573,1424,20.2,22,92,60,15,,,Ground Sensor,Auto
2500,Ahmedabad,Gujarat,Industrial,2022-10-13,2022,10,Thursday,Post-Monsoon,5570585,162.8,79.11,139.39,80.91,92.45,8.19,28.07,37.1,27.5,54.1,6.7,4.7,1721348,7592,22.5,18,479,290,97,,,State PCB,Verified
2501,Bangalore,Karnataka,IT Hub,2023-03-28,2023,3,Tuesday,Summer,8443675,218.4,121.38,121.6,22.22,15.61,7.23,27.82,29.67,32.3,20.5,11.6,0,1721277,4565,40.1,11,410,217,94,,,State PCB,Unverified
2502,Bangalore,Karnataka,IT Hub,2023-11-13,2023,11,Monday,Winter,8443675,47.5,18.88,25.47,104.09,49.84,5.85,134.57,12.18,31.8,45.8,16.4,0.4,2070962,6040,31.7,10,405,273,95,,,State PCB,Verified
2503,Surat,Gujarat,Industrial,2023-07-24,2023,7,Monday,Monsoon,4467797,101.5,46.86,78.88,21.14,19.62,3.43,75.71,5.53,24.8,62.8,10.6,37.4,1338169,6071,8.7,22,151,99,40,,,State PCB,Auto
2504,Surat,Gujarat,Industrial,2022-07-17,2022,7,Sunday,Monsoon,4467797,79.9,47.85,71.58,71.32,20.57,0.56,29.99,4.51,20.5,62.4,16.0,8.8,1156538,7275,7.6,8,179,106,31,,,Ground Sensor,Verified
2505,Srinagar,Jammu & Kashmir,Tourist,2023-06-23,2023,6,Friday,Monsoon,1180570,157.9,53.55,82.95,74.7,12.75,2.07,123.26,39.72,25.3,34.9,4.5,8.9,215951,1799,42.2,19,44,20,7,,,Satellite,Auto
2506,Ahmedabad,Gujarat,Industrial,2023-04-25,2023,4,Tuesday,Summer,5570585,207.8,108.62,142.25,63.72,66.71,11.56,101.95,15.54,36.1,75.2,15.6,0,1032511,3841,5.2,18,501,291,95,,,Satellite,Verified
2507,Pune,Maharashtra,Industrial,2022-08-31,2022,8,Wednesday,Monsoon,3124458,187.3,84.97,159.97,28.49,21.71,2.07,139.26,41.32,21.2,37.5,25.5,0,628939,3950,40.7,15,190,128,35,,,State PCB,Manual Entry
2508,Jodhpur,Rajasthan,Tourist,2022-11-19,2022,11,Saturday,Winter,1137815,141.1,64.65,94.85,30.72,29.16,4.55,104.82,1.53,15.0,75.9,9.0,0,219875,1714,32.9,16,53,29,15,,,CPCB,Unverified
2509,Amritsar,Punjab,Tourist,2022-05-08,2022,5,Sunday,Summer,1132761,236.7,97.3,178.16,100.55,18.03,13.53,29.96,26.31,23.6,85.6,13.5,2.4,301601,1559,31.1,5,74,34,11,,,CPCB,Auto
2510,Ghaziabad,Uttar Pradesh,Industrial,2022-01-22,2022,1,Saturday,Winter,1636068,303.9,105.92,256.32,140.7,60.57,12.11,72.91,46.07,26.7,31.7,7.5,0.1,351211,1597,21.9,20,205,131,58,,,Satellite,Verified
2511,Kanpur,Uttar Pradesh,Industrial,2023-07-10,2023,7,Monday,Monsoon,2920496,27.3,12.15,24.0,56.42,31.89,5.35,92.34,28.87,25.9,67.1,16.4,4.4,624804,2968,20.3,19,89,54,21,,,State PCB,Auto
2512,Mumbai,Maharashtra,Industrial,2022-05-29,2022,5,Sunday,Summer,12478447,178.5,84.42,146.87,120.77,26.59,2.86,127.68,8.49,33.0,50.5,10.6,0.5,2885010,13480,38.0,9,1022,646,278,,,CPCB,Manual Entry
2513,Jodhpur,Rajasthan,Tourist,2023-09-30,2023,9,Saturday,Monsoon,1137815,43.0,17.73,33.13,66.93,9.75,0.96,52.04,14.29,36.6,84.6,1.9,17.9,286313,1536,41.3,9,41,18,10,,,Satellite,Auto
2514,Delhi,Delhi,Urban,2023-06-03,2023,6,Saturday,Monsoon,16787941,89.1,44.64,47.12,46.6,58.9,9.98,69.11,40.45,34.3,55.1,8.8,0,4504244,15145,42.0,14,800,445,192,,,CPCB,Auto
2515,Delhi,Delhi,Urban,2023-01-29,2023,1,Sunday,Winter,16787941,226.2,68.81,129.0,115.44,93.76,7.59,129.05,29.88,32.1,100,13.0,0,3517342,30762,28.8,12,1485,951,303,,,Ground Sensor,Verified
2516,Faridabad,Haryana,Industrial,2022-10-05,2022,10,Wednesday,Post-Monsoon,1394000,,,114.59,49.98,65.2,13.01,71.34,38.36,18.8,55.2,7.6,7.0,355473,1791,28.9,24,64,38,17,,,CPCB,Auto
2517,Ahmedabad,Gujarat,Industrial,2023-10-26,2023,10,Thursday,Post-Monsoon,5570585,166.6,67.71,124.3,125.59,9.15,8.75,75.09,40.67,22.5,59.9,16.0,5.7,1648618,3233,44.0,9,359,228,59,,,Satellite,Unverified
2518,Amritsar,Punjab,Tourist,2022-04-02,2022,4,Saturday,Summer,1132761,111.1,66.03,76.41,27.22,61.95,11.71,100.91,21.7,29.5,83.3,7.6,0.9,253450,1863,9.9,19,52,22,13,,,State PCB,Auto
2519,Pune,Maharashtra,Industrial,2022-06-23,2022,6,Thursday,Monsoon,3124458,102.0,44.21,90.04,50.41,43.48,10.34,81.06,26.2,31.2,40.1,10.1,19.1,716640,1648,40.0,8,148,63,31,,,Ground Sensor,Unverified
2520,Amritsar,Punjab,Tourist,2022-11-07,2022,11,Monday,Winter,1132761,166.4,52.23,135.15,98.04,36.69,9.6,113.17,36.42,41.7,87.6,16.0,0,228226,701,9.1,9,63,42,16,,,Satellite,Unverified
2521,Amritsar,Punjab,Tourist,2023-07-06,2023,7,Thursday,Monsoon,1132761,76.4,32.45,44.91,24.82,37.29,5.07,68.25,36.95,26.4,29.9,10.2,0,350066,1105,16.4,17,29,19,7,,,Ground Sensor,Unverified
2522,Indore,Madhya Pradesh,Commercial,2022-09-28,2022,9,Wednesday,Monsoon,1994397,87.0,50.62,69.38,56.63,15.12,9.9,104.57,30.4,31.1,61.3,12.1,20.8,532843,3042,36.9,8,93,46,17,,,Ground Sensor,Unverified
2523,Coimbatore,Tamil Nadu,Industrial,2023-12-01,2023,12,Friday,Winter,1061447,111.1,56.73,56.47,118.41,33.3,14.93,139.25,27.49,23.2,66.9,10.6,0,235007,1427,10.1,19,85,58,17,,,Satellite,Manual Entry
2524,Jaipur,Rajasthan,Tourist,2023-05-29,2023,5,Monday,Summer,3046163,167.4,64.6,140.17,45.21,11.1,0.61,143.6,34.57,18.5,47.6,6.6,0.6,759282,1543,31.4,15,144,75,30,,,State PCB,Unverified
2525,Bhopal,Madhya Pradesh,Administrative,2023-07-05,2023,7,Wednesday,Monsoon,1795648,84.9,41.73,43.54,71.69,51.67,5.75,87.48,3.04,23.3,73.6,6.4,0,506131,1390,25.5,10,70,41,18,,,State PCB,Verified
2526,Jodhpur,Rajasthan,Tourist,2022-01-14,2022,1,Friday,Winter,1137815,95.9,31.89,77.02,76.19,20.68,0.81,116.62,5.01,21.9,86.1,10.0,0,255243,1243,32.6,9,42,19,8,,,State PCB,Unverified
2527,Srinagar,Jammu & Kashmir,Tourist,2023-10-22,2023,10,Sunday,Post-Monsoon,1180570,206.8,84.71,157.05,73.52,53.01,9.66,105.88,25.54,24.4,24.2,8.1,8.5,287629,1176,26.3,21,81,36,12,,,State PCB,Manual Entry
2528,Faridabad,Haryana,Industrial,2022-08-15,2022,8,Monday,Monsoon,1394000,103.1,51.41,87.26,15.26,20.41,2.28,112.02,10.43,18.4,59.5,13.1,0,421662,2507,27.1,12,36,17,6,,,Ground Sensor,Auto
2529,Surat,Gujarat,Industrial,2023-05-19,2023,5,Friday,Summer,4467797,,63.61,119.13,49.1,83.02,3.35,39.63,24.75,40.0,93.7,18.1,2.7,1285309,2553,15.8,23,251,113,44,,,State PCB,Verified
2530,Ahmedabad,Gujarat,Industrial,2022-07-15,2022,7,Friday,Monsoon,5570585,,16.66,32.26,8.89,25.59,3.73,100.09,21.04,32.5,59.0,15.3,0,1808594,5514,36.2,3,65,38,11,,,State PCB,Unverified
2531,Faridabad,Haryana,Industrial,2022-11-03,2022,11,Thursday,Winter,1394000,167.3,79.91,98.35,110.72,95.57,0.7,68.23,33.17,42.0,43.9,12.4,0,251350,2271,9.4,6,116,80,23,,,State PCB,Unverified
2532,Lucknow,Uttar Pradesh,Administrative,2022-04-26,2022,4,Tuesday,Summer,2815601,113.6,41.73,89.16,30.97,65.99,6.49,30.13,7.23,35.1,97.0,20.7,9.9,895218,2325,26.6,19,120,72,34,,,Satellite,Unverified
2533,Bhopal,Madhya Pradesh,Administrative,2022-08-28,2022,8,Sunday,Monsoon,1795648,87.1,28.76,52.94,84.76,38.49,4.64,32.1,34.83,32.5,92.1,17.6,0,366548,1145,45.0,8,77,41,18,,,CPCB,Manual Entry
2534,Srinagar,Jammu & Kashmir,Tourist,2023-10-31,2023,10,Tuesday,Post-Monsoon,1180570,133.2,74.52,100.47,122.97,70.05,11.37,59.61,35.61,20.6,41.6,21.9,0,386873,1450,31.2,6,87,52,20,,,Satellite,Unverified
2535,Amritsar,Punjab,Tourist,2022-04-27,2022,4,Wednesday,Summer,1132761,179.2,107.5,95.22,46.38,83.34,0.57,140.24,15.78,16.7,96.3,10.5,0,282163,1695,30.2,22,82,36,19,,,State PCB,Auto
2536,Pune,Maharashtra,Industrial,2023-03-20,2023,3,Monday,Summer,3124458,127.8,67.74,71.32,94.44,51.96,3.81,79.23,19.29,19.9,36.2,32.8,5.6,729932,3206,40.2,16,235,126,60,,,CPCB,Unverified
2537,Indore,Madhya Pradesh,Commercial,2023-09-24,2023,9,Sunday,Monsoon,1994397,85.3,26.07,50.43,36.22,36.18,1.8,123.72,13.16,33.9,59.7,6.8,0,373743,2994,25.4,20,45,25,12,,,CPCB,Unverified
2538,Srinagar,Jammu & Kashmir,Tourist,2022-03-04,2022,3,Friday,Summer,1180570,94.4,48.47,83.19,27.51,62.81,9.21,64.8,3.21,36.1,61.8,22.0,5.4,370175,1510,36.9,23,44,26,7,,,Satellite,Manual Entry
2539,Visakhapatnam,Andhra Pradesh,Coastal,2022-04-28,2022,4,Thursday,Summer,1728128,134.8,40.96,85.3,89.03,55.81,3.51,77.05,4.18,26.9,100,2.4,0,399524,2875,10.0,15,106,69,18,,,CPCB,Manual Entry
2540,Ghaziabad,Uttar Pradesh,Industrial,2022-09-07,2022,9,Wednesday,Monsoon,1636068,154.5,56.68,136.25,37.15,14.55,3.61,47.09,30.96,35.0,80.7,3.3,4.3,352721,941,25.1,25,69,46,20,,,Satellite,Auto
2541,Jaipur,Rajasthan,Tourist,2022-12-13,2022,12,Tuesday,Winter,3046163,173.9,62.03,104.71,66.47,91.8,9.57,115.45,40.9,27.3,92.3,17.3,0.9,950293,5043,35.1,24,244,115,68,,,Satellite,Unverified
2542,Ludhiana,Punjab,Industrial,2023-12-04,2023,12,Monday,Winter,1618879,62.7,19.15,40.69,63.31,35.39,12.93,43.74,26.79,31.3,64.0,3.1,2.8,526264,3065,12.3,19,59,39,16,,,Satellite,Auto
2543,Ranchi,Jharkhand,Industrial,2022-10-31,2022,10,Monday,Post-Monsoon,1073440,246.7,141.12,211.16,121.0,42.93,4.42,130.78,31.14,44.2,47.6,19.8,11.3,352016,2102,7.7,16,115,69,29,,,State PCB,Verified
2544,Mumbai,Maharashtra,Industrial,2022-12-11,2022,12,Sunday,Winter,12478447,211.1,108.91,153.15,38.76,17.74,2.83,133.24,25.69,27.1,43.9,21.3,10.6,4286061,14363,19.8,10,913,466,259,,,Ground Sensor,Unverified
2544,Mumbai,Maharashtra,Industrial,2022-12-11,2022,12,Sunday,Winter,12478447,211.1,108.91,153.15,38.76,17.74,2.83,133.24,25.69,27.1,43.9,21.3,10.6,4286061,14363,19.8,10,913,466,259,,,Ground Sensor,Unverified
2545,Surat,Gujarat,Industrial,2023-09-26,2023,9,Tuesday,Monsoon,4467797,40.4,23.68,22.54,49.12,44.36,9.45,69.8,8.28,28.5,19.6,11.8,11.9,1102718,7644,32.5,13,183,123,37,,,Ground Sensor,Manual Entry
2546,Mumbai,Maharashtra,Industrial,2023-02-11,2023,2,Saturday,Winter,12478447,199.6,80.26,131.1,82.93,15.84,9.28,127.07,23.52,35.6,49.0,14.7,2.9,4137389,18266,21.9,8,949,444,182,,,Satellite,Verified
2547,Kanpur,Uttar Pradesh,Industrial,2023-03-02,2023,3,Thursday,Summer,2920496,685.7,41.82,83.57,131.91,54.88,5.09,78.15,15.2,22.4,60.0,10.1,0,992751,1967,24.1,24,251,171,73,,,Satellite,Verified
2548,Pune,Maharashtra,Industrial,2022-12-03,2022,12,Saturday,Winter,3124458,315.6,168.54,170.42,117.56,91.77,14.17,139.68,30.94,21.6,81.3,6.5,0,771021,3958,24.8,3,361,177,96,,,Satellite,Auto
2548,Pune,Maharashtra,Industrial,2022-12-03,2022,12,Saturday,Winter,3124458,315.6,168.54,170.42,117.56,91.77,14.17,139.68,30.94,21.6,81.3,6.5,0,771021,3958,24.8,3,361,177,96,,,Satellite,Auto
2549,Patna,Bihar,Administrative,2023-04-14,2023,4,Friday,Summer,1684222,152.5,63.04,117.75,112.74,82.35,14.96,84.72,25.25,38.9,78.3,21.0,2.3,430939,1032,32.7,18,118,71,24,,,Ground Sensor,Manual Entry
2550,Mumbai,Maharashtra,Industrial,2022-06-10,2022,6,Friday,Monsoon,12478447,135.1,46.91,73.47,66.35,45.43,1.76,45.45,43.19,22.7,52.4,20.7,0,2615857,19138,26.5,8,653,278,140,,,Satellite,Verified
2551,Mumbai,Maharashtra,Industrial,2023-08-16,2023,8,Wednesday,Monsoon,12478447,911.6,12.03,14.45,74.05,57.96,3.03,87.52,38.29,17.8,56.8,12.1,0,2990106,20543,14.9,24,619,249,110,,,CPCB,Unverified
2552,Vadodara,Gujarat,Industrial,2023-11-25,2023,11,Saturday,Winter,1670806,87.6,36.42,57.73,76.0,26.19,20.88,91.18,30.64,19.0,73.0,22.6,4.0,304566,2195,20.4,20,89,47,18,,,CPCB,Manual Entry
2553,Delhi,Delhi,Urban,2022-10-31,2022,10,Monday,Post-Monsoon,16787941,159.7,66.54,105.16,95.94,94.75,2.3,123.95,20.47,24.4,48.5,18.5,4.2,3273403,28764,25.6,3,1486,1010,287,,,CPCB,Manual Entry
2554,Ranchi,Jharkhand,Industrial,2023-10-31,2023,10,Tuesday,Post-Monsoon,1073440,301.1,133.53,182.08,126.76,58.44,12.94,83.02,26.97,42.0,58.8,14.1,0,332490,929,28.9,7,114,73,26,,,State PCB,Manual Entry
2555,Varanasi,Uttar Pradesh,Tourist,2022-10-16,2022,10,Sunday,Post-Monsoon,1198491,160.9,81.42,102.14,133.0,87.49,15.89,100.29,17.75,13.0,55.8,1.0,1.4,241158,1941,33.0,24,103,53,27,,,State PCB,Manual Entry
2556,Kanpur,Uttar Pradesh,Industrial,2023-10-18,2023,10,Wednesday,Post-Monsoon,2920496,178.6,75.11,105.61,40.28,38.28,3.01,139.16,21.15,33.4,35.8,0.7,4.2,1008981,2521,38.4,15,171,78,48,,,State PCB,Auto
2557,Coimbatore,Tamil Nadu,Industrial,2023-10-12,2023,10,Thursday,Post-Monsoon,1061447,146.6,76.04,126.07,116.72,35.63,1.19,111.72,14.25,30.0,88.4,20.0,2.4,322233,1175,14.6,17,,31,17,,,State PCB,Verified
2558,Jodhpur,Rajasthan,Tourist,2022-11-27,2022,11,Sunday,Winter,1137815,221.5,98.85,165.43,140.3,30.02,11.56,20.34,25.71,19.4,55.8,18.0,5.4,303677,625,32.5,10,128,65,25,,,CPCB,Auto
2559,Nagpur,Maharashtra,Commercial,2023-10-17,2023,10,Tuesday,Post-Monsoon,2405665,136.7,42.24,110.25,100.9,40.71,10.16,76.7,16.0,26.6,66.1,25.0,6.3,525395,2516,33.0,6,150,82,24,,,Satellite,Auto
2560,Pune,Maharashtra,Industrial,2022-09-09,2022,9,Friday,Monsoon,3124458,92.0,38.33,60.99,86.52,4.72,7.95,30.24,12.89,29.6,66.5,13.6,15.0,774375,2309,6.6,5,138,73,41,,,CPCB,Unverified
2561,Surat,Gujarat,Industrial,2022-01-30,2022,1,Sunday,Winter,4467797,215.9,127.55,111.72,36.45,82.5,7.67,88.54,1.43,40.8,87.6,21.6,0,1496226,6445,13.9,8,,220,92,,,CPCB,Manual Entry
2562,Faridabad,Haryana,Industrial,2022-09-10,2022,9,Saturday,Monsoon,1394000,72.1,35.33,50.35,36.06,29.15,2.49,124.34,34.39,27.3,79.4,18.1,0,471824,1531,34.6,9,37,17,11,,,State PCB,Auto
2563,Faridabad,Haryana,Industrial,2023-05-21,2023,5,Sunday,Summer,1394000,126.7,74.94,75.14,91.3,6.89,8.82,41.72,33.95,36.2,75.4,12.9,0.7,333479,1039,24.2,11,75,44,17,,,CPCB,Manual Entry
2564,Ahmedabad,Gujarat,Industrial,2023-07-11,2023,7,Tuesday,Monsoon,5570585,60.3,18.89,48.84,64.1,29.36,9.09,104.32,13.94,18.5,58.4,15.0,5.3,1723093,6341,23.7,25,150,84,39,,,State PCB,Manual Entry
2565,Ludhiana,Punjab,Industrial,2023-01-20,2023,1,Friday,Winter,1618879,57.4,24.53,28.92,18.44,86.52,5.82,82.28,29.91,32.1,63.6,28.8,1.0,494118,2886,30.3,24,65,37,18,,,CPCB,Manual Entry
2566,Pune,Maharashtra,Industrial,2023-02-25,2023,2,Saturday,Winter,3124458,112.4,41.51,76.14,154.92,15.35,20.97,70.34,25.64,27.3,96.7,17.9,0,915756,6169,17.4,14,171,100,46,,,State PCB,Manual Entry
2567,Visakhapatnam,Andhra Pradesh,Coastal,2022-07-10,2022,7,Sunday,Monsoon,1728128,148.6,57.36,74.68,44.47,22.11,2.26,104.61,29.08,24.4,85.8,17.5,0,425298,2213,7.6,11,84,51,22,,,Ground Sensor,Manual Entry
2568,Amritsar,Punjab,Tourist,2023-05-26,2023,5,Friday,Summer,1132761,247.2,78.79,133.84,71.38,51.01,7.77,60.59,47.09,26.1,51.2,9.1,4.6,373301,1265,42.0,8,63,30,11,,,Satellite,Auto
2569,Vadodara,Gujarat,Industrial,2023-03-01,2023,3,Wednesday,Summer,1670806,120.1,53.35,78.48,58.32,79.88,7.35,121.26,11.73,33.0,65.5,14.1,0,379502,2243,28.1,19,77,51,17,,,Satellite,Manual Entry
2570,Rajkot,Gujarat,Industrial,2023-12-29,2023,12,Friday,Winter,1286995,88.5,29.25,68.3,24.21,69.41,11.11,109.77,24.56,24.1,65.4,17.8,0,348310,1862,6.1,21,44,29,9,,,State PCB,Unverified
2571,Ahmedabad,Gujarat,Industrial,2023-12-08,2023,12,Friday,Winter,5570585,169.8,73.64,152.37,37.46,58.53,20.19,36.76,10.32,27.0,79.6,8.3,0,1678159,3603,34.8,17,295,148,61,,,Satellite,Verified
2572,Kolkata,West Bengal,Urban,2022-10-02,2022,10,Sunday,Post-Monsoon,4496694,231.4,115.91,207.51,70.29,81.09,7.28,35.12,16.48,,55.6,6.9,0,1306818,8336,8.7,21,397,205,106,,,State PCB,Unverified
2573,Varanasi,Uttar Pradesh,Tourist,2022-10-15,2022,10,Saturday,Post-Monsoon,1198491,178.5,90.17,91.84,29.24,63.7,14.89,106.86,44.46,9.2,64.7,20.7,5.0,331163,1106,39.1,19,77,39,15,,,Satellite,Unverified
2574,Ranchi,Jharkhand,Industrial,2022-01-02,2022,1,Sunday,Winter,1073440,124.2,48.44,99.96,110.79,103.98,4.34,84.4,46.38,23.9,41.3,8.0,7.1,267915,1439,13.5,21,66,45,19,,,Satellite,Verified
2575,Ranchi,Jharkhand,Industrial,2022-07-24,2022,7,Sunday,Monsoon,1073440,96.3,34.76,79.04,87.0,40.81,9.5,87.66,30.43,22.6,55.0,16.7,0.2,369319,575,29.4,6,49,31,9,,,State PCB,Verified
2576,Surat,Gujarat,Industrial,2023-05-03,2023,5,Wednesday,Summer,4467797,133.9,79.89,94.07,109.87,26.72,4.95,89.0,37.82,20.1,51.7,12.3,0.4,1534581,3227,28.0,15,390,208,60,,,Satellite,Auto
2577,Ludhiana,Punjab,Industrial,2023-01-17,2023,1,Tuesday,Winter,1618879,319.5,156.08,260.17,148.22,44.04,3.82,57.76,23.59,48.2,71.8,1.1,7.1,544006,1838,40.3,23,236,112,67,,,Ground Sensor,Verified
2578,Srinagar,Jammu & Kashmir,Tourist,2022-07-14,2022,7,Thursday,Monsoon,1180570,78.1,33.74,40.54,11.38,50.17,6.53,138.94,47.57,19.0,82.5,5.1,24.5,283408,2199,18.7,25,39,26,6,,,Satellite,Unverified
2579,Indore,Madhya Pradesh,Commercial,2022-04-06,2022,4,Wednesday,Summer,1994397,210.9,112.03,176.55,94.33,84.25,6.14,141.3,32.48,26.6,37.5,5.8,0.1,637198,1239,25.2,5,193,123,55,,,CPCB,Auto
2580,Bangalore,Karnataka,IT Hub,2022-08-30,2022,8,Tuesday,Monsoon,8443675,51.8,24.89,35.57,29.55,32.07,5.41,94.76,24.36,23.5,76.8,13.8,0,1672231,16290,36.4,21,258,123,57,,,CPCB,Auto
2581,Meerut,Uttar Pradesh,Industrial,2022-12-03,2022,12,Saturday,Winter,1309023,255.6,138.27,131.71,22.48,101.63,19.41,135.54,46.74,22.1,100,11.6,4.0,424050,1811,16.7,9,89,56,19,,,State PCB,Auto
2582,Meerut,Uttar Pradesh,Industrial,2023-03-10,2023,3,Friday,Summer,1309023,120.0,40.98,71.4,98.57,79.53,8.07,149.94,48.61,26.8,62.4,7.8,4.0,392559,2434,28.5,10,71,41,14,,,CPCB,Verified
2583,Ahmedabad,Gujarat,Industrial,2022-10-24,2022,10,Monday,Post-Monsoon,5570585,175.3,90.19,145.07,69.7,8.8,12.86,85.07,49.98,30.9,69.6,11.9,0,1559617,8530,12.7,14,350,160,83,,,State PCB,Auto
2584,Ahmedabad,Gujarat,Industrial,2023-05-25,2023,5,Thursday,Summer,5570585,130.2,74.54,103.31,65.04,81.28,14.29,88.83,7.93,22.6,84.3,17.2,4.4,1508195,8833,12.9,7,331,144,74,,,State PCB,Unverified
2585,Agra,Uttar Pradesh,Tourist,2022-07-07,2022,7,Thursday,Monsoon,1585704,790.2,29.58,40.12,24.28,33.55,0.91,139.96,15.0,13.3,53.0,22.5,0,372487,1249,44.5,22,38,16,6,,,State PCB,Manual Entry
2586,Coimbatore,Tamil Nadu,Industrial,2023-09-21,2023,9,Thursday,Monsoon,1061447,127.3,74.42,77.76,16.17,42.57,9.78,81.36,28.0,19.7,58.1,12.1,0,315291,1987,35.0,12,36,23,10,,,Satellite,Unverified
2587,Bhopal,Madhya Pradesh,Administrative,2023-01-14,2023,1,Saturday,Winter,1795648,188.6,68.34,162.43,144.74,79.26,18.44,46.15,8.21,33.5,50.1,19.2,0,373104,1326,31.0,23,195,96,31,,,Ground Sensor,Unverified
2588,Srinagar,Jammu & Kashmir,Tourist,2022-02-17,2022,2,Thursday,Winter,1180570,210.0,66.79,113.1,36.14,43.32,17.07,68.59,43.32,27.9,53.5,1.4,0,314457,1610,23.9,16,50,34,12,,,CPCB,Verified
2589,Pune,Maharashtra,Industrial,2023-05-21,2023,5,Sunday,Summer,3124458,133.3,73.33,96.35,26.76,74.52,14.99,69.43,7.19,38.4,58.2,12.4,0.0,880964,2704,36.1,22,175,71,43,,,CPCB,Manual Entry
2590,Delhi,Delhi,Urban,2023-12-07,2023,12,Thursday,Winter,16787941,83.5,33.28,45.21,104.15,70.53,9.01,27.89,46.78,15.7,76.9,20.8,10.4,5564725,10293,29.0,18,1111,457,331,,,Satellite,Unverified
2591,Indore,Madhya Pradesh,Commercial,2022-06-02,2022,6,Thursday,Monsoon,1994397,80.1,35.63,63.95,8.0,38.35,6.08,81.55,22.63,26.8,55.6,10.0,1.8,609051,1866,13.6,10,61,38,13,,,State PCB,Unverified
2592,Nagpur,Maharashtra,Commercial,2023-04-18,2023,4,Tuesday,Summer,2405665,115.6,68.2,59.67,66.07,75.5,14.11,91.78,21.34,31.0,26.6,8.4,0,811899,3838,26.7,17,156,66,39,,,State PCB,Verified
2593,Varanasi,Uttar Pradesh,Tourist,2023-03-26,2023,3,Sunday,Summer,1198491,68.6,37.64,57.01,60.23,59.14,6.6,131.77,13.36,43.3,59.4,8.0,7.5,342050,2274,5.9,23,47,24,9,,,State PCB,Unverified
2594,Patna,Bihar,Administrative,2022-03-28,2022,3,Monday,Summer,1684222,629.7,70.25,91.49,20.97,76.49,3.45,85.41,33.69,,47.6,15.0,7.4,499905,1288,11.1,20,80,46,19,,,CPCB,Unverified
2595,Hyderabad,Telangana,IT Hub,2023-03-18,2023,3,Saturday,Summer,6809970,100.7,32.79,81.94,66.99,53.48,10.84,43.99,23.94,40.8,64.8,16.1,0,1483421,6728,6.9,5,272,177,46,,,CPCB,Unverified
2596,Srinagar,Jammu & Kashmir,Tourist,2022-09-08,2022,9,Thursday,Monsoon,1180570,107.5,61.81,74.36,50.81,56.53,10.52,105.46,46.78,,65.1,16.0,11.1,252404,1962,10.1,6,69,44,13,,,CPCB,Auto
2597,Faridabad,Haryana,Industrial,2023-10-17,2023,10,Tuesday,Post-Monsoon,1394000,,,118.61,104.91,9.1,16.58,30.4,30.78,33.0,58.4,9.1,0,338952,954,42.7,13,119,49,33,,,Satellite,Verified
2598,Hyderabad,Telangana,IT Hub,2022-06-15,2022,6,Wednesday,Monsoon,6809970,96.1,49.75,61.27,76.73,10.14,2.19,85.48,39.09,30.6,57.1,-2.6,3.0,2154364,5398,22.6,21,253,138,59,,,State PCB,Auto
2599,Srinagar,Jammu & Kashmir,Tourist,2022-04-21,2022,4,Thursday,Summer,1180570,130.6,53.68,81.15,41.95,63.6,8.55,149.94,39.6,26.8,51.5,17.6,4.6,258135,2306,7.6,8,59,27,17,,,State PCB,Auto
2600,Amritsar,Punjab,Tourist,2022-07-09,2022,7,Saturday,Monsoon,1132761,107.5,41.97,91.05,58.16,38.49,0.98,43.82,12.25,32.6,90.4,10.8,0,206498,1880,27.0,14,57,37,16,,,State PCB,Auto
2601,Srinagar,Jammu & Kashmir,Tourist,2022-10-04,2022,10,Tuesday,Post-Monsoon,1180570,923.9,152.46,201.58,81.62,35.75,10.22,33.05,19.18,,52.0,12.8,5.3,303079,1426,41.4,5,141,74,23,,,Ground Sensor,Verified
2602,Delhi,Delhi,Urban,2022-10-19,2022,10,Wednesday,Post-Monsoon,16787941,147.8,52.0,118.94,44.99,48.55,16.63,115.4,12.47,24.6,67.1,6.7,1.0,5389358,20151,31.1,20,598,368,173,,,CPCB,Auto
2603,Agra,Uttar Pradesh,Tourist,2022-01-01,2022,1,Saturday,Winter,1585704,268.4,100.27,210.84,64.4,13.38,9.61,145.43,5.87,31.7,54.8,-1.1,1.2,396143,2225,28.9,14,98,44,26,,,CPCB,Unverified
2604,Vadodara,Gujarat,Industrial,2022-08-27,2022,8,Saturday,Monsoon,1670806,65.4,23.33,56.65,79.56,40.02,10.7,61.45,17.52,33.6,89.8,14.1,0,431729,3325,29.2,23,70,31,16,,,Ground Sensor,Verified
2605,Delhi,Delhi,Urban,2022-03-24,2022,3,Thursday,Summer,16787941,151.4,82.75,135.47,105.87,57.11,8.55,28.77,47.22,31.8,33.2,13.5,0,4851379,22976,41.9,17,1390,656,328,,,State PCB,Manual Entry
2606,Vadodara,Gujarat,Industrial,2022-11-02,2022,11,Wednesday,Winter,1670806,211.2,66.43,172.43,107.34,7.56,9.12,44.31,17.23,16.2,42.4,7.0,3.1,412891,1673,6.1,8,126,50,28,,,Satellite,Unverified
2607,Ranchi,Jharkhand,Industrial,2023-06-02,2023,6,Friday,Monsoon,1073440,29.4,12.81,20.08,53.59,5.19,7.54,54.2,6.64,26.3,100,16.1,11.7,317148,2063,24.9,23,25,17,4,,,State PCB,Verified
2607,Ranchi,Jharkhand,Industrial,2023-06-02,2023,6,Friday,Monsoon,1073440,29.4,12.81,20.08,53.59,5.19,7.54,54.2,6.64,26.3,100,16.1,11.7,317148,2063,24.9,23,25,17,4,,,State PCB,Verified
2608,Ludhiana,Punjab,Industrial,2022-10-28,2022,10,Friday,Post-Monsoon,1618879,124.2,41.74,79.21,61.94,10.66,14.88,32.88,48.34,13.2,58.7,10.5,0,352385,2049,10.7,7,61,27,9,,,CPCB,Manual Entry
2609,Faridabad,Haryana,Industrial,2022-05-27,2022,5,Friday,Summer,1394000,150.6,63.47,126.89,16.81,59.9,11.39,75.32,24.12,18.4,87.4,9.4,5.1,423918,1754,19.7,3,73,46,15,,,Ground Sensor,Unverified
2610,Patna,Bihar,Administrative,2022-12-17,2022,12,Saturday,Winter,1684222,267.7,144.77,202.73,103.75,68.89,3.7,135.54,11.32,24.4,53.6,9.9,10.1,484346,1040,18.2,17,,83,54,,,CPCB,Unverified
2611,Rajkot,Gujarat,Industrial,2023-02-24,2023,2,Friday,Winter,1286995,779.8,81.57,103.82,165.68,44.85,20.54,31.15,39.35,,35.7,15.7,0,445559,1456,19.2,25,132,70,22,,,Satellite,Unverified
2612,Agra,Uttar Pradesh,Tourist,2022-04-30,2022,4,Saturday,Summer,1585704,165.5,76.24,138.08,118.96,27.45,1.48,91.1,10.66,19.4,74.5,10.0,1.4,524387,2034,43.4,4,130,85,31,,,Ground Sensor,Verified
2613,Bhopal,Madhya Pradesh,Administrative,2022-11-18,2022,11,Friday,Winter,1795648,208.4,114.38,135.72,119.03,39.91,12.51,129.55,41.58,18.1,58.8,12.3,0,341836,2157,18.2,12,187,105,47,,,CPCB,Verified
2614,Kolkata,West Bengal,Urban,2022-05-16,2022,5,Monday,Summer,4496694,250.9,119.31,178.14,66.54,16.75,4.73,139.63,20.97,24.7,93.3,9.0,2.4,1187372,6589,33.5,20,316,135,52,,,State PCB,Manual Entry
2615,Kanpur,Uttar Pradesh,Industrial,2022-07-22,2022,7,Friday,Monsoon,2920496,172.0,55.68,94.46,33.41,31.45,6.3,38.11,20.14,38.7,90.0,12.6,6.4,788883,3252,21.7,20,137,91,27,,,Satellite,Unverified
2616,Meerut,Uttar Pradesh,Industrial,2023-08-17,2023,8,Thursday,Monsoon,1309023,110.3,60.39,66.92,85.16,14.64,3.63,73.95,48.83,29.4,64.4,14.0,15.8,397798,1529,24.0,24,77,37,15,,,State PCB,Verified
2617,Rajkot,Gujarat,Industrial,2023-09-29,2023,9,Friday,Monsoon,1286995,145.5,47.28,106.67,38.73,55.36,9.1,133.25,44.43,35.0,91.3,15.5,18.9,337933,984,35.8,23,,34,18,,,Satellite,Verified
2618,Ghaziabad,Uttar Pradesh,Industrial,2023-10-20,2023,10,Friday,Post-Monsoon,1636068,145.8,61.81,116.75,89.92,79.72,5.61,38.3,28.47,23.0,39.5,15.1,0.3,560803,1632,43.1,14,94,63,26,,,Ground Sensor,Manual Entry
2619,Bhopal,Madhya Pradesh,Administrative,2022-06-11,2022,6,Saturday,Monsoon,1795648,123.0,73.46,95.27,11.0,7.63,8.33,136.96,5.55,18.8,60.0,6.0,18.2,620259,3141,12.5,15,57,25,16,,,State PCB,Manual Entry
2620,Bhopal,Madhya Pradesh,Administrative,2022-02-11,2022,2,Friday,Winter,1795648,236.4,112.41,180.43,71.21,40.83,20.39,112.3,49.57,24.1,50.3,12.6,5.1,622189,1135,27.4,11,144,80,29,,,Ground Sensor,Auto
2621,Nagpur,Maharashtra,Commercial,2023-12-12,2023,12,Tuesday,Winter,2405665,207.5,92.24,130.3,33.58,72.52,12.2,48.86,5.96,5.8,66.9,10.5,0.2,638358,2287,17.4,8,126,79,33,,,Satellite,Verified
2622,Chennai,Tamil Nadu,Coastal,2023-06-26,2023,6,Monday,Monsoon,7088000,,9.91,12.64,11.27,4.76,1.54,74.93,11.52,25.9,66.3,5.3,1.3,2108515,6152,7.8,14,72,48,15,,,State PCB,Unverified
2623,Nagpur,Maharashtra,Commercial,2022-03-08,2022,3,Tuesday,Summer,2405665,142.0,59.61,88.4,52.58,37.65,10.31,146.51,49.52,17.9,37.8,4.0,2.6,768591,1423,6.0,21,146,61,29,,,Satellite,Auto
2624,Vadodara,Gujarat,Industrial,2022-04-28,2022,4,Thursday,Summer,1670806,134.7,59.47,93.5,20.16,71.06,6.3,45.16,44.04,32.4,14.3,12.4,0,467257,2324,10.0,5,92,59,20,,,Ground Sensor,Manual Entry
2625,Jodhpur,Rajasthan,Tourist,2023-10-31,2023,10,Tuesday,Post-Monsoon,1137815,114.5,61.7,59.8,77.44,26.11,3.1,41.39,45.2,24.2,49.9,20.5,0,279169,2202,43.6,21,67,31,13,,,State PCB,Manual Entry
2626,Ghaziabad,Uttar Pradesh,Industrial,2023-05-08,2023,5,Monday,Summer,1636068,158.5,90.48,97.42,68.94,46.88,4.5,51.85,15.93,31.9,62.5,20.5,9.0,485382,1350,9.0,23,94,56,18,,,Satellite,Unverified
2627,Lucknow,Uttar Pradesh,Administrative,2023-11-30,2023,11,Thursday,Winter,2815601,225.8,86.17,194.82,140.26,29.99,13.35,124.67,40.29,23.6,29.5,9.5,0.8,862814,4405,31.4,11,294,143,84,,,State PCB,Auto
2628,Ahmedabad,Gujarat,Industrial,2022-12-31,2022,12,Saturday,Winter,5570585,215.3,74.98,151.8,92.28,22.64,16.14,48.65,25.01,19.4,58.1,19.5,4.1,1576717,7890,8.3,14,347,184,71,,,Satellite,Manual Entry
2629,Jaipur,Rajasthan,Tourist,2022-11-10,2022,11,Thursday,Winter,3046163,51.8,17.73,46.55,153.19,55.64,5.22,39.09,28.55,31.0,72.4,16.5,0.5,658713,3740,30.3,10,190,132,41,,,Satellite,Verified
2630,Ahmedabad,Gujarat,Industrial,2023-09-01,2023,9,Friday,Monsoon,5570585,127.1,42.21,109.73,39.62,15.88,1.95,139.26,13.36,44.2,88.5,8.5,0,1336043,6488,8.7,22,173,74,48,,,State PCB,Unverified
2631,Faridabad,Haryana,Industrial,2022-08-20,2022,8,Saturday,Monsoon,1394000,,,44.64,71.23,40.5,4.42,22.22,11.08,28.5,43.0,12.1,0,423997,2220,37.9,7,46,30,9,,,State PCB,Unverified
2632,Delhi,Delhi,Urban,2022-03-27,2022,3,Sunday,Summer,16787941,208.9,123.09,149.6,32.17,15.9,7.41,146.08,48.12,26.7,44.0,15.6,12.9,5007372,24576,30.0,16,1052,421,233,,,Ground Sensor,Unverified
2633,Srinagar,Jammu & Kashmir,Tourist,2023-09-02,2023,9,Saturday,Monsoon,1180570,81.2,42.63,57.18,44.87,57.42,6.47,32.82,9.28,21.5,52.4,12.5,0,407211,818,26.0,9,62,30,15,,,State PCB,Unverified
2634,Srinagar,Jammu & Kashmir,Tourist,2023-03-30,2023,3,Thursday,Summer,1180570,121.4,62.61,90.16,113.63,66.91,3.6,109.34,7.15,31.1,57.3,9.7,1.4,215127,1292,29.0,15,82,37,14,,,CPCB,Verified
2635,Varanasi,Uttar Pradesh,Tourist,2023-07-26,2023,7,Wednesday,Monsoon,1198491,194.8,80.47,121.46,63.81,9.99,1.18,32.11,37.69,24.6,90.0,9.8,0,299842,1198,20.0,22,79,36,16,,,State PCB,Auto
2636,Coimbatore,Tamil Nadu,Industrial,2022-01-20,2022,1,Thursday,Winter,1061447,194.6,74.83,97.54,42.85,50.7,15.78,127.53,25.69,28.4,71.0,8.1,3.4,292688,851,40.2,3,72,42,13,,,State PCB,Unverified
2637,Kolkata,West Bengal,Urban,2022-06-14,2022,6,Tuesday,Monsoon,4496694,86.9,42.32,43.74,79.55,45.15,2.13,134.04,41.11,28.6,80.8,2.7,15.7,825352,8787,27.3,23,280,124,83,,,State PCB,Verified
2638,Bangalore,Karnataka,IT Hub,2023-10-18,2023,10,Wednesday,Post-Monsoon,8443675,180.8,73.85,97.58,132.75,93.53,15.41,97.94,40.58,30.0,52.6,18.5,10.3,2438641,13083,38.3,15,811,488,237,,,Ground Sensor,Unverified
2639,Kolkata,West Bengal,Urban,2022-02-03,2022,2,Thursday,Winter,4496694,211.7,66.72,186.73,65.45,15.06,15.46,122.7,35.73,27.2,70.6,13.2,4.5,1427382,3357,32.8,23,186,123,41,,,CPCB,Auto
2640,Nagpur,Maharashtra,Commercial,2022-06-06,2022,6,Monday,Monsoon,2405665,,,83.97,87.15,5.97,7.58,137.95,41.08,42.0,81.1,8.5,35.3,751829,4615,13.6,16,175,109,49,,,CPCB,Auto
2641,Chennai,Tamil Nadu,Coastal,2023-03-23,2023,3,Thursday,Summer,7088000,213.4,109.78,147.2,101.21,73.57,6.67,115.67,46.4,29.5,71.3,16.7,0,1855485,9341,22.8,4,671,349,161,,,State PCB,Verified
2642,Mumbai,Maharashtra,Industrial,2022-05-28,2022,5,Saturday,Summer,12478447,40.7,19.0,22.42,130.7,22.72,16.21,108.08,42.86,21.7,97.6,2.4,0,2826448,22402,35.5,7,722,338,139,,,CPCB,Verified
2643,Kolkata,West Bengal,Urban,2022-09-22,2022,9,Thursday,Monsoon,4496694,,,82.26,19.14,54.04,4.33,126.92,39.42,28.3,38.1,22.2,7.0,891987,6550,17.1,6,153,66,28,,,Satellite,Unverified
2644,Agra,Uttar Pradesh,Tourist,2023-07-04,2023,7,Tuesday,Monsoon,1585704,145.0,81.92,112.98,54.29,17.75,1.47,98.61,13.8,11.9,38.0,15.0,5.8,509307,2374,18.8,23,97,52,25,,,Ground Sensor,Auto
2645,Varanasi,Uttar Pradesh,Tourist,2023-12-19,2023,12,Tuesday,Winter,1198491,138.3,59.21,77.31,89.71,91.15,14.59,139.74,49.26,22.4,87.2,5.9,2.1,375627,1612,30.5,4,103,52,25,,,State PCB,Auto
2645,Varanasi,Uttar Pradesh,Tourist,2023-12-19,2023,12,Tuesday,Winter,1198491,138.3,59.21,77.31,89.71,91.15,14.59,139.74,49.26,22.4,87.2,5.9,2.1,375627,1612,30.5,4,103,52,25,,,State PCB,Auto
2646,Amritsar,Punjab,Tourist,2023-11-22,2023,11,Wednesday,Winter,1132761,211.1,96.42,125.38,33.88,34.72,18.51,26.01,15.1,27.9,45.6,14.5,0,330103,1647,10.4,18,81,52,22,,,State PCB,Verified
2647,Faridabad,Haryana,Industrial,2022-02-18,2022,2,Friday,Winter,1394000,260.2,93.08,158.05,44.92,103.64,10.56,93.39,1.87,38.5,68.7,12.5,7.5,459833,1074,29.5,14,104,51,28,,,Ground Sensor,Unverified
2648,Bhopal,Madhya Pradesh,Administrative,2022-05-06,2022,5,Friday,Summer,1795648,81.6,38.13,42.47,35.18,54.65,6.39,55.84,27.62,20.0,69.1,11.4,0,618571,1275,39.8,25,72,43,11,,,CPCB,Auto
2649,Kanpur,Uttar Pradesh,Industrial,2022-03-29,2022,3,Tuesday,Summer,2920496,184.3,103.39,110.58,68.65,21.75,1.14,41.36,32.86,34.0,62.3,9.1,4.1,743400,4971,5.2,19,206,131,54,,,Satellite,Verified
2650,Patna,Bihar,Administrative,2023-10-15,2023,10,Sunday,Post-Monsoon,1684222,222.2,106.46,182.69,94.57,41.86,12.23,86.94,33.09,34.5,98.5,19.1,0,574364,3291,11.2,9,150,79,44,,,Ground Sensor,Verified
2651,Bangalore,Karnataka,IT Hub,2023-10-16,2023,10,Monday,Post-Monsoon,8443675,186.4,57.71,111.58,43.33,41.6,14.99,25.64,5.44,17.3,74.5,4.6,0,2390078,7623,18.4,10,372,196,58,,,Satellite,Unverified
2652,Jaipur,Rajasthan,Tourist,2022-10-02,2022,10,Sunday,Post-Monsoon,3046163,184.4,89.27,137.05,98.2,40.99,6.93,25.67,39.73,16.5,71.6,16.6,0,637822,5838,40.2,6,216,107,61,,,Satellite,Manual Entry
2653,Meerut,Uttar Pradesh,Industrial,2022-02-14,2022,2,Monday,Winter,1309023,10,3.11,6.54,49.75,31.46,0.97,103.87,35.77,25.4,20.0,23.2,5.4,263070,2478,17.9,8,36,17,6,,,Satellite,Unverified
2654,Pune,Maharashtra,Industrial,2022-07-02,2022,7,Saturday,Monsoon,3124458,69.2,36.12,45.27,30.38,49.56,8.9,32.39,15.8,36.2,56.6,16.4,12.6,646375,3925,9.4,16,112,55,32,,,CPCB,Auto
2655,Rajkot,Gujarat,Industrial,2023-08-25,2023,8,Friday,Monsoon,1286995,97.2,48.24,83.04,88.2,5.39,0.55,115.39,27.59,31.6,70.9,11.6,0.0,238364,1987,41.5,21,64,28,11,,,Ground Sensor,Verified
2656,Lucknow,Uttar Pradesh,Administrative,2023-05-03,2023,5,Wednesday,Summer,2815601,151.0,47.64,100.26,53.28,37.89,5.8,147.36,40.48,29.9,31.0,13.2,2.8,779256,3311,17.1,23,122,77,31,,,Satellite,Auto
2657,Varanasi,Uttar Pradesh,Tourist,2022-01-30,2022,1,Sunday,Winter,1198491,243.2,78.02,151.8,77.41,41.89,20.95,65.09,7.89,31.6,45.5,16.5,1.7,363414,652,39.6,8,74,32,20,,,Satellite,Auto
2658,Lucknow,Uttar Pradesh,Administrative,2023-01-29,2023,1,Sunday,Winter,2815601,142.6,67.85,101.04,150.46,29.1,20.2,29.58,14.43,28.3,55.8,10.5,7.4,617836,2829,30.5,7,236,97,36,,,Ground Sensor,Unverified
2658,Lucknow,Uttar Pradesh,Administrative,2023-01-29,2023,1,Sunday,Winter,2815601,142.6,67.85,101.04,150.46,29.1,20.2,29.58,14.43,28.3,55.8,10.5,7.4,617836,2829,30.5,7,236,97,36,,,Ground Sensor,Unverified
2659,Lucknow,Uttar Pradesh,Administrative,2023-08-23,2023,8,Wednesday,Monsoon,2815601,96.3,36.26,49.2,49.75,44.23,2.12,63.89,44.83,41.9,96.2,8.1,0,670772,1973,17.4,8,136,63,39,,,CPCB,Verified
2660,Kanpur,Uttar Pradesh,Industrial,2022-11-15,2022,11,Tuesday,Winter,2920496,20.6,10.44,15.47,148.16,7.9,18.39,115.19,34.66,29.8,63.4,3.2,12.6,564494,5236,17.6,10,185,74,46,,,Satellite,Unverified
2661,Ludhiana,Punjab,Industrial,2023-12-27,2023,12,Wednesday,Winter,1618879,95.1,33.31,67.14,67.42,74.66,19.56,128.41,33.56,18.9,50.3,7.5,0,365800,995,43.5,19,79,45,12,,,Satellite,Unverified
2662,Indore,Madhya Pradesh,Commercial,2022-08-11,2022,8,Thursday,Monsoon,1994397,102.1,35.73,85.04,15.86,35.33,5.66,134.68,21.49,28.0,76.9,3.5,0,552501,3431,25.4,3,,18,7,,,Ground Sensor,Verified
2663,Srinagar,Jammu & Kashmir,Tourist,2023-04-21,2023,4,Friday,Summer,1180570,133.6,49.79,76.0,73.75,72.75,7.95,67.68,32.64,26.4,38.3,16.2,4.8,379163,1689,30.7,24,54,28,15,,,Satellite,Manual Entry
2664,Ahmedabad,Gujarat,Industrial,2022-10-14,2022,10,Friday,Post-Monsoon,5570585,305.4,96.22,171.04,102.12,50.38,7.77,79.1,40.24,25.2,46.3,13.5,0,1316208,10118,22.1,5,502,306,122,,,CPCB,Manual Entry
2665,Ludhiana,Punjab,Industrial,2022-06-26,2022,6,Sunday,Monsoon,1618879,63.3,31.39,34.6,38.03,13.89,10.48,26.7,2.22,22.6,100,9.2,0,451512,1811,9.1,16,53,31,11,,,CPCB,Manual Entry
2666,Indore,Madhya Pradesh,Commercial,2022-02-07,2022,2,Monday,Winter,1994397,181.2,55.45,132.14,23.22,95.55,10.35,77.6,45.79,,43.8,14.0,0,661181,2817,6.7,11,124,61,21,,,State PCB,Auto
2667,Faridabad,Haryana,Industrial,2022-11-18,2022,11,Friday,Winter,1394000,61.1,19.65,39.97,90.46,78.23,18.22,143.02,46.93,24.7,48.1,1.4,2.0,291281,2446,18.8,25,84,34,24,,,State PCB,Verified
2668,Rajkot,Gujarat,Industrial,2023-01-04,2023,1,Wednesday,Winter,1286995,340.3,105.18,251.6,106.97,25.34,18.19,88.52,49.2,36.3,69.6,5.3,2.7,381331,830,23.2,25,,45,20,,,CPCB,Unverified
2669,Delhi,Delhi,Urban,2023-12-04,2023,12,Monday,Winter,16787941,172.2,64.78,109.64,117.53,31.1,10.36,66.8,45.69,21.1,77.0,10.5,3.9,5093133,30095,11.9,9,1214,526,258,,,CPCB,Verified
2670,Pune,Maharashtra,Industrial,2023-03-31,2023,3,Friday,Summer,3124458,147.2,78.62,113.8,112.5,44.97,12.56,24.66,4.42,33.3,82.9,14.9,1.6,950535,3696,22.1,8,287,161,52,,,Satellite,Manual Entry
2671,Nagpur,Maharashtra,Commercial,2022-09-28,2022,9,Wednesday,Monsoon,2405665,96.5,55.06,80.48,86.91,28.96,10.08,28.65,44.63,50.6,35.0,22.0,0,682111,2802,42.4,11,158,71,31,,,CPCB,Unverified
2672,Kanpur,Uttar Pradesh,Industrial,2022-12-25,2022,12,Sunday,Winter,2920496,205.7,86.72,119.52,107.78,59.04,5.78,78.69,1.48,30.7,44.1,3.7,0,932281,3287,11.9,8,283,137,66,,,Satellite,Unverified
2672,Kanpur,Uttar Pradesh,Industrial,2022-12-25,2022,12,Sunday,Winter,2920496,205.7,86.72,119.52,107.78,59.04,5.78,78.69,1.48,30.7,44.1,3.7,0,932281,3287,11.9,8,283,137,66,,,Satellite,Unverified
2673,Kolkata,West Bengal,Urban,2022-02-18,2022,2,Friday,Winter,4496694,277.5,103.78,171.85,61.52,20.7,14.71,27.29,43.97,41.4,56.7,14.9,4.5,1008329,6524,10.6,21,244,110,55,,,CPCB,Verified
2674,Mumbai,Maharashtra,Industrial,2023-08-28,2023,8,Monday,Monsoon,12478447,29.2,15.03,24.96,76.62,29.14,7.8,43.03,15.51,40.3,73.1,4.7,0,3931904,19744,10.7,18,487,306,106,,,Ground Sensor,Auto
2675,Agra,Uttar Pradesh,Tourist,2022-08-02,2022,8,Tuesday,Monsoon,1585704,152.0,66.65,83.16,70.69,54.16,9.54,42.83,32.75,21.7,45.4,1.7,0,477935,925,20.7,8,108,64,31,,,State PCB,Manual Entry
2676,Kanpur,Uttar Pradesh,Industrial,2023-11-09,2023,11,Thursday,Winter,2920496,195.8,84.69,128.19,118.09,45.35,17.99,79.67,5.76,32.8,67.1,10.0,6.3,681339,3136,16.6,10,214,111,62,,,State PCB,Verified
2677,Ranchi,Jharkhand,Industrial,2023-01-18,2023,1,Wednesday,Winter,1073440,210.2,89.55,120.72,149.28,109.69,15.41,100.95,2.68,26.7,54.5,18.1,7.5,263689,2023,16.5,19,112,54,24,,,CPCB,Verified
2678,Visakhapatnam,Andhra Pradesh,Coastal,2023-05-05,2023,5,Friday,Summer,1728128,15.7,7.66,11.67,23.38,82.42,15.36,139.45,27.49,27.9,68.2,28.4,0,455084,2669,17.9,3,38,23,6,,,State PCB,Auto
2679,Chennai,Tamil Nadu,Coastal,2022-09-02,2022,9,Friday,Monsoon,7088000,111.0,59.93,92.72,76.9,47.33,9.51,45.22,9.42,34.3,51.0,11.9,18.4,1976457,12228,9.2,5,433,294,70,,,Ground Sensor,Unverified
2680,Patna,Bihar,Administrative,2023-02-01,2023,2,Wednesday,Winter,1684222,76.8,25.1,61.51,106.34,49.52,18.93,95.19,29.9,41.7,51.6,5.9,0,412178,1855,36.8,8,91,57,14,,,Satellite,Auto
2681,Delhi,Delhi,Urban,2022-02-25,2022,2,Friday,Winter,16787941,14.0,8.36,12.1,167.78,21.49,2.19,114.45,7.89,34.3,63.9,9.1,0,4879218,8873,9.4,16,1189,744,260,,,Satellite,Unverified
2682,Vadodara,Gujarat,Industrial,2022-09-23,2022,9,Friday,Monsoon,1670806,66.7,22.9,46.37,41.67,8.94,5.24,129.74,1.46,25.7,77.6,14.9,4.1,305651,1100,15.0,3,45,24,9,,,Satellite,Auto
2683,Bhopal,Madhya Pradesh,Administrative,2022-04-14,2022,4,Thursday,Summer,1795648,220.5,100.96,185.95,84.56,75.02,12.66,138.33,47.83,21.3,51.4,11.1,0.2,505125,1527,28.6,24,168,95,39,,,Ground Sensor,Auto
2684,Jodhpur,Rajasthan,Tourist,2022-09-30,2022,9,Friday,Monsoon,1137815,35.1,12.21,22.0,14.16,44.73,8.06,70.81,49.73,25.5,56.1,18.3,22.8,297499,1106,36.9,25,23,11,5,,,Ground Sensor,Auto
2684,Jodhpur,Rajasthan,Tourist,2022-09-30,2022,9,Friday,Monsoon,1137815,35.1,12.21,22.0,14.16,44.73,8.06,70.81,49.73,25.5,56.1,18.3,22.8,297499,1106,36.9,25,23,11,5,,,Ground Sensor,Auto
2685,Indore,Madhya Pradesh,Commercial,2022-03-16,2022,3,Wednesday,Summer,1994397,214.5,109.38,184.41,60.14,68.81,8.29,76.68,24.56,25.2,29.9,10.6,0.9,465915,1747,21.0,15,193,90,49,,,CPCB,Unverified
2686,Agra,Uttar Pradesh,Tourist,2023-12-20,2023,12,Wednesday,Winter,1585704,209.5,81.93,114.6,165.17,44.25,9.04,98.13,3.55,24.6,40.4,3.1,6.1,301209,1813,32.5,9,140,80,36,,,State PCB,Unverified
2687,Patna,Bihar,Administrative,2022-06-25,2022,6,Saturday,Monsoon,1684222,102.2,60.67,70.49,9.29,59.84,9.5,58.21,8.55,31.3,79.1,18.8,2.1,381639,1825,20.0,25,75,34,20,,,Ground Sensor,Manual Entry
2688,Agra,Uttar Pradesh,Tourist,2022-09-23,2022,9,Friday,Monsoon,1585704,87.1,48.27,45.44,19.4,46.04,5.5,123.01,3.11,18.4,51.9,16.5,4.1,539301,1044,10.2,3,57,31,11,,,Ground Sensor,Manual Entry
2689,Ghaziabad,Uttar Pradesh,Industrial,2022-04-12,2022,4,Tuesday,Summer,1636068,80.7,31.86,67.89,128.38,58.54,16.32,22.2,17.27,34.1,57.3,4.6,0,535216,2222,20.8,8,87,49,14,,,CPCB,Manual Entry
2690,Ludhiana,Punjab,Industrial,2022-07-20,2022,7,Wednesday,Monsoon,1618879,69.8,27.7,51.37,13.65,56.7,5.01,26.56,9.68,31.9,73.7,16.8,18.3,487322,2006,17.1,11,47,21,9,,,CPCB,Auto
2691,Faridabad,Haryana,Industrial,2023-07-11,2023,7,Tuesday,Monsoon,1394000,92.5,55.26,48.68,32.42,41.85,0.84,99.34,47.39,19.7,84.8,17.3,0,321732,1978,32.7,21,63,43,18,,,Ground Sensor,Auto
2692,Ludhiana,Punjab,Industrial,2023-01-07,2023,1,Saturday,Winter,1618879,10,3.51,5.69,92.28,52.01,0.94,52.59,16.11,31.1,52.4,12.4,0,308902,2983,41.6,7,52,21,8,,,State PCB,Manual Entry
2693,Amritsar,Punjab,Tourist,2023-12-19,2023,12,Tuesday,Winter,1132761,224.1,89.25,155.21,57.38,56.02,12.61,140.12,30.18,25.3,14.4,17.0,2.4,330203,1952,33.8,12,66,33,16,,,Ground Sensor,Auto
2694,Nagpur,Maharashtra,Commercial,2023-12-15,2023,12,Friday,Winter,2405665,231.4,98.95,198.32,74.37,89.13,19.32,25.65,43.45,38.5,36.3,5.8,0,557241,1454,8.6,4,160,69,27,,,Ground Sensor,Verified
2695,Ranchi,Jharkhand,Industrial,2022-12-10,2022,12,Saturday,Winter,1073440,175.5,72.1,143.48,124.94,55.69,19.52,77.98,44.5,26.2,54.2,24.7,3.9,218109,1376,42.6,3,86,41,18,,,CPCB,Manual Entry
2696,Srinagar,Jammu & Kashmir,Tourist,2023-10-02,2023,10,Monday,Post-Monsoon,1180570,142.6,43.97,111.44,26.42,72.56,9.33,67.97,15.37,23.6,58.9,7.2,3.2,241657,1947,17.1,20,40,17,7,,,State PCB,Auto
2697,Patna,Bihar,Administrative,2023-06-01,2023,6,Thursday,Monsoon,1684222,112.9,34.99,83.92,37.83,55.55,4.11,148.69,28.62,46.0,18.9,6.6,0,397428,2885,35.5,4,54,28,15,,,Satellite,Auto
2698,Bangalore,Karnataka,IT Hub,2023-06-21,2023,6,Wednesday,Monsoon,8443675,87.0,51.13,74.12,73.46,38.72,0.73,141.11,27.52,21.8,54.3,5.9,0.4,2109819,12009,40.4,23,391,241,101,,,State PCB,Auto
2699,Chennai,Tamil Nadu,Coastal,2022-11-29,2022,11,Tuesday,Winter,7088000,81.2,43.67,40.87,132.34,28.38,5.94,102.52,29.02,36.5,88.7,20.3,0.8,2394703,13381,24.8,24,529,217,134,,,CPCB,Manual Entry
2700,Kanpur,Uttar Pradesh,Industrial,2022-12-05,2022,12,Monday,Winter,2920496,10,3.57,7.74,90.5,39.41,8.99,149.9,31.22,45.0,56.8,0.7,0,833206,4523,9.8,20,138,85,32,,,CPCB,Manual Entry
2701,Agra,Uttar Pradesh,Tourist,2023-09-26,2023,9,Tuesday,Monsoon,1585704,117.3,62.38,61.52,38.53,51.73,9.31,70.67,43.42,15.6,80.8,11.2,0,311625,1346,37.5,10,72,34,16,,,State PCB,Manual Entry
2702,Patna,Bihar,Administrative,2023-05-11,2023,5,Thursday,Summer,1684222,199.1,97.04,133.02,89.97,81.48,7.66,20.69,47.03,24.2,80.1,15.8,6.6,574530,861,22.4,8,155,103,37,,,Satellite,Manual Entry
2703,Kolkata,West Bengal,Urban,2022-12-16,2022,12,Friday,Winter,4496694,170.9,94.57,116.09,158.55,34.11,20.76,123.09,5.55,29.1,52.5,16.2,1.9,1288476,4560,26.4,23,433,254,86,,,Satellite,Manual Entry
2704,Ahmedabad,Gujarat,Industrial,2023-10-03,2023,10,Tuesday,Post-Monsoon,5570585,79.6,25.27,46.4,130.77,92.21,4.23,101.06,45.21,28.7,82.1,9.3,0.3,1554181,8507,43.8,14,476,226,119,,,Ground Sensor,Manual Entry
2705,Faridabad,Haryana,Industrial,2022-04-14,2022,4,Thursday,Summer,1394000,85.2,42.17,54.65,16.96,83.82,5.28,111.77,41.77,34.6,62.7,12.0,0,351810,905,12.1,7,56,28,15,,,State PCB,Unverified
2706,Delhi,Delhi,Urban,2022-03-05,2022,3,Saturday,Summer,16787941,68.2,38.68,38.31,115.22,11.49,8.11,35.37,18.25,22.5,76.9,25.3,1.3,5286663,32212,35.6,21,1048,451,177,,,State PCB,Auto
2707,Amritsar,Punjab,Tourist,2023-09-08,2023,9,Friday,Monsoon,1132761,162.1,91.7,108.28,55.17,31.61,5.49,132.5,31.38,24.2,71.0,16.4,6.6,367457,1481,12.8,22,79,43,20,,,State PCB,Unverified
2708,Mumbai,Maharashtra,Industrial,2023-11-19,2023,11,Sunday,Winter,12478447,226.2,93.57,153.76,62.16,55.88,15.35,24.69,20.37,12.6,70.8,11.9,0,3018037,14375,29.8,5,1071,463,170,,,State PCB,Unverified
2709,Vadodara,Gujarat,Industrial,2022-03-22,2022,3,Tuesday,Summer,1670806,180.2,70.93,150.76,17.86,16.89,11.95,33.34,13.49,28.0,71.6,9.8,2.6,339494,1020,17.1,5,68,47,10,,,Satellite,Auto
2710,Hyderabad,Telangana,IT Hub,2023-09-15,2023,9,Friday,Monsoon,6809970,127.1,57.51,73.17,18.32,32.11,3.48,45.02,6.66,16.7,73.2,18.7,19.9,1728115,3989,35.6,3,222,89,56,,,State PCB,Auto
2711,Vadodara,Gujarat,Industrial,2023-04-05,2023,4,Wednesday,Summer,1670806,203.1,63.47,139.72,20.22,35.83,1.93,131.99,32.67,48.4,16.0,16.8,0.2,526681,991,8.6,24,61,36,11,,,State PCB,Auto
2712,Lucknow,Uttar Pradesh,Administrative,2023-08-21,2023,8,Monday,Monsoon,2815601,126.1,54.57,78.05,32.92,42.33,7.68,133.55,44.08,26.9,64.6,19.8,9.4,819726,5455,11.1,13,123,55,35,,,Ground Sensor,Auto
2713,Meerut,Uttar Pradesh,Industrial,2022-10-31,2022,10,Monday,Post-Monsoon,1309023,229.1,122.04,129.0,66.28,45.79,7.22,91.29,12.82,24.3,73.7,20.2,0,325658,1419,40.7,14,97,45,28,,,Satellite,Verified
2714,Amritsar,Punjab,Tourist,2023-10-14,2023,10,Saturday,Post-Monsoon,1132761,46.7,14.87,40.71,74.27,67.56,4.99,116.84,29.29,25.5,71.7,3.4,0,350034,1952,13.9,4,40,26,11,,,State PCB,Unverified
2715,Amritsar,Punjab,Tourist,2022-03-25,2022,3,Friday,Summer,1132761,224.5,127.9,121.64,112.04,40.71,14.79,137.81,39.42,22.8,42.4,21.3,8.4,350200,1542,10.9,23,95,57,23,,,State PCB,Unverified
2716,Kolkata,West Bengal,Urban,2022-05-27,2022,5,Friday,Summer,4496694,13.5,4.64,9.48,11.21,10.06,7.64,124.21,38.16,35.1,40.6,7.2,0,1497178,4651,39.9,20,34,13,9,,,CPCB,Auto
2717,Patna,Bihar,Administrative,2023-02-25,2023,2,Saturday,Winter,1684222,109.7,43.81,96.78,25.9,96.07,13.33,143.71,19.52,37.9,92.4,13.8,0,582552,1814,32.2,16,88,50,16,,,State PCB,Verified
2718,Kanpur,Uttar Pradesh,Industrial,2022-11-04,2022,11,Friday,Winter,2920496,89.2,28.12,76.73,37.14,55.64,2.48,44.01,32.53,26.6,43.3,1.0,2.9,826566,3056,31.0,16,88,38,21,,,State PCB,Manual Entry
2719,Faridabad,Haryana,Industrial,2022-02-04,2022,2,Friday,Winter,1394000,154.7,68.99,81.63,133.01,8.31,11.86,25.95,18.9,36.0,46.9,16.7,4.3,411895,1768,25.6,13,105,49,16,,,Ground Sensor,Unverified
2720,Jaipur,Rajasthan,Tourist,2022-02-24,2022,2,Thursday,Winter,3046163,238.1,99.7,164.68,120.85,53.12,19.14,107.85,43.87,27.9,88.4,4.9,0,1033609,5280,40.2,25,284,116,60,,,Satellite,Auto
2721,Amritsar,Punjab,Tourist,2023-01-14,2023,1,Saturday,Winter,1132761,232.4,127.28,124.38,43.75,42.34,11.38,144.46,10.65,11.9,24.0,6.9,0,210942,1487,30.0,24,78,41,16,,,Satellite,Manual Entry
2722,Chennai,Tamil Nadu,Coastal,2022-10-05,2022,10,Wednesday,Post-Monsoon,7088000,83.4,37.29,72.83,50.71,57.31,10.45,35.78,27.28,25.8,35.6,19.0,6.3,1909475,13953,12.7,3,370,231,88,,,Ground Sensor,Manual Entry
2723,Lucknow,Uttar Pradesh,Administrative,2023-06-24,2023,6,Saturday,Monsoon,2815601,829.7,52.59,52.23,76.09,57.24,4.23,36.85,17.45,,33.8,15.5,8.9,968333,2891,35.4,9,135,66,38,,,Ground Sensor,Unverified
2724,Amritsar,Punjab,Tourist,2023-05-03,2023,5,Wednesday,Summer,1132761,156.3,55.06,138.35,68.35,84.19,15.88,52.49,44.28,26.1,81.7,17.6,4.3,244220,1253,25.4,14,55,33,13,,,Ground Sensor,Auto
2724,Amritsar,Punjab,Tourist,2023-05-03,2023,5,Wednesday,Summer,1132761,156.3,55.06,138.35,68.35,84.19,15.88,52.49,44.28,26.1,81.7,17.6,4.3,244220,1253,25.4,14,55,33,13,,,Ground Sensor,Auto
2725,Chennai,Tamil Nadu,Coastal,2023-07-02,2023,7,Sunday,Monsoon,7088000,113.8,57.19,74.67,59.05,42.52,1.16,146.55,5.13,18.9,84.7,19.1,12.9,2477804,11822,34.1,9,356,184,96,,,Ground Sensor,Manual Entry
2726,Nagpur,Maharashtra,Commercial,2022-03-20,2022,3,Sunday,Summer,2405665,195.9,62.33,173.94,66.15,62.43,2.13,78.69,42.64,27.8,70.2,1.6,4.6,563856,3051,29.0,16,152,84,27,,,Ground Sensor,Verified
2727,Lucknow,Uttar Pradesh,Administrative,2023-10-02,2023,10,Monday,Post-Monsoon,2815601,288.7,96.9,252.23,118.06,43.45,2.82,50.8,11.11,39.8,76.3,4.5,4.6,784838,1554,30.7,4,239,161,60,,,Satellite,Verified
2728,Amritsar,Punjab,Tourist,2023-09-19,2023,9,Tuesday,Monsoon,1132761,128.4,76.36,114.18,23.64,31.23,3.93,39.13,30.37,24.5,50.0,9.2,0,207776,1189,27.1,21,51,33,7,,,State PCB,Auto
2729,Ahmedabad,Gujarat,Industrial,2022-01-03,2022,1,Monday,Winter,5570585,230.6,103.54,194.24,50.05,59.18,17.76,73.23,13.75,26.0,57.7,7.2,0.8,1600014,5734,31.4,25,457,266,105,,,State PCB,Verified
2730,Varanasi,Uttar Pradesh,Tourist,2023-03-08,2023,3,Wednesday,Summer,1198491,115.3,68.46,95.74,17.23,64.32,10.13,108.26,34.02,14.1,84.3,14.2,1.8,400131,2143,44.7,3,63,31,18,,,CPCB,Unverified
2731,Indore,Madhya Pradesh,Commercial,2023-02-27,2023,2,Monday,Winter,1994397,328.1,152.15,177.35,141.29,105.4,12.66,51.9,11.74,35.4,74.2,10.2,0,428682,2972,42.0,8,291,175,66,,,Satellite,Unverified
2731,Indore,Madhya Pradesh,Commercial,2023-02-27,2023,2,Monday,Winter,1994397,328.1,152.15,177.35,141.29,105.4,12.66,51.9,11.74,35.4,74.2,10.2,0,428682,2972,42.0,8,291,175,66,,,Satellite,Unverified
2732,Amritsar,Punjab,Tourist,2023-02-04,2023,2,Saturday,Winter,1132761,247.5,144.8,142.2,17.82,67.13,16.06,110.02,39.55,26.2,59.8,15.1,5.4,360704,1131,34.8,24,103,41,17,,,State PCB,Unverified
2733,Meerut,Uttar Pradesh,Industrial,2022-08-17,2022,8,Wednesday,Monsoon,1309023,129.3,45.35,102.66,27.62,25.16,5.17,129.14,30.28,21.0,52.0,23.8,0,314418,2174,17.7,20,43,18,11,,,State PCB,Verified
2734,Kanpur,Uttar Pradesh,Industrial,2023-01-19,2023,1,Thursday,Winter,2920496,336.7,201.65,203.92,102.74,33.22,0.73,117.7,24.15,19.4,69.6,21.7,0,785242,1577,33.1,8,408,255,65,,,CPCB,Unverified
2735,Nagpur,Maharashtra,Commercial,2022-05-06,2022,5,Friday,Summer,2405665,212.7,67.01,163.43,88.29,40.57,2.44,111.95,7.71,12.1,40.8,2.0,2.7,784780,3346,36.3,6,150,61,28,,,State PCB,Unverified
2736,Rajkot,Gujarat,Industrial,2022-11-08,2022,11,Tuesday,Winter,1286995,111.2,48.1,81.23,97.44,53.18,20.73,83.39,25.06,25.9,74.1,15.4,0,313990,1098,20.5,6,66,31,13,,,CPCB,Manual Entry
2737,Srinagar,Jammu & Kashmir,Tourist,2023-06-30,2023,6,Friday,Monsoon,1180570,149.6,71.61,99.98,55.88,14.82,10.97,102.07,20.01,28.0,66.5,14.1,12.1,375649,1497,10.8,17,52,22,14,,,CPCB,Verified
2738,Chennai,Tamil Nadu,Coastal,2023-11-06,2023,11,Monday,Winter,7088000,76.7,33.23,61.1,120.93,26.19,16.72,32.81,33.34,26.5,33.5,24.3,6.3,2469375,10000,14.4,4,447,281,126,,,Ground Sensor,Auto
2739,Ludhiana,Punjab,Industrial,2022-06-30,2022,6,Thursday,Monsoon,1618879,93.4,51.52,50.51,52.01,47.39,4.4,132.46,13.27,14.3,69.5,11.4,11.1,297018,3070,13.5,15,84,42,18,,,Ground Sensor,Auto
2740,Surat,Gujarat,Industrial,2023-12-03,2023,12,Sunday,Winter,4467797,83.6,26.6,74.68,124.21,83.6,19.45,135.63,7.53,24.7,47.7,6.1,0,1454497,4742,6.4,4,296,176,80,,,State PCB,Auto
2740,Surat,Gujarat,Industrial,2023-12-03,2023,12,Sunday,Winter,4467797,83.6,26.6,74.68,124.21,83.6,19.45,135.63,7.53,24.7,47.7,6.1,0,1454497,4742,6.4,4,296,176,80,,,State PCB,Auto
2741,Amritsar,Punjab,Tourist,2022-03-20,2022,3,Sunday,Summer,1132761,188.2,92.11,166.87,24.03,63.46,12.11,124.64,10.47,23.2,50.6,14.5,5.0,358634,2073,23.2,3,67,31,18,,,Ground Sensor,Auto
2742,Jaipur,Rajasthan,Tourist,2023-01-09,2023,1,Monday,Winter,3046163,,51.22,88.6,36.35,69.04,18.85,66.36,22.32,19.7,89.7,7.8,5.9,1038016,5783,11.5,3,138,82,23,,,Satellite,Auto
2743,Ghaziabad,Uttar Pradesh,Industrial,2022-11-25,2022,11,Friday,Winter,1636068,154.4,57.61,123.49,52.81,57.63,15.3,45.9,44.41,21.2,66.3,18.4,4.3,297175,2421,29.8,8,80,49,14,,,State PCB,Manual Entry
2744,Jaipur,Rajasthan,Tourist,2023-07-22,2023,7,Saturday,Monsoon,3046163,68.0,38.79,37.52,64.28,34.39,0.51,116.71,4.06,20.6,74.0,20.5,0,1042031,4015,13.4,24,134,77,24,,,Satellite,Manual Entry
2745,Pune,Maharashtra,Industrial,2022-10-11,2022,10,Tuesday,Post-Monsoon,3124458,46.6,20.96,36.16,29.64,56.28,1.56,48.36,25.86,14.3,61.1,0.1,0,978337,2741,12.9,6,98,67,16,,,Ground Sensor,Unverified
2746,Bangalore,Karnataka,IT Hub,2022-08-27,2022,8,Saturday,Monsoon,8443675,81.0,42.3,51.1,54.28,22.23,7.07,145.3,10.26,28.1,76.0,4.9,0,2593856,11397,39.9,22,373,229,69,,,State PCB,Unverified
2747,Pune,Maharashtra,Industrial,2023-04-02,2023,4,Sunday,Summer,3124458,113.1,56.6,66.92,101.19,10.37,13.83,91.43,31.01,,73.0,5.0,0,864359,3923,42.8,13,162,89,24,,,Satellite,Auto
2748,Bhopal,Madhya Pradesh,Administrative,2022-10-08,2022,10,Saturday,Post-Monsoon,1795648,136.5,57.45,75.51,143.14,22.46,4.06,24.84,12.74,27.4,65.4,14.3,0,412880,1276,31.7,22,158,65,30,,,State PCB,Manual Entry
2749,Jodhpur,Rajasthan,Tourist,2023-10-07,2023,10,Saturday,Post-Monsoon,1137815,147.3,52.83,112.45,76.5,60.22,15.96,86.34,46.56,36.3,66.5,1.7,6.8,243340,1343,28.5,6,78,52,18,,,Ground Sensor,Verified
2750,Faridabad,Haryana,Industrial,2022-12-06,2022,12,Tuesday,Winter,1394000,278.4,121.55,238.9,117.86,29.73,1.12,26.79,9.49,27.1,10,15.4,0.3,455995,2592,27.6,10,123,68,19,,,State PCB,Verified
2751,Kolkata,West Bengal,Urban,2022-08-14,2022,8,Sunday,Monsoon,4496694,119.7,51.22,90.51,69.04,34.96,5.09,23.93,24.14,19.5,47.2,8.6,0,1561684,5593,18.6,19,256,109,54,,,Satellite,Manual Entry
2752,Rajkot,Gujarat,Industrial,2022-08-02,2022,8,Tuesday,Monsoon,1286995,46.7,24.2,33.96,49.46,40.93,7.18,146.33,18.12,27.1,42.9,8.7,14.5,415809,1743,13.5,24,52,30,14,,,CPCB,Auto
2753,Amritsar,Punjab,Tourist,2023-09-30,2023,9,Saturday,Monsoon,1132761,34.3,12.7,22.04,37.01,52.62,6.79,23.43,24.0,21.0,50.2,6.8,19.2,365482,2003,34.1,21,35,20,5,,,Ground Sensor,Verified
2754,Meerut,Uttar Pradesh,Industrial,2022-07-06,2022,7,Wednesday,Monsoon,1309023,26.8,11.89,16.77,79.46,29.21,5.61,131.66,8.9,33.3,75.9,23.7,0,447261,873,12.7,20,58,25,13,,,Satellite,Verified
2755,Faridabad,Haryana,Industrial,2023-05-20,2023,5,Saturday,Summer,1394000,128.3,52.3,79.44,129.78,6.53,5.56,142.16,27.22,27.9,51.6,14.8,1.0,458180,2538,36.7,5,95,55,20,,,Satellite,Manual Entry
2756,Mumbai,Maharashtra,Industrial,2022-03-03,2022,3,Thursday,Summer,12478447,10,3.99,7.34,70.0,50.76,4.07,134.62,9.4,7.9,64.7,12.8,1.3,3235270,14378,38.1,3,396,163,81,,,CPCB,Verified
2757,Patna,Bihar,Administrative,2023-07-05,2023,7,Wednesday,Monsoon,1684222,97.0,48.08,55.84,11.66,11.4,0.62,57.58,8.26,13.9,52.3,24.7,13.7,571768,3353,13.0,18,44,21,13,,,Satellite,Verified
2758,Vadodara,Gujarat,Industrial,2023-09-23,2023,9,Saturday,Monsoon,1670806,99.0,36.72,78.06,77.3,33.44,10.11,109.61,34.31,33.4,48.5,19.2,12.7,346200,2354,5.8,21,69,35,12,,,State PCB,Verified
2759,Coimbatore,Tamil Nadu,Industrial,2023-05-17,2023,5,Wednesday,Summer,1061447,,,69.31,70.65,58.62,15.16,135.36,44.6,30.9,60.9,8.8,0,273535,1449,27.8,19,58,27,10,,,Satellite,Unverified
2760,Nagpur,Maharashtra,Commercial,2023-05-30,2023,5,Tuesday,Summer,2405665,132.4,64.51,72.49,53.62,13.36,8.17,56.1,42.47,39.3,65.8,24.5,0.8,762269,4250,22.1,3,113,57,20,,,Ground Sensor,Verified
2761,Kolkata,West Bengal,Urban,2022-06-29,2022,6,Wednesday,Monsoon,4496694,125.5,38.42,106.07,61.2,10.61,6.85,114.81,33.88,28.9,43.0,13.9,0,1537355,8288,5.4,18,173,98,34,,,State PCB,Verified
2762,Lucknow,Uttar Pradesh,Administrative,2022-04-05,2022,4,Tuesday,Summer,2815601,107.7,50.24,54.57,90.04,51.5,9.9,73.0,35.94,27.0,71.4,14.9,0,617827,3732,20.6,12,147,66,30,,,Ground Sensor,Auto
2763,Ranchi,Jharkhand,Industrial,2023-05-31,2023,5,Wednesday,Summer,1073440,178.1,97.39,125.17,52.5,28.74,5.45,47.26,9.38,33.8,43.4,5.6,8.0,257785,919,41.4,25,79,37,12,,,CPCB,Unverified
2764,Faridabad,Haryana,Industrial,2023-08-12,2023,8,Saturday,Monsoon,1394000,,,70.08,46.39,50.84,9.85,52.29,28.98,16.9,47.2,24.7,5.5,481054,2653,23.1,24,49,21,12,,,State PCB,Unverified
2765,Meerut,Uttar Pradesh,Industrial,2023-10-29,2023,10,Sunday,Post-Monsoon,1309023,128.0,75.8,95.13,74.56,11.33,3.75,107.76,22.26,18.8,77.4,14.0,8.2,261135,2136,37.1,21,76,32,11,,,Ground Sensor,Auto
2766,Varanasi,Uttar Pradesh,Tourist,2023-10-21,2023,10,Saturday,Post-Monsoon,1198491,203.9,89.42,117.29,30.41,55.44,3.94,103.18,24.06,39.5,45.1,16.0,4.4,283906,2377,25.6,24,82,44,22,,,Satellite,Unverified
2767,Nagpur,Maharashtra,Commercial,2023-09-09,2023,9,Saturday,Monsoon,2405665,188.1,73.07,156.72,68.38,34.93,0.95,143.85,27.22,39.1,53.1,10.4,23.2,667508,3147,10.2,17,171,83,34,,,State PCB,Auto
2768,Ranchi,Jharkhand,Industrial,2022-01-10,2022,1,Monday,Winter,1073440,175.7,99.58,105.53,31.07,10.56,15.62,48.5,19.94,32.2,76.5,14.1,0.4,353999,739,28.8,24,56,23,16,,,State PCB,Auto
2769,Meerut,Uttar Pradesh,Industrial,2022-09-22,2022,9,Thursday,Monsoon,1309023,32.5,13.98,20.53,13.72,33.43,6.87,39.2,32.88,20.9,64.4,12.6,11.1,313214,1346,16.5,18,17,10,4,,,State PCB,Verified
2770,Rajkot,Gujarat,Industrial,2023-05-24,2023,5,Wednesday,Summer,1286995,149.1,49.1,123.24,69.51,55.08,15.05,123.5,38.74,23.5,50.3,8.0,0.6,426480,1123,22.8,7,57,23,11,,,CPCB,Auto
2771,Hyderabad,Telangana,IT Hub,2023-01-31,2023,1,Tuesday,Winter,6809970,304.4,146.4,167.05,96.1,45.38,10.86,64.15,47.61,20.5,32.3,0.4,0,1922174,12885,24.7,8,595,285,149,,,State PCB,Manual Entry
2772,Coimbatore,Tamil Nadu,Industrial,2022-02-28,2022,2,Monday,Winter,1061447,211.2,100.75,185.83,44.94,33.67,8.54,119.76,38.98,14.2,82.1,10.2,4.2,229007,930,18.5,19,80,52,23,,,CPCB,Verified
2773,Agra,Uttar Pradesh,Tourist,2022-08-19,2022,8,Friday,Monsoon,1585704,66.3,37.29,47.74,89.06,21.58,8.59,72.54,27.33,21.0,83.0,13.0,0,486250,1885,5.9,14,62,33,13,,,CPCB,Unverified
2774,Patna,Bihar,Administrative,2022-11-07,2022,11,Monday,Winter,1684222,292.7,129.64,161.98,25.83,100.06,14.52,122.7,3.26,36.7,61.7,7.6,4.6,426447,1839,17.0,12,137,76,34,,,Ground Sensor,Auto
2775,Ghaziabad,Uttar Pradesh,Industrial,2023-01-25,2023,1,Wednesday,Winter,1636068,180.9,92.58,131.6,76.81,33.02,11.86,145.87,6.86,22.2,62.0,11.9,0.7,467523,2037,36.4,4,109,71,26,,,Satellite,Verified
2776,Nagpur,Maharashtra,Commercial,2023-10-21,2023,10,Saturday,Post-Monsoon,2405665,217.5,104.29,139.11,23.23,90.78,16.92,141.14,5.26,23.5,42.1,22.6,0,505601,4306,21.2,11,165,93,40,,,CPCB,Manual Entry
2777,Patna,Bihar,Administrative,2023-05-08,2023,5,Monday,Summer,1684222,61.6,35.16,44.53,81.55,70.48,1.41,101.29,23.73,30.1,37.7,17.8,5.8,360924,2550,34.7,4,75,50,13,,,Ground Sensor,Manual Entry
2778,Chennai,Tamil Nadu,Coastal,2022-11-03,2022,11,Thursday,Winter,7088000,321.6,175.4,183.51,143.76,14.02,16.24,23.17,25.19,11.7,63.5,8.4,0.3,1559604,13453,21.6,6,922,454,273,,,Satellite,Auto
2779,Ludhiana,Punjab,Industrial,2022-07-15,2022,7,Friday,Monsoon,1618879,62.5,18.8,34.01,75.83,23.8,1.91,41.83,2.02,27.7,76.5,8.1,0,484453,1055,19.1,10,60,37,12,,,Ground Sensor,Unverified
2780,Pune,Maharashtra,Industrial,2022-05-06,2022,5,Friday,Summer,3124458,181.5,56.94,122.62,87.14,30.38,6.93,148.12,5.23,19.3,64.2,9.2,0,869359,2798,36.6,14,160,78,27,,,CPCB,Unverified
2780,Pune,Maharashtra,Industrial,2022-05-06,2022,5,Friday,Summer,3124458,181.5,56.94,122.62,87.14,30.38,6.93,148.12,5.23,19.3,64.2,9.2,0,869359,2798,36.6,14,160,78,27,,,CPCB,Unverified
2780,Pune,Maharashtra,Industrial,2022-05-06,2022,5,Friday,Summer,3124458,181.5,56.94,122.62,87.14,30.38,6.93,148.12,5.23,19.3,64.2,9.2,0,869359,2798,36.6,14,160,78,27,,,CPCB,Unverified
2781,Mumbai,Maharashtra,Industrial,2022-02-16,2022,2,Wednesday,Winter,12478447,205.8,116.9,144.81,76.81,89.57,20.04,124.07,5.19,21.3,70.6,11.2,0,3964390,11135,19.4,21,1115,576,172,,,State PCB,Verified
2782,Ludhiana,Punjab,Industrial,2023-07-10,2023,7,Monday,Monsoon,1618879,76.7,27.57,48.27,41.76,34.07,10.07,45.53,30.7,30.9,78.0,11.1,0,386854,1940,31.0,8,58,30,9,,,Ground Sensor,Manual Entry
2782,Ludhiana,Punjab,Industrial,2023-07-10,2023,7,Monday,Monsoon,1618879,76.7,27.57,48.27,41.76,34.07,10.07,45.53,30.7,30.9,78.0,11.1,0,386854,1940,31.0,8,58,30,9,,,Ground Sensor,Manual Entry
2783,Meerut,Uttar Pradesh,Industrial,2023-10-08,2023,10,Sunday,Post-Monsoon,1309023,76.9,30.08,53.07,142.75,40.08,5.28,132.64,43.85,30.6,61.0,19.8,0,348151,2225,17.2,3,71,44,14,,,CPCB,Manual Entry
2784,Vadodara,Gujarat,Industrial,2022-09-03,2022,9,Saturday,Monsoon,1670806,63.0,25.02,43.53,53.11,4.96,6.17,65.03,19.44,41.7,85.2,26.4,6.2,560512,1287,32.8,4,44,28,9,,,Satellite,Verified
2785,Srinagar,Jammu & Kashmir,Tourist,2023-09-26,2023,9,Tuesday,Monsoon,1180570,190.2,61.64,146.05,67.7,38.41,9.85,146.33,5.61,37.5,52.7,19.7,0,277912,1364,14.5,8,51,26,12,,,State PCB,Auto
2786,Bhopal,Madhya Pradesh,Administrative,2023-12-11,2023,12,Monday,Winter,1795648,250.8,100.82,151.03,160.62,12.01,15.95,148.87,24.35,24.2,66.3,13.8,4.7,366477,2148,24.5,24,145,75,42,,,CPCB,Unverified
2786,Bhopal,Madhya Pradesh,Administrative,2023-12-11,2023,12,Monday,Winter,1795648,250.8,100.82,151.03,160.62,12.01,15.95,148.87,24.35,24.2,66.3,13.8,4.7,366477,2148,24.5,24,145,75,42,,,CPCB,Unverified
2787,Amritsar,Punjab,Tourist,2023-03-11,2023,3,Saturday,Summer,1132761,303.0,165.37,223.1,116.09,42.5,2.65,70.08,10.98,25.0,31.9,11.9,3.0,372857,612,30.3,24,110,51,24,,,Ground Sensor,Verified
2788,Agra,Uttar Pradesh,Tourist,2023-12-03,2023,12,Sunday,Winter,1585704,204.0,73.16,125.32,84.57,32.75,18.23,70.64,8.84,23.4,52.9,18.7,3.9,377971,2295,19.1,5,110,73,31,,,Satellite,Unverified
2789,Ahmedabad,Gujarat,Industrial,2023-06-27,2023,6,Tuesday,Monsoon,5570585,75.3,32.53,48.16,86.78,47.24,4.54,112.49,12.01,18.7,80.3,18.7,10.2,1669445,10816,17.4,15,294,195,48,,,State PCB,Verified
2790,Rajkot,Gujarat,Industrial,2022-03-27,2022,3,Sunday,Summer,1286995,252.6,100.73,212.25,37.81,79.17,9.49,129.11,46.82,22.8,25.8,10.5,1.5,365851,871,36.5,22,112,47,21,,,Ground Sensor,Manual Entry
2791,Surat,Gujarat,Industrial,2023-09-08,2023,9,Friday,Monsoon,4467797,107.6,60.45,82.83,70.59,25.54,10.48,142.24,29.19,25.9,97.3,17.1,9.5,1364293,4791,10.8,24,270,139,56,,,Satellite,Auto
2792,Bangalore,Karnataka,IT Hub,2023-02-27,2023,2,Monday,Winter,8443675,257.5,114.7,150.54,144.75,110.06,11.65,139.41,22.55,36.2,87.8,2.6,11.1,1804728,9512,44.5,9,1010,612,258,,,Satellite,Unverified
2793,Kolkata,West Bengal,Urban,2023-07-05,2023,7,Wednesday,Monsoon,4496694,103.6,54.61,77.22,80.33,9.86,10.39,98.66,7.6,27.2,85.1,4.7,1.4,1399853,7257,30.4,3,198,121,33,,,Ground Sensor,Verified
2794,Indore,Madhya Pradesh,Commercial,2022-08-18,2022,8,Thursday,Monsoon,1994397,44.3,25.45,36.57,21.68,29.09,10.83,65.83,9.65,40.7,37.4,8.7,0,361536,1723,9.7,3,57,23,10,,,Ground Sensor,Verified
2795,Ghaziabad,Uttar Pradesh,Industrial,2022-12-07,2022,12,Wednesday,Winter,1636068,323.7,106.55,234.88,109.81,7.34,13.37,123.55,37.55,40.0,67.7,16.2,0,410657,1936,14.8,13,151,98,30,,,CPCB,Manual Entry
2796,Ghaziabad,Uttar Pradesh,Industrial,2023-05-25,2023,5,Thursday,Summer,1636068,175.4,91.1,104.19,71.0,20.77,13.23,149.09,8.31,23.1,83.7,6.4,0,382357,3003,8.6,20,105,51,31,,,Satellite,Auto
2797,Pune,Maharashtra,Industrial,2022-04-23,2022,4,Saturday,Summer,3124458,146.4,52.86,110.83,91.06,47.69,14.92,107.23,48.0,26.1,22.7,13.2,0,1026198,3876,10.3,20,183,85,46,,,CPCB,Unverified
2798,Ranchi,Jharkhand,Industrial,2022-08-08,2022,8,Monday,Monsoon,1073440,85.0,27.97,49.02,62.13,43.99,7.58,39.77,8.3,32.2,60.8,21.6,0,347977,1541,26.9,20,39,23,9,,,State PCB,Manual Entry
2799,Ahmedabad,Gujarat,Industrial,2022-09-25,2022,9,Sunday,Monsoon,5570585,54.3,25.83,47.86,80.19,32.12,3.95,24.81,22.34,36.2,48.8,15.0,0,1437687,7194,31.9,23,,166,66,,,State PCB,Auto
2800,Patna,Bihar,Administrative,2023-02-17,2023,2,Friday,Winter,1684222,34.1,16.48,23.54,130.45,21.7,18.55,134.03,42.93,36.6,48.1,13.8,0,581682,1852,17.7,22,71,40,18,,,Ground Sensor,Verified
2801,Varanasi,Uttar Pradesh,Tourist,2022-03-27,2022,3,Sunday,Summer,1198491,134.8,65.37,81.22,95.83,59.13,1.68,141.21,19.92,28.4,73.0,15.8,6.3,398629,2162,14.2,6,99,46,28,,,CPCB,Auto
2802,Faridabad,Haryana,Industrial,2023-04-30,2023,4,Sunday,Summer,1394000,182.1,98.76,113.02,81.57,80.95,6.82,34.1,49.48,31.7,55.2,25.2,4.6,372371,2530,34.8,4,93,61,18,,,Ground Sensor,Manual Entry
2803,Delhi,Delhi,Urban,2022-02-22,2022,2,Tuesday,Winter,16787941,114.3,59.78,89.76,161.26,43.44,15.38,37.46,43.97,39.6,94.8,11.5,3.0,3478039,21874,41.8,12,1457,630,310,,,Ground Sensor,Unverified
2804,Varanasi,Uttar Pradesh,Tourist,2022-10-04,2022,10,Tuesday,Post-Monsoon,1198491,195.6,89.49,117.09,32.45,77.67,6.2,59.01,28.02,18.4,36.8,16.0,0.6,317452,1643,27.1,9,86,40,17,,,CPCB,Auto
2805,Kolkata,West Bengal,Urban,2023-02-11,2023,2,Saturday,Winter,4496694,118.4,51.1,75.48,100.53,88.93,14.26,37.68,30.59,23.7,67.0,-2.0,2.2,833891,3167,30.3,9,318,181,64,,,Ground Sensor,Unverified
2806,Patna,Bihar,Administrative,2023-05-26,2023,5,Friday,Summer,1684222,84.1,41.75,74.16,23.58,62.07,13.57,76.33,31.19,32.6,35.9,18.2,0,575326,2832,20.6,21,52,26,13,,,Ground Sensor,Manual Entry
2807,Chennai,Tamil Nadu,Coastal,2022-04-18,2022,4,Monday,Summer,7088000,90.3,50.38,69.53,97.83,38.29,14.72,47.24,28.74,21.1,100,3.7,4.4,1603198,4748,23.3,24,517,321,122,,,Satellite,Manual Entry
2808,Surat,Gujarat,Industrial,2023-09-30,2023,9,Saturday,Monsoon,4467797,93.6,38.31,72.9,39.89,18.57,9.91,136.1,23.26,29.4,52.4,9.2,4.6,1485040,8391,14.9,14,128,52,35,,,State PCB,Unverified
2809,Bangalore,Karnataka,IT Hub,2023-04-19,2023,4,Wednesday,Summer,8443675,65.1,23.26,49.68,50.39,43.03,2.45,76.0,17.53,34.9,88.8,9.4,3.9,2706873,12049,13.9,25,288,185,67,,,Satellite,Unverified
2810,Hyderabad,Telangana,IT Hub,2023-04-03,2023,4,Monday,Summer,6809970,190.0,97.44,140.11,23.11,71.59,6.2,122.19,43.05,39.9,69.8,2.7,6.7,2100741,8810,10.6,21,525,336,79,,,State PCB,Verified
2811,Ghaziabad,Uttar Pradesh,Industrial,2022-12-20,2022,12,Tuesday,Winter,1636068,172.5,63.78,113.22,53.89,88.01,9.88,39.06,27.64,16.5,64.5,14.1,0,449625,1250,5.8,21,114,72,21,,,Ground Sensor,Unverified
2812,Kanpur,Uttar Pradesh,Industrial,2022-11-03,2022,11,Thursday,Winter,2920496,74.2,23.29,51.71,127.12,63.59,17.93,88.89,37.97,42.7,78.3,21.0,0,601015,1506,45.0,18,159,103,26,,,Ground Sensor,Auto
2813,Lucknow,Uttar Pradesh,Administrative,2023-11-27,2023,11,Monday,Winter,2815601,281.9,98.81,195.24,107.09,74.32,6.08,82.16,34.36,17.8,44.4,12.9,0,545517,1513,26.8,21,241,156,62,,,State PCB,Verified
2814,Patna,Bihar,Administrative,2022-11-01,2022,11,Tuesday,Winter,1684222,203.9,88.16,132.44,152.19,34.67,16.77,131.98,23.84,30.3,74.8,3.6,1.6,571941,1296,25.5,21,165,83,45,,,State PCB,Verified
2815,Meerut,Uttar Pradesh,Industrial,2023-05-07,2023,5,Sunday,Summer,1309023,302.6,94.0,173.92,124.24,74.31,2.46,54.83,11.51,40.9,58.7,21.3,0,376263,2210,14.3,19,108,55,28,,,Satellite,Manual Entry
2816,Jaipur,Rajasthan,Tourist,2023-08-19,2023,8,Saturday,Monsoon,3046163,129.5,40.1,92.91,47.77,52.34,1.4,85.45,40.33,31.7,71.3,7.6,0,925173,4319,31.9,17,149,81,38,,,State PCB,Unverified
2817,Kanpur,Uttar Pradesh,Industrial,2023-01-22,2023,1,Sunday,Winter,2920496,114.4,57.37,97.43,39.62,60.57,4.37,21.15,20.55,34.7,47.8,4.4,4.9,766842,1605,25.2,4,165,114,39,,,Ground Sensor,Verified
2818,Meerut,Uttar Pradesh,Industrial,2022-05-24,2022,5,Tuesday,Summer,1309023,103.3,37.57,73.93,92.33,64.91,4.68,74.96,12.34,25.8,50.4,24.4,2.0,312281,1241,38.9,5,60,25,15,,,State PCB,Auto
2819,Varanasi,Uttar Pradesh,Tourist,2023-04-03,2023,4,Monday,Summer,1198491,176.3,66.63,96.63,88.51,53.1,4.63,94.64,8.3,39.0,32.1,-2.5,0.2,324031,1856,12.2,9,97,40,17,,,State PCB,Verified
2820,Varanasi,Uttar Pradesh,Tourist,2023-12-20,2023,12,Wednesday,Winter,1198491,214.7,112.2,154.22,101.68,50.13,3.87,140.18,8.56,37.7,52.6,13.9,0,262876,1919,29.8,4,112,71,17,,,Ground Sensor,Unverified
2821,Bhopal,Madhya Pradesh,Administrative,2022-07-13,2022,7,Wednesday,Monsoon,1795648,78.4,39.92,56.51,77.71,27.29,2.36,52.58,17.96,27.5,58.6,2.2,5.1,423098,2262,29.1,14,94,44,14,,,CPCB,Auto
2822,Rajkot,Gujarat,Industrial,2023-04-29,2023,4,Saturday,Summer,1286995,145.3,51.53,121.9,63.84,82.12,9.77,49.49,34.17,27.8,39.4,16.0,3.1,322876,1913,31.4,15,64,34,11,,,Ground Sensor,Auto
2823,Ranchi,Jharkhand,Industrial,2023-11-01,2023,11,Wednesday,Winter,1073440,181.9,55.27,137.13,124.86,81.99,10.12,106.92,32.72,28.8,82.5,7.8,2.7,256067,1141,42.4,4,83,35,15,,,Satellite,Auto
2824,Nagpur,Maharashtra,Commercial,2023-01-03,2023,1,Tuesday,Winter,2405665,116.0,59.19,98.77,132.1,43.45,4.23,109.21,38.31,,64.9,29.6,0,643936,4177,14.6,6,208,135,50,,,Satellite,Manual Entry
2825,Meerut,Uttar Pradesh,Industrial,2023-06-20,2023,6,Tuesday,Monsoon,1309023,103.1,43.36,53.02,85.57,44.68,3.8,79.76,38.96,30.6,26.8,15.0,13.5,252100,1648,39.0,5,68,37,18,,,State PCB,Verified
2826,Rajkot,Gujarat,Industrial,2023-10-04,2023,10,Wednesday,Post-Monsoon,1286995,144.0,46.11,83.7,100.3,76.68,15.55,85.3,47.68,38.9,87.3,0.3,5.0,284475,1052,14.5,13,69,45,11,,,Ground Sensor,Manual Entry
2827,Indore,Madhya Pradesh,Commercial,2022-06-16,2022,6,Thursday,Monsoon,1994397,46.6,25.56,25.4,67.3,48.15,3.15,34.87,15.91,30.2,47.5,12.9,7.5,371483,2172,16.6,5,94,39,26,,,Ground Sensor,Auto
2828,Chennai,Tamil Nadu,Coastal,2023-02-21,2023,2,Tuesday,Winter,7088000,126.8,71.57,77.55,93.92,34.59,9.23,53.23,33.44,25.0,56.1,0.7,0,1793024,5671,31.5,22,394,218,112,,,CPCB,Verified
2829,Pune,Maharashtra,Industrial,2022-11-01,2022,11,Tuesday,Winter,3124458,54.8,17.12,39.75,89.46,32.67,15.44,74.86,24.66,29.2,79.4,14.6,2.8,1088440,6214,11.9,12,115,67,29,,,CPCB,Manual Entry
2830,Ahmedabad,Gujarat,Industrial,2023-07-12,2023,7,Wednesday,Monsoon,5570585,171.1,63.49,150.86,63.11,49.8,4.1,48.53,27.97,24.1,50.2,1.3,37.9,1920776,10346,41.7,14,,198,78,,,State PCB,Auto
2830,Ahmedabad,Gujarat,Industrial,2023-07-12,2023,7,Wednesday,Monsoon,5570585,171.1,63.49,150.86,63.11,49.8,4.1,48.53,27.97,24.1,50.2,1.3,37.9,1920776,10346,41.7,14,,198,78,,,State PCB,Auto
2831,Faridabad,Haryana,Industrial,2022-10-08,2022,10,Saturday,Post-Monsoon,1394000,248.6,127.46,215.39,76.51,39.2,5.88,127.83,30.58,33.2,41.9,13.5,0.1,479470,1012,24.4,22,128,68,30,,,State PCB,Unverified
2832,Bhopal,Madhya Pradesh,Administrative,2022-05-03,2022,5,Tuesday,Summer,1795648,288.1,92.59,167.18,25.31,43.76,16.37,79.25,6.43,25.4,50.5,18.8,5.4,385442,2730,16.5,20,97,40,19,,,Ground Sensor,Manual Entry
2833,Surat,Gujarat,Industrial,2022-09-04,2022,9,Sunday,Monsoon,4467797,89.1,48.19,69.83,28.86,23.06,2.14,102.29,32.62,32.3,71.9,15.7,0,958223,6387,32.5,7,161,86,39,,,CPCB,Manual Entry
2834,Jodhpur,Rajasthan,Tourist,2023-06-15,2023,6,Thursday,Monsoon,1137815,150.0,52.54,132.87,57.85,50.45,2.33,108.04,36.84,41.7,51.0,6.8,0,206416,1281,18.5,15,47,31,9,,,CPCB,Manual Entry
2835,Srinagar,Jammu & Kashmir,Tourist,2022-01-30,2022,1,Sunday,Winter,1180570,242.9,90.2,156.83,99.08,91.16,11.74,27.26,47.95,26.8,54.2,10.8,1.6,297477,1801,30.6,9,117,63,31,,,CPCB,Verified
2836,Vadodara,Gujarat,Industrial,2022-10-07,2022,10,Friday,Post-Monsoon,1670806,142.5,65.81,123.48,131.38,44.26,4.87,99.16,44.87,12.3,49.1,12.1,3.8,466922,3217,25.0,19,100,60,25,,,CPCB,Verified
2837,Faridabad,Haryana,Industrial,2023-01-28,2023,1,Saturday,Winter,1394000,163.0,58.57,81.92,115.67,71.43,2.94,62.96,21.53,34.1,64.1,9.2,1.2,298099,1683,25.3,5,114,46,20,,,CPCB,Unverified
2838,Mumbai,Maharashtra,Industrial,2022-02-23,2022,2,Wednesday,Winter,12478447,143.7,57.24,109.82,16.19,100.06,15.92,78.64,26.92,21.7,100,13.5,0,3496444,20575,15.6,9,519,228,104,,,Satellite,Unverified
2839,Varanasi,Uttar Pradesh,Tourist,2022-08-04,2022,8,Thursday,Monsoon,1198491,19.6,6.9,15.93,83.62,41.84,2.54,20.94,17.22,18.3,23.0,12.0,7.7,297204,730,34.4,3,37,25,10,,,Ground Sensor,Manual Entry
2840,Lucknow,Uttar Pradesh,Administrative,2023-05-24,2023,5,Wednesday,Summer,2815601,241.8,73.41,182.11,73.13,15.48,1.04,116.46,45.56,18.6,59.4,11.0,0.3,707462,3016,12.9,23,162,81,48,,,State PCB,Manual Entry
2841,Varanasi,Uttar Pradesh,Tourist,2023-04-17,2023,4,Monday,Summer,1198491,66.4,30.12,39.01,15.77,11.26,1.72,118.78,34.49,32.1,91.2,10.0,2.0,295533,1463,7.4,10,29,11,4,,,Satellite,Verified
2842,Jodhpur,Rajasthan,Tourist,2022-04-26,2022,4,Tuesday,Summer,1137815,57.3,29.66,46.31,78.32,79.62,5.14,132.75,34.34,36.8,12.5,16.5,0,272737,2009,37.3,3,47,22,11,,,State PCB,Unverified
2843,Srinagar,Jammu & Kashmir,Tourist,2022-05-12,2022,5,Thursday,Summer,1180570,206.8,86.97,154.47,26.8,77.72,2.7,87.28,2.28,30.7,75.6,20.0,1.5,310689,734,14.5,23,85,34,15,,,Satellite,Verified
2844,Coimbatore,Tamil Nadu,Industrial,2023-08-13,2023,8,Sunday,Monsoon,1061447,60.9,33.84,44.0,83.32,39.28,3.36,116.24,30.71,32.3,48.8,5.5,28.8,202618,1925,36.4,12,40,17,9,,,State PCB,Verified
2845,Pune,Maharashtra,Industrial,2023-07-12,2023,7,Wednesday,Monsoon,3124458,139.8,54.21,81.31,18.04,47.1,9.93,49.94,2.83,30.4,62.4,11.6,0,738135,1569,5.1,13,92,40,16,,,Ground Sensor,Unverified
2846,Mumbai,Maharashtra,Industrial,2022-06-23,2022,6,Thursday,Monsoon,12478447,142.3,49.23,72.28,64.83,22.06,4.65,47.55,26.06,29.3,40.5,14.6,19.5,3917916,11212,39.1,3,577,279,106,,,Satellite,Auto
2847,Bangalore,Karnataka,IT Hub,2023-05-15,2023,5,Monday,Summer,8443675,237.8,100.84,120.25,100.02,87.04,8.37,119.38,46.58,23.3,46.7,-4.4,1.8,2151303,9107,14.3,21,953,455,221,,,CPCB,Unverified
2848,Bhopal,Madhya Pradesh,Administrative,2023-01-07,2023,1,Saturday,Winter,1795648,199.1,78.24,162.86,52.22,94.78,1.29,50.5,26.88,17.1,34.7,13.4,3.9,396771,3001,28.4,8,137,73,31,,,Satellite,Verified
2849,Faridabad,Haryana,Industrial,2023-07-04,2023,7,Tuesday,Monsoon,1394000,145.8,74.26,103.97,71.58,53.41,4.36,107.51,25.58,32.1,82.9,10.8,9.9,430875,799,27.2,25,81,34,15,,,CPCB,Manual Entry
2850,Kanpur,Uttar Pradesh,Industrial,2023-08-05,2023,8,Saturday,Monsoon,2920496,,,97.57,23.03,50.76,10.5,87.3,1.73,23.1,35.6,5.7,2.2,956336,3858,19.5,11,121,77,30,,,CPCB,Auto
2851,Coimbatore,Tamil Nadu,Industrial,2023-07-08,2023,7,Saturday,Monsoon,1061447,46.1,23.42,39.74,53.02,16.55,7.2,46.52,35.88,24.6,67.5,11.4,17.2,330114,2053,24.6,17,29,15,5,,,State PCB,Manual Entry
2852,Varanasi,Uttar Pradesh,Tourist,2022-12-19,2022,12,Monday,Winter,1198491,306.4,104.07,187.59,120.05,38.14,19.54,108.68,23.89,10.4,80.1,6.9,0.2,272413,776,33.3,12,93,43,14,,,Ground Sensor,Verified
2853,Patna,Bihar,Administrative,2023-12-14,2023,12,Thursday,Winter,1684222,338.7,151.34,170.0,128.02,78.78,8.53,39.95,25.86,30.3,56.7,10.0,0,519851,1113,35.6,9,195,95,30,,,Satellite,Auto
2853,Patna,Bihar,Administrative,2023-12-14,2023,12,Thursday,Winter,1684222,338.7,151.34,170.0,128.02,78.78,8.53,39.95,25.86,30.3,56.7,10.0,0,519851,1113,35.6,9,195,95,30,,,Satellite,Auto
2854,Delhi,Delhi,Urban,2023-03-11,2023,3,Saturday,Summer,16787941,37.9,20.08,20.2,106.18,20.45,12.21,81.62,8.77,29.0,42.9,13.5,2.3,4197236,19559,28.2,18,904,419,256,,,Ground Sensor,Auto
2855,Rajkot,Gujarat,Industrial,2023-01-15,2023,1,Sunday,Winter,1286995,,,47.88,99.78,93.49,14.1,65.45,29.9,21.8,50.9,13.0,1.6,345802,2391,9.6,17,94,45,21,,,Ground Sensor,Unverified
2856,Pune,Maharashtra,Industrial,2023-05-05,2023,5,Friday,Summer,3124458,120.2,58.76,100.42,42.67,42.2,11.85,119.78,22.7,31.6,96.8,11.9,0,783857,3140,6.9,25,157,91,32,,,CPCB,Unverified
2857,Varanasi,Uttar Pradesh,Tourist,2023-07-06,2023,7,Thursday,Monsoon,1198491,141.1,43.55,87.89,89.59,59.32,3.88,100.23,9.9,40.4,64.8,9.9,5.7,272715,1677,37.8,12,78,48,14,,,CPCB,Manual Entry
2858,Hyderabad,Telangana,IT Hub,2022-03-25,2022,3,Friday,Summer,6809970,248.4,134.98,175.91,52.46,76.02,15.82,64.44,39.16,30.0,45.6,9.4,5.7,1397396,4027,29.2,21,615,380,179,,,CPCB,Manual Entry
2859,Chennai,Tamil Nadu,Coastal,2022-03-03,2022,3,Thursday,Summer,7088000,175.4,56.57,129.28,101.98,56.73,13.12,119.03,36.18,39.5,44.3,10.7,0,1700671,12705,5.4,18,568,250,90,,,CPCB,Manual Entry
2860,Agra,Uttar Pradesh,Tourist,2023-05-06,2023,5,Saturday,Summer,1585704,214.4,89.8,119.45,58.87,56.09,8.41,128.71,3.28,28.8,49.6,14.0,3.5,304169,1885,35.8,25,115,66,29,,,CPCB,Auto
2861,Delhi,Delhi,Urban,2022-02-06,2022,2,Sunday,Winter,16787941,140.0,78.11,92.03,109.67,16.93,15.98,130.53,24.59,32.9,73.9,5.5,0,3468255,27914,8.6,8,1271,727,228,,,Ground Sensor,Verified
2862,Bhopal,Madhya Pradesh,Administrative,2023-06-20,2023,6,Tuesday,Monsoon,1795648,,,60.1,35.96,40.45,4.75,129.92,19.04,28.6,85.4,16.6,1.5,527474,2609,20.0,15,61,24,16,,,Ground Sensor,Unverified
2863,Visakhapatnam,Andhra Pradesh,Coastal,2022-12-25,2022,12,Sunday,Winter,1728128,216.3,114.01,165.25,89.12,39.49,4.16,101.81,4.29,53.4,100,11.8,8.1,332712,2666,16.6,6,174,91,35,,,CPCB,Verified
2864,Rajkot,Gujarat,Industrial,2022-05-25,2022,5,Wednesday,Summer,1286995,,60.01,82.49,17.29,64.96,5.11,60.24,44.31,10.0,51.8,18.2,0,375109,2262,8.6,10,51,29,12,,,State PCB,Unverified
2865,Ghaziabad,Uttar Pradesh,Industrial,2023-05-02,2023,5,Tuesday,Summer,1636068,117.5,37.74,82.85,97.65,18.77,7.93,77.08,39.24,25.9,58.2,23.6,0,489730,1604,16.6,3,80,52,19,,,State PCB,Auto
2866,Mumbai,Maharashtra,Industrial,2022-02-14,2022,2,Monday,Winter,12478447,107.2,43.24,60.24,77.79,43.5,10.62,24.98,28.32,32.7,46.1,7.6,2.1,2861491,7637,10.2,20,795,443,184,,,State PCB,Manual Entry
2867,Surat,Gujarat,Industrial,2022-05-29,2022,5,Sunday,Summer,4467797,,,73.07,130.83,37.13,2.15,82.24,30.43,33.6,45.0,10.1,1.3,869858,2588,28.8,14,268,115,52,,,Ground Sensor,Verified
2868,Jaipur,Rajasthan,Tourist,2022-01-05,2022,1,Wednesday,Winter,3046163,87.0,43.62,61.42,91.93,18.84,14.1,97.5,24.58,33.5,10,12.5,3.2,603589,4265,29.1,19,122,71,20,,,CPCB,Auto
2869,Vadodara,Gujarat,Industrial,2022-12-24,2022,12,Saturday,Winter,1670806,255.5,145.9,227.59,143.36,36.34,13.33,99.81,42.02,20.9,63.7,17.8,9.5,471727,2411,6.4,10,183,79,44,,,State PCB,Unverified
2870,Varanasi,Uttar Pradesh,Tourist,2022-08-03,2022,8,Wednesday,Monsoon,1198491,81.8,38.08,64.0,22.57,24.79,5.36,62.36,25.34,36.1,83.1,10.4,11.9,345677,649,38.5,17,26,14,7,,,Ground Sensor,Auto
2871,Kanpur,Uttar Pradesh,Industrial,2023-03-28,2023,3,Tuesday,Summer,2920496,73.1,37.9,62.54,77.16,69.98,8.07,44.66,1.49,28.2,34.2,4.1,0,590762,5473,18.4,19,152,80,25,,,Ground Sensor,Manual Entry
2872,Indore,Madhya Pradesh,Commercial,2022-11-14,2022,11,Monday,Winter,1994397,180.3,81.19,145.86,131.28,109.28,8.83,131.14,32.31,25.3,63.1,9.0,0,670223,1021,17.0,4,169,71,43,,,CPCB,Verified
2873,Kanpur,Uttar Pradesh,Industrial,2022-07-29,2022,7,Friday,Monsoon,2920496,193.7,58.49,155.14,64.72,15.56,7.66,59.32,27.55,36.8,45.4,5.8,8.0,723113,2666,42.9,12,168,70,43,,,Ground Sensor,Auto
2874,Mumbai,Maharashtra,Industrial,2022-04-11,2022,4,Monday,Summer,12478447,90.2,48.01,71.96,34.99,69.77,8.17,94.19,48.51,35.7,55.8,6.5,5.7,2736762,21515,38.1,9,476,286,100,,,Ground Sensor,Verified
2875,Jaipur,Rajasthan,Tourist,2022-07-08,2022,7,Friday,Monsoon,3046163,52.3,16.03,41.68,63.66,43.72,1.12,140.98,46.14,44.4,69.0,2.7,0,914351,3848,44.3,14,98,60,18,,,Satellite,Unverified
2876,Lucknow,Uttar Pradesh,Administrative,2023-10-27,2023,10,Friday,Post-Monsoon,2815601,127.0,45.06,93.49,95.2,20.19,3.31,72.38,29.55,36.5,86.5,13.7,7.4,935957,4068,26.5,20,125,86,26,,,State PCB,Verified
2877,Varanasi,Uttar Pradesh,Tourist,2022-02-13,2022,2,Sunday,Winter,1198491,264.5,106.02,135.68,45.15,83.93,13.68,130.33,23.62,30.2,49.7,7.9,1.5,268603,856,12.3,13,81,37,24,,,Satellite,Manual Entry
2878,Jodhpur,Rajasthan,Tourist,2023-03-31,2023,3,Friday,Summer,1137815,118.7,43.06,99.56,84.27,27.57,10.75,71.83,27.63,25.4,68.5,10.2,0,365764,1921,43.4,10,59,25,15,,,Satellite,Unverified
2879,Faridabad,Haryana,Industrial,2023-08-09,2023,8,Wednesday,Monsoon,1394000,139.2,75.29,92.28,76.84,29.9,2.13,21.89,4.02,10.4,38.8,14.7,0,393095,1122,8.8,23,73,34,19,,,Ground Sensor,Unverified
2880,Indore,Madhya Pradesh,Commercial,2022-10-17,2022,10,Monday,Post-Monsoon,1994397,115.3,59.41,94.2,24.28,53.84,5.39,84.28,29.41,32.5,61.2,21.4,5.6,457121,2700,17.9,19,69,47,13,,,State PCB,Manual Entry
2880,Indore,Madhya Pradesh,Commercial,2022-10-17,2022,10,Monday,Post-Monsoon,1994397,115.3,59.41,94.2,24.28,53.84,5.39,84.28,29.41,32.5,61.2,21.4,5.6,457121,2700,17.9,19,69,47,13,,,State PCB,Manual Entry
2881,Ghaziabad,Uttar Pradesh,Industrial,2023-12-03,2023,12,Sunday,Winter,1636068,124.7,54.6,98.94,116.3,93.11,9.15,24.07,44.8,29.3,83.3,7.7,0,435162,1602,43.1,5,99,60,25,,,Satellite,Auto
2882,Surat,Gujarat,Industrial,2022-09-24,2022,9,Saturday,Monsoon,4467797,78.6,42.63,60.26,21.81,49.3,9.88,22.87,40.3,27.1,66.8,11.1,11.3,826787,6252,33.5,21,125,68,36,,,Satellite,Auto
2883,Meerut,Uttar Pradesh,Industrial,2023-12-19,2023,12,Tuesday,Winter,1309023,241.0,74.59,203.49,75.66,21.74,17.23,139.22,4.72,19.1,67.0,6.9,0,298350,1727,13.0,21,81,56,23,,,State PCB,Auto
2884,Jodhpur,Rajasthan,Tourist,2022-01-18,2022,1,Tuesday,Winter,1137815,148.4,66.09,101.73,125.89,73.15,9.21,26.65,18.58,17.1,28.4,3.5,2.9,368550,1924,8.8,13,110,52,17,,,State PCB,Unverified
2885,Srinagar,Jammu & Kashmir,Tourist,2022-03-29,2022,3,Tuesday,Summer,1180570,172.6,78.46,127.55,65.32,6.2,7.44,40.27,15.27,27.8,78.4,0.6,6.8,229034,1455,16.3,18,56,22,12,,,State PCB,Verified
2886,Surat,Gujarat,Industrial,2022-02-15,2022,2,Tuesday,Winter,4467797,195.1,115.16,133.1,58.86,66.13,19.74,112.81,6.68,23.8,32.0,8.5,0,1253585,8385,17.6,7,279,122,66,,,Ground Sensor,Manual Entry
2887,Visakhapatnam,Andhra Pradesh,Coastal,2023-10-12,2023,10,Thursday,Post-Monsoon,1728128,192.4,104.99,100.77,32.72,11.47,15.58,97.36,10.32,40.6,59.0,12.3,0.2,325811,1946,13.6,19,100,63,15,,,State PCB,Verified
2888,Pune,Maharashtra,Industrial,2022-09-14,2022,9,Wednesday,Monsoon,3124458,53.0,29.0,36.0,33.8,12.17,9.58,49.05,19.48,,64.4,12.8,0,840977,2373,10.1,13,89,56,13,,,CPCB,Auto
2889,Ghaziabad,Uttar Pradesh,Industrial,2022-06-26,2022,6,Sunday,Monsoon,1636068,91.3,44.05,52.2,72.56,59.66,3.54,99.66,38.42,29.6,60.4,10.5,19.1,314588,1699,39.1,15,72,48,12,,,CPCB,Manual Entry
2890,Ludhiana,Punjab,Industrial,2023-05-12,2023,5,Friday,Summer,1618879,94.9,53.36,51.8,79.73,6.76,5.7,129.79,3.41,36.2,46.0,20.6,0,331714,1165,37.0,15,,36,14,,,CPCB,Auto
2891,Ranchi,Jharkhand,Industrial,2022-02-28,2022,2,Monday,Winter,1073440,184.5,102.11,124.6,108.38,86.97,13.03,21.65,21.36,23.6,56.4,15.8,1.5,261384,1232,9.6,16,100,65,19,,,State PCB,Manual Entry
2892,Amritsar,Punjab,Tourist,2022-10-14,2022,10,Friday,Post-Monsoon,1132761,119.6,68.3,61.2,69.35,35.08,8.54,149.48,26.09,41.2,74.3,15.0,0,306988,1358,31.7,12,79,53,19,,,CPCB,Auto
2893,Amritsar,Punjab,Tourist,2022-10-30,2022,10,Sunday,Post-Monsoon,1132761,191.4,65.76,104.46,12.17,23.28,17.89,80.97,11.46,27.0,61.5,10.8,3.4,250492,981,30.5,4,46,19,8,,,CPCB,Auto
2894,Coimbatore,Tamil Nadu,Industrial,2022-08-06,2022,8,Saturday,Monsoon,1061447,90.3,40.92,52.08,79.88,7.73,5.93,73.36,1.57,21.0,91.3,13.5,14.2,200226,862,12.8,15,56,38,10,,,Satellite,Auto
2895,Bangalore,Karnataka,IT Hub,2022-02-23,2022,2,Wednesday,Winter,8443675,220.9,111.32,128.26,24.95,94.94,16.17,73.67,43.24,23.8,66.5,12.9,8.7,2035028,5901,20.1,5,549,223,90,,,State PCB,Verified
2896,Faridabad,Haryana,Industrial,2023-11-19,2023,11,Sunday,Winter,1394000,199.9,94.81,160.79,38.28,29.17,19.48,20.99,18.36,36.4,60.7,6.4,7.9,407846,1997,37.9,5,70,47,12,,,CPCB,Unverified
2897,Visakhapatnam,Andhra Pradesh,Coastal,2023-10-06,2023,10,Friday,Post-Monsoon,1728128,211.6,63.93,187.91,118.74,56.72,2.07,81.08,2.41,17.1,46.1,14.7,5.3,500955,2907,18.2,23,128,64,28,,,Ground Sensor,Auto
2898,Kolkata,West Bengal,Urban,2022-06-08,2022,6,Wednesday,Monsoon,4496694,137.0,70.48,109.15,89.47,18.27,1.55,128.96,18.64,32.2,49.1,26.2,22.3,1491569,4514,42.6,5,338,196,60,,,CPCB,Verified
2899,Faridabad,Haryana,Industrial,2022-04-08,2022,4,Friday,Summer,1394000,39.5,23.21,29.45,55.29,46.92,11.2,61.19,46.49,24.4,77.7,18.4,1.9,416319,2697,9.3,11,60,40,9,,,Satellite,Unverified
2900,Bhopal,Madhya Pradesh,Administrative,2022-11-15,2022,11,Tuesday,Winter,1795648,298.9,121.57,179.49,57.09,29.16,13.56,94.75,12.65,32.4,68.2,6.2,6.5,401138,1397,23.0,23,140,73,25,,,CPCB,Manual Entry
2901,Kolkata,West Bengal,Urban,2022-03-13,2022,3,Sunday,Summer,4496694,202.4,73.96,156.46,115.56,81.29,1.88,125.01,42.09,35.1,86.5,14.7,0.9,1232143,7501,26.7,18,352,149,100,,,State PCB,Unverified
2902,Ahmedabad,Gujarat,Industrial,2022-05-03,2022,5,Tuesday,Summer,5570585,76.1,45.16,66.86,102.54,19.63,8.25,83.82,10.79,24.5,64.2,11.3,0,1906738,7259,43.0,7,274,153,53,,,Ground Sensor,Manual Entry
2903,Visakhapatnam,Andhra Pradesh,Coastal,2022-04-19,2022,4,Tuesday,Summer,1728128,153.7,71.98,88.5,68.94,51.17,12.78,37.53,24.47,24.3,95.6,3.3,0.7,531691,2289,32.6,24,88,39,14,,,Ground Sensor,Unverified
2904,Indore,Madhya Pradesh,Commercial,2023-12-20,2023,12,Wednesday,Winter,1994397,171.1,82.75,142.31,22.17,72.09,3.13,35.79,7.76,23.4,97.4,18.3,5.4,460715,1863,37.1,10,134,75,33,,,CPCB,Manual Entry
2905,Bangalore,Karnataka,IT Hub,2022-05-01,2022,5,Sunday,Summer,8443675,119.5,61.85,81.86,11.45,9.34,15.18,93.46,24.67,38.7,51.2,8.3,2.4,1698757,5864,38.2,17,242,165,69,,,Ground Sensor,Auto
2906,Patna,Bihar,Administrative,2023-05-17,2023,5,Wednesday,Summer,1684222,243.0,77.73,160.6,130.92,9.69,4.8,63.98,27.92,13.7,45.8,3.0,0,528296,2866,41.1,22,113,49,22,,,Ground Sensor,Manual Entry
2907,Ranchi,Jharkhand,Industrial,2022-12-29,2022,12,Thursday,Winter,1073440,165.5,60.67,110.72,166.29,85.5,7.12,42.38,17.16,35.4,97.9,1.6,5.9,364883,918,15.8,25,83,42,16,,,State PCB,Unverified
